patient_id,age,pin_code,n_chronic_meds,distance_km,copay_rs,sms_reminder,prior_gap
R2001,53,524003,3,9.9,50,0,0
R2002,56,524003,2,2.5,50,1,0
R2003,54,524003,2,2.7,0,0,1
R2004,48,524137,7,9.2,300,0,1
R2005,60,524004,3,2.7,0,0,0
R2006,49,524002,3,6.7,150,0,0
R2007,54,524001,6,2.6,0,1,0
R2008,54,524137,3,3.9,150,0,0
R2009,71,524002,4,4.9,50,1,0
R2010,43,524137,4,10.1,0,1,0
R2011,44,524201,2,5.7,300,0,0
R2012,55,524101,3,11.4,0,1,0
R2013,44,524004,3,10.6,0,1,0
R2014,61,524121,2,3.4,50,0,0
R2015,63,524137,1,0.9,0,1,0
R2016,54,524121,4,9.1,50,0,1
R2017,42,524004,5,4.0,0,0,0
R2018,60,524004,1,14.0,0,0,1
R2019,63,524003,4,11.7,50,1,0
R2020,51,524003,4,10.8,150,1,0
R2021,48,524002,3,1.8,150,1,0
R2022,52,524002,3,3.9,300,1,0
R2023,60,524002,4,0.9,50,1,0
R2024,50,524201,4,5.8,0,1,1
R2025,45,524121,3,8.0,0,0,0
R2026,49,524002,3,2.0,0,0,1
R2027,40,524101,7,9.1,50,0,0
R2028,62,524101,4,8.4,150,0,0
R2029,56,524201,3,2.0,50,1,0
R2030,73,524003,4,4.8,150,1,0
R2031,43,524101,5,1.9,50,0,0
R2032,47,524121,5,4.5,0,0,0
R2033,73,524001,5,2.7,50,0,0
R2034,53,524004,2,1.8,0,1,0
R2035,58,524121,3,6.3,300,1,1
R2036,66,524004,6,11.2,0,0,0
R2037,63,524003,4,4.9,300,1,0
R2038,50,524101,2,8.0,0,1,0
R2039,58,524101,3,11.0,0,0,1
R2040,46,524004,2,2.1,150,1,0
R2041,54,524004,3,10.0,150,0,0
R2042,50,524002,1,3.2,150,1,0
R2043,48,524201,6,21.2,0,0,1
R2044,88,524004,4,2.3,150,1,0
R2045,56,524101,5,1.3,150,0,1
R2046,47,524101,4,12.2,50,0,1
R2047,62,524003,3,4.7,0,1,0
R2048,50,524201,5,4.1,50,0,0
R2049,47,524003,4,3.3,50,0,1
R2050,71,524001,3,4.0,0,1,0
R2051,65,524121,5,1.7,150,0,1
R2052,54,524101,3,4.7,50,1,1
R2053,49,524121,8,1.3,50,0,0
R2054,69,524101,3,7.0,50,1,0
R2055,56,524003,7,9.8,300,1,0
R2056,51,524101,3,6.4,300,0,0
R2057,74,524201,3,7.8,50,1,0
R2058,48,524004,4,12.0,150,1,1
R2059,70,524137,4,3.7,0,1,1
R2060,59,524137,5,7.8,150,1,0
R2061,54,524004,4,14.5,0,1,1
R2062,68,524001,2,7.9,0,0,0
R2063,58,524004,4,7.0,300,1,0
R2064,72,524201,3,8.5,50,1,1
R2065,60,524101,2,12.9,150,0,0
R2066,62,524001,5,9.4,0,1,0
R2067,71,524002,5,4.0,0,0,0
R2068,66,524002,2,0.8,150,0,0
R2069,39,524002,4,5.7,300,0,1
R2070,57,524004,5,5.7,50,1,1
R2071,41,524137,3,4.1,50,0,0
R2072,70,524121,4,15.0,50,1,0
R2073,60,524002,2,11.9,0,1,0
R2074,51,524001,4,3.5,0,1,0
R2075,44,524121,5,1.9,150,0,0
R2076,27,524201,2,5.4,0,0,0
R2077,53,524121,4,3.4,50,0,1
R2078,52,524121,6,8.7,300,0,0
R2079,41,524002,7,16.2,300,1,0
R2080,46,524004,3,8.0,50,0,0
R2081,61,524201,4,0.9,150,0,0
R2082,81,524121,3,2.3,0,1,1
R2083,40,524001,2,10.5,300,1,0
R2084,82,524121,5,5.6,150,0,0
R2085,42,524137,4,7.3,150,1,0
R2086,56,524121,3,2.8,0,1,0
R2087,55,524003,2,4.4,150,0,0
R2088,59,524201,3,3.4,50,1,1
R2089,53,524201,4,7.6,0,1,1
R2090,47,524137,5,3.1,50,1,0
R2091,56,524137,4,11.7,150,0,0
R2092,68,524201,4,3.0,150,0,0
R2093,36,524121,3,13.0,50,0,0
R2094,55,524101,6,3.1,0,0,0
R2095,57,524121,7,2.0,50,0,0
R2096,72,524001,4,5.8,0,0,0
R2097,51,524004,5,9.6,0,1,0
R2098,66,524201,3,4.2,150,0,0
R2099,69,524201,3,9.5,0,1,0
R2100,75,524004,3,5.5,0,1,0
R2101,64,524003,4,3.5,300,0,1
R2102,53,524004,4,10.5,150,1,0
R2103,50,524004,5,11.0,0,0,0
R2104,58,524201,3,5.0,0,1,0
R2105,36,524121,6,1.7,300,1,0
R2106,58,524001,8,3.6,50,1,0
R2107,40,524137,5,3.8,50,1,0
R2108,54,524121,9,9.6,50,0,0
R2109,55,524121,4,5.5,50,1,0
R2110,86,524201,2,2.6,0,0,1
R2111,55,524004,4,0.9,50,1,0
R2112,57,524003,9,4.4,50,0,0
R2113,31,524004,3,0.4,0,0,0
R2114,55,524137,2,2.8,50,0,0
R2115,31,524137,6,11.6,150,1,0
R2116,50,524137,6,4.1,0,1,0
R2117,63,524004,2,3.2,50,1,1
R2118,64,524201,4,0.8,50,1,0
R2119,35,524001,2,5.8,0,1,0
R2120,59,524137,7,2.8,0,1,0
R2121,71,524001,3,4.8,150,0,0
R2122,49,524101,3,4.5,300,0,0
R2123,69,524001,7,0.7,150,0,0
R2124,52,524201,4,8.8,300,0,0
R2125,69,524001,1,1.5,50,0,0
R2126,33,524121,8,9.5,50,0,0
R2127,57,524001,2,13.8,50,0,0
R2128,66,524137,4,5.8,150,0,1
R2129,61,524001,3,7.1,0,0,0
R2130,60,524101,3,6.8,50,0,1
R2131,56,524001,5,6.1,300,1,0
R2132,55,524004,2,5.0,0,1,1
R2133,70,524001,3,11.0,300,0,0
R2134,48,524003,4,2.7,50,1,0
R2135,47,524101,4,13.3,300,1,1
R2136,66,524001,4,6.4,50,1,1
R2137,56,524137,2,18.1,50,0,0
R2138,68,524004,4,1.5,0,0,0
R2139,79,524121,4,5.8,50,1,1
R2140,62,524101,2,3.5,150,0,0
R2141,61,524121,6,4.5,150,0,0
R2142,56,524004,5,3.6,150,1,0
R2143,76,524137,2,6.8,50,0,0
R2144,48,524004,4,15.8,0,0,1
R2145,35,524137,2,6.0,150,0,0
R2146,62,524004,4,12.4,50,0,0
R2147,71,524002,2,2.6,150,0,0
R2148,56,524001,2,10.8,150,0,0
R2149,66,524003,5,1.4,0,1,1
R2150,65,524003,7,13.4,150,1,0
R2151,42,524004,2,0.7,50,1,0
R2152,77,524002,6,4.3,150,1,0
R2153,37,524137,1,4.7,150,1,0
R2154,69,524002,4,6.0,150,1,1
R2155,55,524101,3,9.2,50,1,1
R2156,62,524121,2,9.4,0,0,1
R2157,59,524101,2,3.8,150,1,0
R2158,61,524137,6,8.9,50,1,0
R2159,46,524004,7,6.8,150,0,1
R2160,52,524101,3,1.2,0,0,0
R2161,49,524201,4,0.1,50,0,1
R2162,53,524001,5,25.5,300,0,0
R2163,59,524002,2,7.5,50,1,0
R2164,30,524201,3,8.5,50,1,0
R2165,83,524001,5,9.3,50,1,1
R2166,58,524001,3,2.7,150,1,0
R2167,55,524137,2,3.3,0,1,0
R2168,56,524003,3,3.3,150,1,0
R2169,52,524004,6,7.9,300,0,0
R2170,26,524137,5,6.4,50,0,0
R2171,58,524201,6,8.0,0,0,0
R2172,88,524137,2,4.1,150,0,0
R2173,68,524201,4,4.1,0,0,1
R2174,82,524137,3,13.6,0,1,0
R2175,40,524101,3,4.2,150,1,0
R2176,65,524004,4,4.5,50,1,0
R2177,56,524201,4,7.9,0,1,1
R2178,79,524004,5,0.8,300,0,0
R2179,42,524121,1,5.2,0,0,0
R2180,66,524121,3,1.2,0,1,0
R2181,42,524002,6,5.2,300,1,1
R2182,47,524003,2,3.3,150,1,1
R2183,88,524201,2,4.5,0,1,0
R2184,63,524003,3,13.3,0,1,0
R2185,59,524001,4,8.9,0,0,0
R2186,37,524004,4,10.5,0,1,0
R2187,39,524004,3,2.5,50,1,1
R2188,55,524201,6,7.8,0,0,1
R2189,72,524201,3,4.0,0,1,0
R2190,84,524003,2,5.6,0,1,0
R2191,58,524137,4,2.9,50,0,0
R2192,54,524137,2,1.5,0,0,0
R2193,48,524101,5,15.0,50,1,1
R2194,62,524201,5,15.9,0,0,0
R2195,46,524004,4,3.0,300,1,0
R2196,54,524101,3,5.9,150,1,0
R2197,42,524121,7,5.5,0,0,0
R2198,54,524101,2,10.3,150,1,0
R2199,76,524001,3,9.2,50,0,0
R2200,47,524201,1,2.3,50,0,1
R2201,81,524003,6,3.6,50,1,0
R2202,60,524101,4,1.0,0,0,1
R2203,72,524137,5,5.0,300,1,0
R2204,47,524101,4,3.1,300,0,0
R2205,29,524137,8,2.1,300,0,1
R2206,57,524201,7,6.5,50,0,0
R2207,61,524137,6,4.3,300,0,0
R2208,39,524001,3,2.9,0,0,1
R2209,67,524001,4,6.1,50,0,1
R2210,69,524001,6,5.1,50,0,0
R2211,51,524004,4,15.1,0,0,0
R2212,50,524001,2,16.0,0,1,0
R2213,59,524137,3,2.8,50,1,0
R2214,47,524002,2,6.0,0,0,0
R2215,70,524137,6,7.6,150,0,0
R2216,63,524137,6,5.6,50,0,0
R2217,74,524002,6,1.6,0,0,1
R2218,60,524137,6,20.8,300,1,1
R2219,63,524201,3,2.8,0,0,1
R2220,73,524003,4,8.1,50,0,0
R2221,57,524121,3,16.3,0,0,0
R2222,63,524003,7,7.4,150,0,0
R2223,58,524121,5,3.0,50,1,0
R2224,65,524004,1,9.3,0,0,0
R2225,55,524002,2,5.4,0,0,1
R2226,55,524137,4,4.9,0,1,0
R2227,69,524101,3,8.9,150,0,1
R2228,61,524121,6,9.7,50,0,1
R2229,57,524004,1,0.6,300,1,0
R2230,53,524003,1,8.5,50,1,0
R2231,32,524121,4,2.5,50,1,1
R2232,42,524004,3,4.7,50,1,0
R2233,38,524101,5,0.5,0,1,0
R2234,52,524201,9,6.1,300,1,0
R2235,66,524137,6,14.6,50,1,1
R2236,79,524001,3,1.1,150,0,0
R2237,66,524201,3,6.2,150,0,0
R2238,59,524201,5,5.3,50,0,0
R2239,62,524003,5,9.5,300,1,0
R2240,62,524121,2,6.5,50,1,0
R2241,73,524201,3,5.3,0,1,1
R2242,45,524101,3,0.8,150,1,0
R2243,56,524137,3,4.5,0,0,1
R2244,57,524004,5,8.4,150,0,0
R2245,46,524002,4,0.8,150,1,0
R2246,39,524004,4,3.7,0,0,1
R2247,72,524201,4,8.5,50,1,0
R2248,49,524004,1,2.3,150,1,0
R2249,51,524004,5,4.9,300,1,1
R2250,48,524003,2,6.0,300,0,1
R2251,45,524002,7,10.7,50,0,0
R2252,49,524001,3,0.8,50,1,0
R2253,47,524002,5,4.0,300,1,1
R2254,42,524101,5,2.7,50,1,0
R2255,59,524201,2,8.1,0,1,1
R2256,42,524121,1,5.5,50,0,0
R2257,40,524137,3,9.2,50,1,0
R2258,63,524101,3,2.8,150,0,0
R2259,53,524121,1,4.3,50,0,0
R2260,48,524137,4,7.9,150,1,0
R2261,56,524121,6,4.4,300,1,1
R2262,76,524001,8,3.1,150,0,0
R2263,55,524001,4,11.3,50,0,0
R2264,70,524001,5,2.8,300,1,0
R2265,51,524003,6,13.2,0,0,0
R2266,53,524137,4,2.7,0,0,0
R2267,58,524121,4,14.2,50,0,1
R2268,59,524137,2,2.5,50,0,0
R2269,80,524004,3,1.6,50,0,0
R2270,64,524002,6,12.6,150,0,0
R2271,48,524137,5,3.7,50,0,0
R2272,51,524004,6,2.6,50,0,0
R2273,49,524137,3,1.2,150,0,1
R2274,64,524137,2,4.8,0,0,0
R2275,48,524003,3,1.5,150,0,1
R2276,72,524003,5,6.4,0,1,0
R2277,30,524121,6,4.4,0,0,0
R2278,87,524137,7,4.1,0,0,0
R2279,61,524004,3,3.9,150,0,1
R2280,76,524003,8,5.0,150,1,1
R2281,56,524137,5,26.7,0,1,0
R2282,55,524004,8,4.9,50,1,0
R2283,64,524003,3,14.0,50,0,1
R2284,54,524001,1,3.8,300,0,0
R2285,58,524201,5,2.2,300,1,0
R2286,49,524121,7,4.8,0,0,0
R2287,49,524101,1,3.7,0,1,1
R2288,74,524201,4,7.2,0,0,0
R2289,47,524121,5,4.8,50,0,0
R2290,47,524003,5,18.0,50,0,0
R2291,53,524101,3,1.9,150,0,1
R2292,69,524001,10,1.3,300,1,1
R2293,63,524003,4,14.8,300,1,1
R2294,67,524001,3,4.1,0,0,0
R2295,58,524004,4,3.7,50,1,0
R2296,52,524137,3,5.8,0,1,0
R2297,52,524001,4,3.8,150,0,0
R2298,62,524201,2,9.1,0,1,0
R2299,53,524137,3,1.7,50,1,0
R2300,46,524004,2,5.9,50,0,0
R2301,78,524137,6,7.0,150,0,1
R2302,66,524001,3,3.4,0,0,0
R2303,68,524002,3,8.4,50,1,1
R2304,49,524003,3,2.5,150,0,0
R2305,39,524137,5,5.0,300,1,1
R2306,74,524137,3,2.7,300,1,0
R2307,71,524003,2,1.1,50,1,1
R2308,45,524137,4,3.4,50,1,0
R2309,60,524001,3,6.2,50,1,1
R2310,37,524002,7,7.8,0,0,0
R2311,65,524002,3,5.8,50,0,0
R2312,47,524003,6,3.3,0,0,0
R2313,46,524121,4,4.9,0,0,1
R2314,74,524101,5,3.3,0,0,1
R2315,52,524201,2,4.4,300,1,0
R2316,76,524201,5,3.4,150,0,0
R2317,37,524201,4,12.1,0,1,1
R2318,59,524137,3,1.1,150,0,0
R2319,49,524101,5,1.4,0,1,0
R2320,69,524101,3,1.2,50,1,0
R2321,25,524002,4,14.4,50,1,0
R2322,50,524003,2,2.4,0,0,0
R2323,34,524003,4,4.2,0,0,0
R2324,78,524201,1,6.7,50,0,0
R2325,57,524002,5,3.8,50,0,0
R2326,42,524001,4,8.9,150,0,1
R2327,46,524201,2,5.1,50,1,1
R2328,49,524004,2,2.4,50,0,0
R2329,62,524001,4,10.3,150,0,0
R2330,71,524121,4,5.4,50,1,0
R2331,57,524101,5,7.0,0,1,0
R2332,70,524121,4,9.6,300,0,0
R2333,64,524121,5,1.2,150,1,0
R2334,64,524201,5,0.5,0,0,0
R2335,42,524121,1,11.8,150,0,0
R2336,58,524121,6,11.2,50,1,0
R2337,42,524003,3,1.0,50,1,0
R2338,33,524201,1,4.6,50,0,1
R2339,54,524004,5,14.2,50,0,0
R2340,68,524002,3,14.0,150,1,0
R2341,49,524121,5,18.5,0,0,0
R2342,67,524004,9,6.3,300,1,0
R2343,51,524121,4,1.9,0,1,1
R2344,76,524004,3,6.6,150,1,0
R2345,68,524121,5,7.3,150,0,0
R2346,62,524001,2,0.5,0,0,0
R2347,65,524002,4,18.8,300,1,0
R2348,70,524201,6,11.0,50,0,1
R2349,44,524001,3,2.5,50,1,1
R2350,46,524137,3,5.4,50,1,1
R2351,71,524101,5,4.5,150,0,0
R2352,61,524004,4,5.2,0,1,0
R2353,53,524201,5,3.3,0,1,0
R2354,70,524002,5,2.4,50,0,0
R2355,68,524101,2,7.0,50,1,1
R2356,72,524201,4,9.0,50,0,0
R2357,47,524004,2,6.6,0,0,0
R2358,40,524004,3,2.8,150,1,0
R2359,63,524201,6,0.8,0,1,0
R2360,37,524002,4,6.5,150,1,0
R2361,49,524137,5,7.9,50,0,0
R2362,59,524121,4,7.9,150,1,0
R2363,58,524101,5,7.3,150,0,0
R2364,70,524002,2,2.5,150,1,0
R2365,46,524137,4,8.1,0,1,0
R2366,67,524004,3,4.3,50,1,0
R2367,54,524101,7,2.5,300,0,0
R2368,62,524137,5,5.6,0,1,0
R2369,40,524137,4,1.3,150,1,1
R2370,63,524004,4,1.5,150,0,0
R2371,50,524201,4,1.1,300,1,0
R2372,36,524002,2,7.3,300,0,0
R2373,59,524001,4,3.3,0,1,0
R2374,25,524001,4,3.6,50,0,1
R2375,66,524004,2,3.5,300,0,1
R2376,55,524121,2,0.9,0,1,0
R2377,75,524201,5,4.9,50,1,1
R2378,54,524121,4,2.1,0,0,0
R2379,54,524002,6,12.0,50,1,0
R2380,63,524004,4,3.0,150,0,0
R2381,70,524003,4,9.4,300,1,1
R2382,48,524001,4,3.1,50,0,0
R2383,49,524121,4,2.8,50,0,1
R2384,45,524101,4,1.9,50,1,1
R2385,85,524137,6,5.7,0,0,0
R2386,56,524001,3,2.7,300,0,0
R2387,60,524003,3,4.4,0,0,1
R2388,62,524137,2,7.4,300,0,1
R2389,69,524002,1,7.6,0,0,1
R2390,63,524201,4,4.1,0,0,0
R2391,48,524002,2,6.9,150,1,0
R2392,49,524137,4,5.9,300,0,1
R2393,42,524201,6,1.6,150,0,0
R2394,69,524003,4,2.9,150,1,0
R2395,75,524101,5,5.5,0,1,0
R2396,61,524137,2,6.0,150,0,0
R2397,29,524137,7,5.7,300,1,0
R2398,63,524137,3,10.2,150,1,1
R2399,56,524101,3,0.8,0,0,0
R2400,53,524201,4,6.9,0,1,0
R2401,56,524004,4,4.1,0,1,1
R2402,54,524002,5,3.6,150,0,0
R2403,67,524003,2,2.7,0,1,0
R2404,68,524003,4,9.0,0,1,0
R2405,61,524003,2,4.3,150,0,0
R2406,62,524003,2,6.8,50,1,0
R2407,59,524003,8,2.9,0,0,0
R2408,50,524101,2,11.1,150,0,1
R2409,45,524001,7,6.1,0,1,0
R2410,54,524003,6,7.7,0,0,0
R2411,66,524002,3,18.4,50,1,0
R2412,64,524003,6,3.1,0,0,1
R2413,60,524004,2,6.3,50,0,1
R2414,62,524002,1,2.0,0,1,1
R2415,37,524137,3,14.3,150,1,1
R2416,61,524003,4,8.6,0,1,1
R2417,57,524004,4,1.5,150,1,0
R2418,43,524001,7,0.3,50,1,0
R2419,61,524201,1,1.8,150,0,0
R2420,50,524121,3,8.2,150,0,0
R2421,65,524002,3,2.7,300,0,1
R2422,41,524201,2,3.4,50,0,0
R2423,54,524101,3,2.5,50,1,1
R2424,72,524001,2,7.5,150,1,0
R2425,60,524003,3,6.3,0,1,0
R2426,70,524201,1,7.2,150,1,0
R2427,88,524137,3,9.8,50,1,1
R2428,51,524002,5,0.4,50,1,0
R2429,71,524003,9,1.9,0,1,0
R2430,40,524137,5,11.3,0,0,0
R2431,66,524121,4,1.8,300,1,1
R2432,51,524003,4,4.8,0,0,0
R2433,58,524003,8,2.6,0,1,0
R2434,37,524001,5,2.9,0,0,0
R2435,81,524002,3,0.9,50,1,0
R2436,60,524137,1,3.9,50,0,0
R2437,79,524002,2,4.3,150,0,0
R2438,53,524101,3,5.8,0,0,0
R2439,75,524003,3,8.3,150,1,0
R2440,55,524101,1,14.5,150,0,0
R2441,77,524121,6,5.4,0,0,0
R2442,46,524101,4,2.1,150,0,1
R2443,54,524137,4,6.9,0,0,0
R2444,51,524101,5,3.8,0,1,0
R2445,47,524121,3,2.2,50,1,1
R2446,63,524002,7,3.4,150,0,0
R2447,41,524121,3,11.4,0,0,1
R2448,62,524003,5,2.3,150,1,0
R2449,54,524004,3,1.2,300,1,0
R2450,58,524101,5,2.6,50,0,0
R2451,57,524002,4,9.2,0,1,0
R2452,43,524002,3,10.3,0,0,0
R2453,27,524137,3,3.2,150,1,0
R2454,71,524101,3,6.3,0,1,1
R2455,51,524004,6,4.7,0,0,0
R2456,73,524121,4,4.3,0,0,0
R2457,31,524004,5,2.8,0,0,0
R2458,64,524137,3,9.7,50,1,1
R2459,48,524137,6,7.5,300,1,0
R2460,56,524002,5,5.0,0,0,0
R2461,43,524101,3,1.5,150,0,0
R2462,68,524002,5,0.9,0,0,1
R2463,46,524101,2,9.2,0,0,0
R2464,61,524121,4,12.1,0,0,0
R2465,59,524121,2,4.1,0,0,1
R2466,57,524004,7,3.8,50,1,1
R2467,63,524101,2,10.1,150,1,0
R2468,49,524201,5,2.9,0,0,0
R2469,67,524002,2,4.0,50,1,1
R2470,72,524002,5,4.5,50,1,0
R2471,48,524121,7,3.5,300,0,0
R2472,61,524201,4,2.4,300,1,0
R2473,34,524003,3,5.2,0,1,0
R2474,42,524004,4,8.1,50,1,0
R2475,54,524101,2,16.6,0,1,0
R2476,60,524201,3,11.1,300,0,0
R2477,74,524137,7,2.5,50,0,0
R2478,59,524101,1,4.5,150,0,1
R2479,64,524121,2,3.2,150,0,0
R2480,46,524137,5,2.4,50,1,0
R2481,47,524002,7,1.5,150,0,0
R2482,58,524201,3,13.5,50,0,0
R2483,47,524201,5,10.9,150,1,1
R2484,65,524003,4,2.3,50,1,0
R2485,55,524003,3,9.3,150,0,0
R2486,51,524101,2,6.3,150,0,0
R2487,59,524002,4,0.4,50,0,1
R2488,49,524001,1,12.2,0,0,1
R2489,60,524003,5,1.9,0,0,1
R2490,53,524201,3,3.7,0,0,0
R2491,38,524003,5,10.8,300,0,0
R2492,44,524201,5,9.0,0,0,1
R2493,49,524101,5,6.9,0,0,0
R2494,60,524121,2,9.3,300,0,1
R2495,74,524201,3,6.5,0,1,0
R2496,66,524121,5,7.7,150,1,0
R2497,39,524101,3,1.3,300,0,0
R2498,45,524121,4,1.3,0,0,1
R2499,52,524101,2,3.3,0,1,0
R2500,64,524121,3,5.7,0,0,0
