patient_id,admission_date,site,age,sex,weight_kg,egfr,num_drugs,on_anticoagulant,prior_adr,liver_disease,antidote_given,adr
P10001,2022-01-01,B,42,M,49.9,97.0,3,0,0,0,0,0
P10002,2022-01-04,B,30,M,64.1,109.0,0,0,0,0,0,0
P10003,2022-01-05,B,58,F,65.0,92.0,1,1,0,0,1,1
P10004,2022-01-08,A,41,M,64.3,118.0,3,1,1,0,0,0
P10005,2022-01-08,A,44,M,65.4,103.0,5,0,0,0,0,0
P10006,2022-01-08,A,71,F,52.4,70.0,3,0,0,0,1,1
P10007,2022-01-09,A,60,F,52.9,,4,1,1,0,0,0
P10008,2022-01-10,B,47,F,76.8,104.0,4,0,0,0,0,0
P10009,2022-01-11,C,62,F,72.2,55.0,3,0,1,1,1,0
P10010,2022-01-15,A,67,M,64.4,69.0,2,0,1,0,1,1
P10011,2022-01-17,B,57,M,67.0,37.0,4,0,0,0,0,0
P10012,2022-01-19,A,55,M,89.4,109.0,5,0,0,0,0,0
P10013,2022-01-20,A,71,M,59.9,84.0,5,0,0,0,0,0
P10014,2022-01-20,C,56,F,60.7,98.0,7,0,0,0,0,0
P10015,2022-01-20,A,82,M,74.8,72.0,5,0,0,0,1,1
P10016,2022-01-21,B,32,M,64.5,94.0,2,0,1,0,0,0
P10017,2022-01-22,A,71,M,59.0,79.0,5,0,0,0,0,0
P10018,2022-01-22,A,56,M,65.3,79.0,2,0,0,0,0,0
P10019,2022-01-23,B,38,M,67.3,104.0,3,0,1,0,0,0
P10020,2022-01-23,C,63,M,45.3,82.0,5,0,0,0,0,0
P10021,2022-01-24,B,53,M,75.7,102.0,1,1,0,1,0,0
P10023,2022-01-26,B,59,M,67.1,91.0,3,0,0,0,1,0
P10022,2022-01-26,A,77,F,35.0,49.0,9,1,1,0,1,1
P10024,2022-01-27,A,77,F,64.3,59.0,14,0,1,0,1,1
P10025,2022-01-27,B,62,M,86.7,72.0,2,0,0,0,0,0
P10026,2022-01-29,A,50,M,78.4,89.0,2,0,0,0,0,0
P10027,2022-01-29,B,51,M,43.6,74.0,6,1,0,0,0,0
P10028,2022-02-01,A,58,M,85.5,77.0,3,1,0,0,0,0
P10029,2022-02-02,A,76,M,51.1,54.0,3,0,0,0,0,0
P10030,2022-02-03,A,38,F,53.0,94.0,4,0,0,0,0,0
P10032,2022-02-04,B,53,M,78.0,74.0,10,0,0,0,0,0
P10031,2022-02-04,A,67,M,57.4,85.0,5,0,1,0,1,1
P10033,2022-02-04,A,28,F,51.6,131.0,2,0,0,0,0,0
P10035,2022-02-05,C,56,M,65.8,75.0,3,0,0,0,0,0
P10034,2022-02-05,B,48,F,46.8,94.0,1,0,0,0,0,0
P10036,2022-02-10,A,42,M,76.5,93.0,2,0,0,0,0,0
P10037,2022-02-10,B,63,M,57.3,93.0,2,0,0,0,0,0
P10038,2022-02-10,B,24,F,43.5,135.0,2,0,0,0,0,0
P10039,2022-02-11,C,55,F,74.3,95.0,2,0,0,0,0,0
P10040,2022-02-11,B,40,M,54.9,81.0,3,0,0,1,0,0
P10041,2022-02-13,C,29,M,63.2,124.0,2,0,0,0,0,0
P10042,2022-02-13,C,34,M,69.4,105.0,3,0,0,0,0,0
P10044,2022-02-15,C,44,F,79.2,110.0,2,0,0,0,0,0
P10043,2022-02-15,A,82,M,64.1,64.0,8,0,0,0,0,0
P10047,2022-02-17,B,64,F,50.7,111.0,6,0,0,0,0,0
P10046,2022-02-17,B,57,M,59.7,86.0,4,0,0,0,0,0
P10045,2022-02-17,A,45,F,49.1,106.0,2,0,0,0,0,0
P10048,2022-02-18,A,30,M,69.4,126.0,5,0,1,0,1,0
P10049,2022-02-19,A,59,M,76.6,104.0,2,0,0,0,0,0
P10050,2022-02-20,B,55,M,74.5,76.0,4,1,0,0,0,0
P10051,2022-02-24,B,34,F,53.5,116.0,2,0,0,0,0,0
P10052,2022-02-24,B,52,M,82.1,87.0,3,1,0,0,0,0
P10053,2022-02-26,B,55,F,77.1,74.0,3,1,0,0,0,0
P10054,2022-03-01,A,59,M,93.7,84.0,3,0,0,0,0,0
P10055,2022-03-01,A,59,F,50.0,70.0,3,1,1,0,0,0
P10056,2022-03-02,B,41,M,95.0,115.0,5,0,0,0,0,0
P10057,2022-03-03,B,64,M,66.7,100.0,4,1,0,0,0,0
P10058,2022-03-04,B,43,M,81.4,118.0,1,0,0,0,1,0
P10059,2022-03-04,A,67,M,77.0,73.0,2,0,0,0,0,0
P10060,2022-03-05,A,25,F,35.6,135.0,0,0,1,0,0,0
P10061,2022-03-06,C,60,M,65.1,95.0,3,0,0,0,0,0
P10062,2022-03-06,B,49,F,52.5,113.0,2,1,1,0,1,1
P10063,2022-03-07,B,47,M,52.0,102.0,6,0,1,0,0,0
P10064,2022-03-08,B,60,M,61.8,107.0,6,0,0,0,0,0
P10065,2022-03-08,A,58,M,86.7,116.0,4,1,0,0,0,0
P10066,2022-03-09,C,48,M,76.1,95.0,7,0,0,0,0,0
P10068,2022-03-11,A,56,M,75.3,91.0,4,1,0,0,0,0
P10069,2022-03-11,A,74,M,47.6,75.0,5,0,0,0,0,0
P10067,2022-03-11,B,43,F,64.4,92.0,1,1,0,0,1,1
P10070,2022-03-13,C,81,F,55.5,70.0,3,0,0,0,0,0
P10071,2022-03-14,B,58,M,88.7,82.0,8,0,0,0,0,0
P10072,2022-03-16,A,70,M,68.4,77.0,2,0,1,0,0,1
P10073,2022-03-17,A,51,F,66.4,100.0,2,0,0,0,0,0
P10074,2022-03-18,A,48,M,66.0,85.0,7,0,0,0,1,1
P10075,2022-03-19,C,35,F,48.7,,2,0,0,0,0,0
P10076,2022-03-21,A,54,M,52.2,100.0,4,0,0,0,0,0
P10077,2022-03-22,C,41,M,67.8,98.0,2,0,0,0,0,0
P10080,2022-03-23,B,54,F,61.0,98.0,4,0,0,1,0,0
P10079,2022-03-23,A,66,M,53.8,72.0,5,0,0,0,0,0
P10078,2022-03-23,C,53,M,70.1,90.0,3,0,1,0,1,1
P10081,2022-03-25,C,56,M,73.0,94.0,6,1,0,0,0,0
P10082,2022-03-25,B,63,M,87.7,89.0,5,0,0,0,1,1
P10083,2022-03-25,C,64,M,51.8,84.0,5,1,0,0,0,0
P10084,2022-03-27,A,62,M,56.1,70.0,2,0,0,0,0,0
P10085,2022-03-30,B,57,M,55.2,86.0,3,0,0,0,0,0
P10086,2022-03-31,C,44,M,68.6,91.0,4,0,0,0,0,0
P10087,2022-03-31,C,45,F,45.7,83.0,3,1,0,0,0,0
P10088,2022-03-31,B,55,M,72.2,98.0,5,0,0,0,0,0
P10089,2022-04-01,A,57,F,70.3,102.0,4,0,0,0,0,0
P10090,2022-04-02,A,45,F,41.3,106.0,4,0,0,0,0,0
P10092,2022-04-03,C,33,F,55.2,105.0,3,0,0,0,0,0
P10091,2022-04-03,B,58,M,69.8,97.0,3,0,1,0,0,0
P10093,2022-04-04,B,43,M,59.3,90.0,7,1,0,0,0,0
P10094,2022-04-04,B,68,M,72.3,93.0,3,0,0,1,0,0
P10095,2022-04-05,C,44,M,69.7,110.0,2,0,1,0,0,0
P10096,2022-04-06,A,62,F,57.2,107.0,7,0,0,0,0,0
P10097,2022-04-09,A,45,M,61.4,109.0,2,0,0,0,0,0
P10098,2022-04-12,A,77,M,66.8,107.0,3,0,1,0,0,0
P10099,2022-04-13,C,60,M,50.2,92.0,3,0,1,1,0,0
P10100,2022-04-14,A,87,M,60.5,59.0,4,0,0,1,0,1
P10101,2022-04-15,B,62,M,73.3,77.0,7,0,0,1,0,0
P10102,2022-04-16,B,65,M,71.2,79.0,4,0,0,0,0,0
P10103,2022-04-17,B,93,M,58.5,69.0,4,0,0,0,1,1
P10104,2022-04-18,C,53,F,53.4,125.0,2,0,0,1,0,0
P10105,2022-04-18,A,49,M,74.8,90.0,4,0,0,0,1,1
P10106,2022-04-20,B,69,M,73.2,77.0,2,0,1,0,0,0
P10107,2022-04-20,B,88,M,81.6,68.0,5,0,0,0,0,0
P10108,2022-04-21,B,51,M,69.2,73.0,0,1,0,0,0,0
P10109,2022-04-25,B,74,F,56.1,30.0,5,0,0,1,1,1
P10110,2022-04-25,B,63,F,35.5,88.0,3,0,0,0,0,0
P10111,2022-04-27,A,74,F,57.2,79.0,7,0,0,0,1,0
P10112,2022-04-27,C,40,F,45.6,87.0,2,0,1,0,1,1
P10114,2022-04-30,A,67,M,61.8,63.0,5,0,0,0,1,1
P10113,2022-04-30,C,52,F,68.2,98.0,2,1,0,0,0,0
P10115,2022-05-01,A,59,M,55.1,73.0,5,0,0,0,0,0
P10116,2022-05-02,C,36,M,69.7,94.0,3,0,1,1,0,0
P10117,2022-05-04,A,41,F,45.3,95.0,2,1,0,0,1,1
P10118,2022-05-05,B,29,M,76.5,116.0,1,0,0,0,0,0
P10119,2022-05-06,B,67,M,70.6,88.0,5,0,0,0,0,0
P10120,2022-05-06,C,47,M,69.3,92.0,5,0,0,0,0,0
P10121,2022-05-06,B,67,F,53.2,76.0,7,0,0,0,0,0
P10122,2022-05-06,B,73,M,55.2,96.0,7,0,0,0,0,0
P10124,2022-05-07,B,80,M,57.9,49.0,7,0,0,0,0,0
P10125,2022-05-07,B,95,F,67.3,37.0,5,0,0,0,1,1
P10123,2022-05-07,A,95,F,54.5,61.0,5,0,0,0,0,0
P10126,2022-05-09,A,78,M,66.9,89.0,12,0,0,0,0,0
P10127,2022-05-10,B,58,M,53.8,103.0,3,0,0,0,0,0
P10128,2022-05-10,A,63,M,85.2,85.0,6,0,0,0,0,0
P10129,2022-05-10,B,59,M,67.2,98.0,4,0,0,0,0,0
P10130,2022-05-11,A,74,M,80.2,81.0,5,0,0,0,0,0
P10131,2022-05-11,A,79,M,67.5,70.0,6,0,0,0,0,0
P10132,2022-05-14,A,46,M,69.6,96.0,3,0,1,0,0,0
P10134,2022-05-17,A,71,M,52.0,82.0,6,1,0,0,0,0
P10133,2022-05-17,A,47,M,68.3,95.0,3,0,0,0,0,0
P10135,2022-05-17,C,58,M,57.6,121.0,3,1,1,0,0,0
P10137,2022-05-18,C,63,M,58.8,100.0,5,0,0,0,0,0
P10136,2022-05-18,A,40,M,55.1,99.0,4,0,0,0,0,0
P10138,2022-05-19,C,68,M,65.0,49.0,6,0,0,0,0,0
P10139,2022-05-19,C,44,M,56.6,72.0,2,0,0,1,0,1
P10140,2022-05-20,A,59,M,70.2,88.0,7,0,0,0,0,0
P10141,2022-05-21,C,39,F,53.8,113.0,3,1,0,0,0,1
P10142,2022-05-22,C,69,M,50.8,98.0,3,0,0,0,0,0
P10143,2022-05-22,B,73,M,68.6,,3,0,0,0,1,1
P10144,2022-05-22,C,85,M,61.1,92.0,3,0,0,0,1,0
P10145,2022-05-23,C,70,F,52.5,72.0,8,1,0,0,0,0
P10147,2022-05-25,B,54,M,59.0,99.0,2,0,0,0,0,0
P10146,2022-05-25,A,65,M,73.3,80.0,2,0,1,0,0,0
P10148,2022-05-26,A,71,F,54.1,89.0,1,0,0,1,0,0
P10149,2022-05-27,C,81,F,71.0,52.0,6,1,0,0,0,0
P10150,2022-05-27,A,57,M,69.5,88.0,5,0,0,0,0,0
P10151,2022-05-28,C,66,M,54.1,89.0,5,0,0,0,0,0
P10152,2022-05-29,B,54,F,52.2,103.0,4,0,0,0,0,0
P10153,2022-05-30,B,44,F,51.4,110.0,3,1,0,0,0,0
P10154,2022-05-31,A,94,M,55.7,40.0,3,0,0,0,0,0
P10155,2022-05-31,B,68,M,79.7,71.0,1,0,0,0,0,0
P10156,2022-06-04,C,69,M,73.2,73.0,3,0,0,0,0,0
P10157,2022-06-05,B,33,M,59.9,94.0,3,0,0,0,0,0
P10158,2022-06-05,C,59,M,74.6,82.0,5,1,0,0,0,0
P10159,2022-06-06,C,76,F,45.0,87.0,6,0,0,0,1,1
P10160,2022-06-07,B,53,F,53.9,92.0,2,0,0,0,0,0
P10161,2022-06-08,B,95,F,73.2,66.0,5,0,0,0,0,0
P10162,2022-06-10,B,58,M,60.6,89.0,3,1,0,0,1,1
P10163,2022-06-11,B,53,M,69.5,69.0,3,0,1,0,0,0
P10164,2022-06-11,B,37,M,61.3,118.0,1,1,0,0,0,0
P10165,2022-06-12,C,44,M,83.0,97.0,3,1,0,0,0,0
P10166,2022-06-12,A,65,F,50.0,102.0,3,0,0,0,0,0
P10167,2022-06-13,A,30,F,64.8,116.0,6,0,0,0,0,0
P10168,2022-06-13,A,35,F,44.6,107.0,4,0,0,0,0,0
P10169,2022-06-13,C,90,M,71.8,58.0,5,0,1,0,1,1
P10170,2022-06-14,C,45,M,67.2,108.0,3,0,0,0,0,0
P10171,2022-06-15,B,51,M,73.8,121.0,5,0,1,0,0,0
P10172,2022-06-15,A,51,M,84.1,84.0,3,0,1,0,0,0
P10173,2022-06-15,B,37,M,48.7,126.0,5,0,0,0,0,0
P10174,2022-06-15,A,40,M,73.3,93.0,2,0,1,1,0,0
P10175,2022-06-16,A,49,female,7150.0,108.0,3,0,0,0,0,0
P10176,2022-06-16,B,85,M,78.1,81.0,4,0,0,0,0,0
P10177,2022-06-17,B,67,M,77.0,101.0,6,0,0,0,1,1
P10178,2022-06-19,A,61,M,44.2,104.0,5,0,0,0,1,0
P10179,2022-06-19,B,59,F,58.9,99.0,3,0,0,0,0,0
P10180,2022-06-19,A,88,M,67.7,85.0,8,0,0,0,0,0
P10181,2022-06-22,C,61,M,67.6,62.0,0,0,0,0,0,0
P10182,2022-06-22,B,68,M,72.8,84.0,5,0,0,0,0,0
P10184,2022-06-23,B,83,F,45.6,57.0,6,0,0,0,0,1
P10183,2022-06-23,B,58,F,56.3,105.0,6,1,1,0,1,1
P10185,2022-06-24,A,54,F,55.2,80.0,8,0,0,0,0,0
P10186,2022-06-24,A,52,M,67.3,106.0,4,0,0,0,0,0
P10187,2022-06-24,C,70,M,63.2,81.0,3,0,0,0,0,0
P10188,2022-06-25,B,79,M,73.1,50.0,2,0,0,0,1,1
P10189,2022-06-26,A,68,F,67.2,68.0,4,0,0,0,0,0
P10190,2022-06-27,C,42,M,63.4,103.0,0,0,0,0,0,0
P10191,2022-06-28,A,49,M,56.9,90.0,4,0,1,0,0,0
P10192,2022-06-28,A,69,F,57.5,79.0,2,0,0,1,0,0
P10193,2022-06-29,C,26,F,70.4,123.0,0,0,0,0,0,0
P10194,2022-06-30,C,64,M,72.6,90.0,4,0,0,0,0,0
P10195,2022-07-03,A,29,M,88.6,,4,1,0,0,0,0
P10196,2022-07-03,B,79,M,67.4,72.0,10,1,0,0,1,1
P10197,2022-07-04,A,62,M,87.6,92.0,3,0,0,0,0,0
P10198,2022-07-05,A,43,M,55.5,104.0,1,0,0,0,0,0
P10199,2022-07-06,C,35,M,70.2,135.0,5,0,0,1,0,0
P10200,2022-07-06,C,44,M,56.2,95.0,4,0,0,0,1,0
P10201,2022-07-07,B,53,M,85.5,109.0,2,0,0,0,0,0
P10202,2022-07-07,A,74,M,60.1,75.0,9,1,0,0,0,1
P10203,2022-07-08,A,67,M,69.4,71.0,3,0,0,1,0,0
P10204,2022-07-09,A,73,M,56.2,85.0,4,1,0,0,0,0
P10205,2022-07-10,B,20,M,58.8,129.0,2,0,0,0,0,0
P10206,2022-07-11,A,59,M,79.1,94.0,3,0,1,0,0,0
P10207,2022-07-12,A,45,F,62.9,106.0,2,0,1,0,0,0
P10208,2022-07-12,B,50,M,69.3,76.0,6,0,0,1,0,0
P10209,2022-07-12,B,55,F,53.8,77.0,7,0,0,0,0,0
P10210,2022-07-12,A,18,M,79.7,122.0,0,0,0,0,0,0
P10211,2022-07-15,A,77,M,43.6,87.0,8,0,0,0,0,0
P10212,2022-07-15,C,79,F,55.8,76.0,4,0,0,0,0,0
P10213,2022-07-16,B,48,M,51.3,115.0,3,0,0,0,0,0
P10214,2022-07-16,C,92,F,57.7,60.0,5,0,0,0,0,0
P10215,2022-07-18,C,57,M,83.2,109.0,2,0,0,0,1,1
P10216,2022-07-19,A,80,F,59.6,78.0,5,1,0,0,1,1
P10218,2022-07-21,C,62,M,56.5,58.0,7,0,0,0,0,0
P10217,2022-07-21,A,52,F,53.8,117.0,4,0,0,1,0,0
P10219,2022-07-24,B,72,M,63.2,79.0,11,0,0,0,1,1
P10220,2022-07-24,C,56,F,67.8,,5,0,0,0,0,0
P10221,2022-07-24,B,59,M,67.9,85.0,4,0,0,0,0,0
P10222,2022-07-25,B,54,M,90.2,100.0,3,0,0,0,0,0
P10223,2022-07-26,C,69,M,75.5,77.0,8,0,0,0,0,0
P10224,2022-07-27,A,55,F,62.4,94.0,4,0,0,0,0,0
P10225,2022-07-28,B,43,M,85.9,116.0,0,0,0,0,0,0
P10226,2022-07-29,A,67,M,75.7,102.0,7,0,0,0,0,0
P10227,2022-07-29,C,30,F,81.1,116.0,3,0,0,0,0,0
P10228,2022-07-31,A,79,F,54.7,72.0,6,0,0,0,0,0
P10229,2022-08-01,A,72,M,61.6,90.0,3,0,0,0,0,0
P10230,2022-08-03,C,64,M,66.9,77.0,5,0,0,0,0,0
P10231,2022-08-05,C,36,M,68.5,93.0,2,1,0,0,0,0
P10232,2022-08-05,B,46,M,72.5,96.0,5,0,0,0,0,0
P10233,2022-08-06,A,72,M,87.9,85.0,7,0,0,0,0,0
P10234,2022-08-07,A,47,M,68.0,89.0,5,0,0,1,0,0
P10235,2022-08-09,C,18,M,49.2,97.0,1,0,0,0,0,0
P10236,2022-08-10,B,53,F,55.1,87.0,5,0,0,0,0,0
P10237,2022-08-13,B,68,F,74.4,73.0,1,1,0,0,0,0
P10238,2022-08-14,C,70,M,80.1,52.0,2,1,1,0,1,1
P10239,2022-08-15,A,46,M,77.3,103.0,1,1,0,0,0,0
P10240,2022-08-16,B,64,M,54.0,96.0,2,0,0,0,0,0
P10241,2022-08-17,C,66,M,73.4,72.0,3,0,0,0,0,0
P10242,2022-08-18,B,52,M,84.0,99.0,7,1,1,0,0,0
P10243,2022-08-18,B,76,M,61.8,63.0,4,0,0,0,0,0
P10244,2022-08-19,A,67,M,66.4,95.0,2,0,0,0,0,0
P10245,2022-08-20,C,65,M,65.1,86.0,2,0,0,0,0,0
P10246,2022-08-20,C,73,M,52.7,84.0,3,0,0,0,0,0
P10247,2022-08-23,C,70,m,58.6,69.0,2,0,0,0,0,0
P10248,2022-08-24,A,57,M,53.3,85.0,2,0,1,0,0,0
P10249,2022-08-25,B,63,M,88.8,74.0,4,0,1,0,0,0
P10250,2022-08-26,B,56,M,56.9,70.0,2,0,0,0,0,0
P10251,2022-08-28,B,55,F,59.6,77.0,3,1,0,0,1,1
P10253,2022-08-29,B,66,M,74.2,74.0,5,1,0,0,0,0
P10252,2022-08-29,A,80,F,50.5,58.0,2,0,1,0,0,0
P10254,2022-08-31,B,86,M,51.5,67.0,3,0,0,0,0,0
P10255,2022-09-02,A,34,M,60.2,101.0,2,0,0,0,0,0
P10256,2022-09-03,B,57,M,68.3,92.0,8,0,0,0,0,0
P10257,2022-09-04,B,71,M,68.6,76.0,2,0,0,0,0,0
P10258,2022-09-04,A,91,M,62.6,71.0,6,0,0,0,0,0
P10259,2022-09-05,C,66,M,75.2,85.0,3,1,0,0,0,0
P10260,2022-09-06,B,53,F,67.5,63.0,6,0,0,0,1,1
P10261,2022-09-06,A,51,M,76.9,93.0,3,0,1,0,0,0
P10262,2022-09-07,B,82,M,78.5,61.0,3,0,0,0,0,1
P10264,2022-09-08,C,65,M,49.1,66.0,1,0,0,0,0,0
P10263,2022-09-08,B,71,F,62.0,84.0,3,0,0,0,0,0
P10265,2022-09-09,A,73,M,65.8,64.0,5,0,0,0,0,0
P10266,2022-09-10,A,57,M,73.1,86.0,3,0,0,0,0,0
P10267,2022-09-11,A,68,F,64.3,103.0,4,1,0,0,1,1
P10268,2022-09-11,B,69,F,49.3,102.0,5,0,0,0,0,0
P10269,2022-09-11,B,52,M,71.4,103.0,4,0,1,0,1,1
P10270,2022-09-12,C,37,M,74.2,112.0,3,0,0,0,0,0
P10271,2022-09-12,C,85,M,56.8,76.0,0,1,0,0,0,0
P10272,2022-09-13,C,46,F,57.1,88.0,1,0,0,0,0,0
P10273,2022-09-14,A,56,F,38.9,81.0,3,0,0,0,1,1
P10276,2022-09-15,C,62,F,49.7,90.0,2,0,0,0,0,0
P10275,2022-09-15,B,54,F,57.0,119.0,4,0,0,1,0,0
P10274,2022-09-15,B,56,M,83.4,66.0,2,1,0,0,0,0
P10277,2022-09-16,B,42,M,66.5,114.0,2,0,0,0,0,0
P10278,2022-09-16,B,48,F,44.5,115.0,3,0,0,0,0,0
P10279,2022-09-17,B,58,M,75.2,101.0,6,0,0,0,0,0
P10280,2022-09-17,A,73,M,54.8,84.0,3,0,0,0,0,0
P10281,2022-09-17,B,62,M,67.6,106.0,4,0,0,0,0,0
P10282,2022-09-18,B,64,F,37.3,82.0,4,1,0,0,0,0
P10283,2022-09-19,B,78,M,93.0,98.0,5,1,0,0,0,0
P10285,2022-09-21,B,72,F,50.2,92.0,6,0,0,0,1,0
P10284,2022-09-21,B,53,M,73.0,101.0,8,0,0,0,0,0
P10286,2022-09-22,A,48,M,71.0,105.0,3,0,0,0,0,0
P10287,2022-09-23,C,69,F,72.7,82.0,5,1,0,0,0,0
P10288,2022-09-24,A,83,M,35.0,65.0,6,0,0,0,1,1
P10289,2022-09-25,B,40,M,57.6,101.0,1,0,0,0,0,0
P10290,2022-09-26,A,50,M,47.2,102.0,3,0,0,0,0,0
P10294,2022-09-30,A,62,M,64.1,80.0,2,0,0,0,0,0
P10291,2022-09-30,A,49,F,68.7,117.0,2,0,0,0,0,0
P10292,2022-09-30,A,47,M,65.5,83.0,6,0,0,0,0,0
P10293,2022-09-30,B,30,M,75.6,123.0,2,1,0,0,0,0
P10295,2022-10-01,A,60,F,35.0,93.0,5,0,0,0,0,0
P10297,2022-10-02,C,66,F,39.2,94.0,2,1,0,0,0,0
P10296,2022-10-02,C,57,M,64.8,97.0,5,0,0,0,0,0
P10298,2022-10-03,A,50,M,57.9,115.0,3,0,0,0,0,0
P10299,2022-10-04,C,62,F,58.5,83.0,5,0,0,0,0,0
P10300,2022-10-06,C,73,M,80.0,63.0,2,0,0,0,0,0
P10301,2022-10-06,B,52,F,51.6,95.0,7,1,0,0,0,0
P10302,2022-10-06,A,72,M,72.8,70.0,1,0,0,0,0,0
P10303,2022-10-07,C,58,M,67.3,84.0,2,0,0,0,0,0
P10304,2022-10-08,A,50,M,62.0,95.0,6,0,1,0,0,0
P10305,2022-10-08,B,70,M,67.5,53.0,2,0,0,0,0,0
P10307,2022-10-09,A,57,M,78.6,78.0,2,0,0,0,0,0
P10306,2022-10-09,A,73,M,82.0,76.0,3,0,0,0,0,0
P10310,2022-10-10,A,31,F,76.2,97.0,3,1,1,0,0,0
P10308,2022-10-10,A,62,M,56.5,77.0,6,0,1,0,1,1
P10309,2022-10-10,B,33,F,58.4,109.0,1,0,0,0,0,0
P10311,2022-10-12,A,49,M,53.0,90.0,3,0,0,0,0,0
P10312,2022-10-12,A,44,M,45.6,115.0,3,1,0,0,0,0
P10313,2022-10-12,B,51,M,86.8,72.0,3,1,0,0,0,0
P10314,2022-10-14,B,72,M,67.2,69.0,3,0,1,0,0,1
P10316,2022-10-15,B,66,F,53.2,58.0,9,0,0,0,1,1
P10315,2022-10-15,B,50,M,64.3,99.0,3,0,0,0,0,0
P10317,2022-10-15,A,53,M,74.9,72.0,10,1,0,0,0,0
P10318,2022-10-16,A,38,M,74.3,92.0,5,0,0,0,0,1
P10319,2022-10-16,B,71,F,57.3,96.0,11,0,0,0,0,0
P10321,2022-10-17,C,56,M,86.3,104.0,7,1,1,0,0,0
P10320,2022-10-17,A,35,M,62.9,100.0,2,1,0,0,0,0
P10322,2022-10-18,A,35,M,54.5,109.0,3,1,0,0,0,0
P10323,2022-10-18,C,54,F,61.7,120.0,3,0,0,0,0,0
P10324,2022-10-18,A,46,m,76.5,109.0,3,0,0,0,0,0
P10325,2022-10-22,A,69,M,78.0,83.0,3,1,0,0,0,0
P10326,2022-10-23,A,45,female,54.0,93.0,2,1,0,0,0,0
P10327,2022-10-23,C,58,M,75.8,89.0,1,0,0,0,0,0
P10328,2022-10-24,A,70,F,46.6,82.0,3,1,0,0,1,1
P10329,2022-10-24,C,50,M,75.8,93.0,4,0,0,0,0,0
P10330,2022-10-25,A,40,M,51.5,118.0,5,0,0,0,0,0
P10332,2022-10-26,A,65,M,69.6,96.0,3,0,0,0,0,0
P10331,2022-10-26,A,65,F,62.7,97.0,2,0,0,0,0,0
P10333,2022-10-27,A,47,F,69.0,100.0,6,0,0,0,0,0
P10334,2022-10-27,B,80,M,72.0,63.0,3,1,0,0,0,0
P10335,2022-10-29,B,67,F,67.8,89.0,6,0,0,0,0,0
P10336,2022-10-31,C,69,M,76.9,71.0,4,0,1,0,0,0
P10337,2022-11-02,A,64,F,72.8,65.0,1,0,0,0,0,0
P10338,2022-11-03,C,76,M,62.7,55.0,2,0,0,0,1,1
P10339,2022-11-08,B,47,M,71.1,99.0,3,0,0,0,0,0
P10340,2022-11-10,B,46,F,74.5,82.0,6,0,0,0,0,0
P10341,2022-11-12,C,54,F,58.8,84.0,5,1,0,0,1,0
P10342,2022-11-12,B,63,M,71.0,80.0,2,0,0,0,1,1
P10344,2022-11-14,A,72,M,77.3,91.0,5,0,0,0,0,0
P10343,2022-11-14,A,51,F,40.4,94.0,3,0,0,0,1,1
P10345,2022-11-15,A,61,F,79.7,87.0,5,1,0,0,0,0
P10346,2022-11-15,C,79,M,86.1,93.0,7,1,0,0,0,0
P10347,2022-11-17,C,54,F,51.1,92.0,2,0,1,0,0,0
P10348,2022-11-18,C,60,M,55.6,72.0,5,0,0,0,0,0
P10349,2022-11-18,B,45,F,61.1,103.0,4,0,0,0,0,1
P10350,2022-11-18,C,58,F,62.7,70.0,4,1,0,0,1,1
P10351,2022-11-20,A,56,M,74.9,90.0,4,0,1,0,0,0
P10352,2022-11-21,B,51,F,57.0,86.0,3,0,0,0,0,0
P10353,2022-11-23,B,40,M,81.2,94.0,5,0,0,0,0,0
P10354,2022-11-24,B,67,M,55.8,89.0,5,0,1,0,0,0
P10355,2022-11-25,A,93,F,58.5,50.0,5,0,0,0,0,0
P10356,2022-11-25,C,33,M,68.8,87.0,2,1,0,0,0,0
P10357,2022-11-26,A,62,M,58.9,94.0,4,0,0,0,0,0
P10358,2022-11-26,A,58,F,57.2,76.0,6,0,0,0,0,0
P10359,2022-11-26,A,40,M,44.6,96.0,3,0,0,0,0,0
P10360,2022-11-30,B,57,M,74.2,88.0,6,0,0,0,0,0
P10361,2022-11-30,A,53,F,41.5,58.0,2,0,0,0,0,0
P10362,2022-11-30,A,38,F,77.2,108.0,6,1,0,0,0,0
P10363,2022-12-01,A,78,M,68.4,86.0,9,0,0,0,0,0
P10364,2022-12-03,B,54,M,59.0,61.0,8,0,0,1,0,0
P10365,2022-12-05,A,38,F,55.7,114.0,2,0,0,0,0,0
P10366,2022-12-05,B,71,M,66.0,107.0,5,0,0,0,0,0
P10367,2022-12-06,B,49,F,58.3,73.0,4,0,0,0,0,0
P10368,2022-12-07,B,44,M,70.3,94.0,5,0,0,0,0,0
P10369,2022-12-08,B,56,M,52.5,100.0,5,0,0,0,0,0
P10370,2022-12-09,A,53,M,53.8,83.0,3,0,0,0,0,0
P10371,2022-12-10,C,64,F,63.2,110.0,3,0,0,0,0,0
P10372,2022-12-10,B,25,F,55.6,113.0,3,0,1,0,0,0
P10373,2022-12-11,C,61,M,67.4,94.0,1,0,0,0,0,0
P10374,2022-12-12,B,61,M,65.9,100.0,4,0,0,0,0,0
P10375,2022-12-12,C,65,F,71.0,77.0,4,0,0,0,0,0
P10376,2022-12-16,B,50,M,61.2,110.0,5,0,0,0,0,0
P10378,2022-12-17,A,66,F,37.2,91.0,5,0,0,0,1,1
P10379,2022-12-17,C,72,M,60.5,38.0,7,0,0,0,0,1
P10377,2022-12-17,B,64,M,71.8,104.0,1,0,0,0,0,0
P10380,2022-12-18,A,61,F,52.0,,2,0,0,0,0,1
P10381,2022-12-18,B,44,M,81.3,101.0,3,1,0,0,0,0
P10382,2022-12-19,A,57,M,71.4,67.0,3,0,1,0,0,0
P10383,2022-12-21,A,41,F,52.5,106.0,1,0,0,0,0,0
P10384,2022-12-22,C,58,F,45.7,91.0,4,0,0,0,1,1
P10385,2022-12-22,A,72,F,80.8,68.0,5,0,0,0,0,0
P10386,2022-12-23,B,56,F,63.5,99.0,6,0,0,0,0,0
P10387,2022-12-25,A,45,F,58.9,94.0,2,0,0,0,0,0
P10390,2022-12-26,C,75,M,58.8,56.0,10,0,0,0,0,0
P10389,2022-12-26,A,67,M,64.4,74.0,4,0,0,0,0,0
P10388,2022-12-26,A,71,M,66.4,86.0,1,1,0,0,1,1
P10391,2022-12-27,C,54,M,79.1,110.0,6,0,0,0,0,0
P10392,2022-12-27,C,78,M,74.7,50.0,4,0,0,0,0,0
P10393,2022-12-27,A,45,M,79.2,84.0,2,0,0,0,0,0
P10394,2022-12-27,A,65,M,89.0,88.0,2,0,0,0,0,0
P10395,2022-12-27,C,68,F,70.4,72.0,1,0,0,0,0,0
P10396,2022-12-28,C,74,F,68.4,82.0,6,0,0,0,0,0
P10397,2022-12-29,B,76,M,70.8,56.0,5,0,0,0,1,1
P10398,2022-12-31,B,75,M,73.1,71.0,7,0,1,0,0,0
P10399,2023-01-02,C,65,M,77.3,94.0,3,0,0,0,0,0
P10400,2023-01-03,B,52,M,73.8,108.0,11,0,0,0,0,0
P10401,2023-01-04,B,75,M,58.8,79.0,6,0,0,0,0,0
P10402,2023-01-05,C,66,M,82.6,101.0,3,0,0,0,0,0
P10403,2023-01-05,B,69,M,54.6,76.0,5,0,0,0,0,0
P10404,2023-01-06,B,30,F,60.1,135.0,2,1,0,0,0,0
P10405,2023-01-06,A,71,F,39.1,85.0,4,0,0,0,1,0
P10406,2023-01-07,B,67,M,62.1,65.0,0,0,0,1,0,0
P10407,2023-01-11,A,82,M,74.2,81.0,10,0,0,0,0,0
P10408,2023-01-11,B,22,M,52.4,113.0,3,0,1,0,0,0
P10409,2023-01-12,B,95,M,64.5,72.0,6,0,0,0,0,0
P10410,2023-01-14,B,76,M,61.0,77.0,9,1,1,0,1,1
P10410,2023-01-14,B,76,M,61.0,77.0,9,1,1,0,1,1
P10411,2023-01-15,C,76,F,62.5,75.0,5,1,0,1,1,1
P10413,2023-01-16,C,75,M,68.2,58.0,5,0,0,0,1,1
P10412,2023-01-16,B,67,M,76.7,95.0,3,0,0,0,0,0
P10414,2023-01-17,B,85,M,73.8,74.0,7,0,0,0,0,1
P10415,2023-01-19,B,94,M,78.0,37.0,5,0,0,0,0,0
P10416,2023-01-20,B,52,M,76.7,97.0,4,0,0,0,0,0
P10417,2023-01-21,C,55,M,64.1,89.0,7,0,0,0,0,0
P10418,2023-01-21,A,22,M,63.6,118.0,0,0,0,0,0,0
P10419,2023-01-22,B,68,M,73.8,81.0,1,0,0,0,0,0
P10420,2023-01-23,C,35,F,62.9,120.0,3,0,0,0,0,0
P10421,2023-01-25,B,62,M,88.3,92.0,5,0,1,1,0,0
P10422,2023-01-25,B,60,M,90.0,94.0,5,0,0,0,0,0
P10424,2023-01-26,A,60,F,55.1,88.0,4,0,0,0,0,0
P10423,2023-01-26,A,36,M,58.8,104.0,3,0,0,0,0,0
P10426,2023-01-29,C,50,M,71.2,85.0,4,0,0,0,0,0
P10427,2023-01-29,C,47,M,73.7,100.0,3,0,0,0,0,0
P10425,2023-01-29,A,61,F,85.5,79.0,4,0,0,0,0,0
P10428,2023-02-02,B,73,F,54.8,89.0,4,0,0,0,0,0
P10429,2023-02-05,C,40,M,74.5,112.0,3,0,0,0,0,0
P10430,2023-02-09,A,66,F,59.8,88.0,3,0,0,0,0,0
P10431,2023-02-10,A,93,F,68.7,46.0,5,0,0,0,0,0
P10432,2023-02-11,B,39,M,54.9,93.0,2,1,0,0,0,0
P10433,2023-02-12,A,66,M,59.6,84.0,6,0,0,0,0,0
P10435,2023-02-13,B,71,M,88.7,84.0,6,0,1,0,0,0
P10434,2023-02-13,A,44,M,69.2,109.0,2,0,0,0,0,0
P10436,2023-02-14,C,40,F,39.5,103.0,4,1,0,0,0,0
P10438,2023-02-15,C,61,M,57.4,84.0,5,0,1,0,0,0
P10439,2023-02-15,A,69,M,57.7,74.0,4,0,0,0,0,0
P10437,2023-02-15,A,47,M,76.4,94.0,5,0,0,0,0,0
P10440,2023-02-16,C,42,M,71.1,112.0,3,0,0,0,0,0
P10441,2023-02-17,A,45,F,54.6,98.0,2,0,0,0,0,0
P10442,2023-02-22,C,27,M,66.4,99.0,1,0,0,0,0,0
P10443,2023-02-23,C,51,F,62.3,106.0,5,0,0,0,0,0
P10444,2023-02-26,A,56,F,57.5,103.0,5,1,0,0,0,0
P10446,2023-03-05,B,38,M,63.7,114.0,4,0,1,0,0,0
P10445,2023-03-05,C,45,M,73.5,102.0,3,1,0,0,0,0
P10448,2023-03-07,C,44,M,74.1,82.0,3,0,0,0,0,0
P10447,2023-03-07,A,81,M,42.8,67.0,3,1,0,0,0,0
P10449,2023-03-08,B,72,F,69.4,59.0,8,1,0,0,0,0
P10450,2023-03-08,A,65,M,62.0,81.0,2,0,0,0,0,0
P10451,2023-03-11,A,38,F,36.9,116.0,1,0,0,0,0,0
P10452,2023-03-13,A,55,M,68.4,105.0,5,0,0,0,0,0
P10453,2023-03-13,A,49,M,81.7,103.0,5,0,0,0,0,0
P10454,2023-03-15,B,63,F,50.6,73.0,2,0,0,0,0,0
P10455,2023-03-16,A,60,M,65.5,89.0,5,0,0,0,0,0
P10456,2023-03-16,B,62,M,67.8,90.0,2,0,0,0,0,0
P10458,2023-03-17,B,69,M,72.4,,4,0,0,1,0,0
P10457,2023-03-17,B,49,M,66.5,85.0,2,0,0,0,0,0
P10458,2023-03-17,B,69,M,72.4,,4,0,0,1,0,0
P10459,2023-03-18,A,40,M,72.1,112.0,4,0,0,0,0,0
P10460,2023-03-18,B,42,M,80.3,98.0,1,0,1,1,0,0
P10461,2023-03-19,A,44,F,54.8,87.0,2,0,0,0,0,0
P10462,2023-03-20,C,49,M,85.9,103.0,1,0,0,0,0,0
P10463,2023-03-20,C,59,F,73.1,91.0,6,0,0,0,0,0
P10464,2023-03-22,B,66,M,79.0,65.0,5,0,0,0,0,0
P10465,2023-03-23,A,64,M,60.8,116.0,3,0,0,0,0,0
P10466,2023-03-23,C,36,F,61.6,106.0,1,0,0,0,0,0
P10467,2023-03-23,B,55,M,69.3,80.0,4,1,0,0,0,0
P10468,2023-03-26,A,46,M,67.6,112.0,5,0,1,0,0,0
P10469,2023-03-27,B,62,M,51.7,95.0,2,0,0,0,0,0
P10470,2023-03-27,B,79,F,47.4,62.0,8,0,0,0,0,0
P10471,2023-03-28,A,57,M,70.7,92.0,3,0,0,1,0,0
P10472,2023-04-01,A,67,M,96.2,93.0,3,0,0,0,0,0
P10473,2023-04-03,B,42,M,72.6,105.0,3,0,0,0,0,0
P10474,2023-04-04,C,29,M,75.0,107.0,2,1,0,0,0,0
P10475,2023-04-06,A,65,M,71.8,67.0,5,0,0,0,0,0
P10476,2023-04-06,A,46,M,71.1,102.0,4,1,0,0,0,0
P10477,2023-04-06,C,31,M,76.3,118.0,3,1,0,0,0,1
P10478,2023-04-07,B,64,M,86.0,79.0,6,1,0,0,0,0
P10479,2023-04-08,C,64,F,54.1,,4,0,0,0,0,0
P10480,2023-04-11,A,42,F,45.3,101.0,6,0,0,0,0,0
P10481,2023-04-12,A,63,M,51.2,97.0,4,0,0,0,0,0
P10483,2023-04-14,C,64,F,63.2,94.0,5,0,0,0,0,0
P10482,2023-04-14,B,61,M,59.7,95.0,2,0,0,0,0,0
P10484,2023-04-15,B,81,M,76.1,62.0,4,0,1,0,0,0
P10485,2023-04-15,A,34,M,75.8,131.0,4,0,0,0,0,0
P10486,2023-04-16,C,26,M,55.8,135.0,3,0,0,0,0,0
P10487,2023-04-18,B,55,M,68.4,108.0,3,0,1,0,1,1
P10488,2023-04-19,B,30,M,83.7,94.0,5,0,0,0,0,0
P10489,2023-04-19,A,42,M,48.7,110.0,3,0,1,0,0,0
P10490,2023-04-20,B,91,M,73.9,57.0,6,1,0,0,0,0
P10491,2023-04-21,B,30,M,71.2,108.0,3,0,1,0,0,0
P10492,2023-04-21,C,57,M,57.5,111.0,4,0,1,0,0,0
P10493,2023-04-22,A,41,F,50.6,95.0,4,0,0,1,1,1
P10494,2023-04-22,B,33,M,74.7,121.0,5,0,0,0,0,0
P10495,2023-04-22,C,57,F,52.4,98.0,6,0,1,0,0,0
P10496,2023-04-23,A,51,F,50.8,127.0,7,0,0,0,0,0
P10497,2023-04-24,A,57,M,69.1,109.0,1,0,0,0,0,0
P10499,2023-04-26,A,83,F,61.2,77.0,7,1,0,0,0,0
P10498,2023-04-26,B,57,M,63.5,87.0,9,0,0,0,0,0
P10500,2023-04-28,C,92,F,65.2,48.0,4,0,0,0,0,0
P10501,2023-04-28,A,67,M,76.5,92.0,6,0,0,0,0,0
P10502,2023-04-29,A,83,M,54.3,71.0,5,1,0,0,0,0
P10503,2023-04-29,A,83,M,84.2,83.0,3,0,0,1,0,0
P10504,2023-05-02,B,46,M,62.4,81.0,3,0,0,0,0,0
P10505,2023-05-03,A,56,F,37.8,92.0,2,1,0,0,1,1
P10506,2023-05-04,B,95,M,67.6,91.0,4,0,0,0,0,0
P10507,2023-05-05,C,53,F,37.9,82.0,5,1,0,0,0,0
P10508,2023-05-07,A,32,M,64.0,88.0,2,0,1,0,0,0
P10509,2023-05-08,A,72,M,79.8,84.0,4,0,0,1,0,0
P10510,2023-05-10,C,53,M,75.6,65.0,5,0,0,0,0,0
P10511,2023-05-10,A,52,M,55.1,93.0,4,1,0,0,0,0
P10512,2023-05-11,C,58,F,42.5,87.0,3,0,1,0,0,0
P10513,2023-05-12,A,39,M,64.9,96.0,5,0,0,0,0,0
P10514,2023-05-14,C,67,M,55.2,84.0,6,0,1,0,0,1
P10515,2023-05-14,B,62,F,58.0,98.0,6,0,0,0,0,0
P10516,2023-05-15,A,33,M,67.6,108.0,0,1,0,0,0,0
P10517,2023-05-16,B,67,M,74.0,84.0,3,0,0,0,0,0
P10518,2023-05-17,C,65,F,47.8,100.0,4,0,0,0,0,0
P10519,2023-05-19,A,45,F,47.1,102.0,3,0,0,0,1,0
P10521,2023-05-20,C,38,M,79.0,80.0,3,0,0,0,1,1
P10520,2023-05-20,C,61,F,45.3,84.0,2,0,0,0,0,0
P10522,2023-05-22,B,53,M,55.0,83.0,2,0,0,0,0,0
P10524,2023-05-23,A,55,F,38.4,110.0,4,1,0,0,0,0
P10523,2023-05-23,C,63,M,80.5,74.0,3,0,0,0,0,0
P10525,2023-05-24,A,68,F,76.4,57.0,3,0,0,0,1,0
P10526,2023-05-24,B,71,M,63.0,67.0,3,0,0,0,0,0
P10527,2023-05-24,A,74,M,71.1,65.0,3,0,0,1,0,1
P10528,2023-05-25,C,63,M,62.5,94.0,2,0,0,0,0,0
P10529,2023-05-25,B,60,M,76.4,102.0,5,0,0,0,0,0
P10530,2023-05-25,B,66,M,43.1,75.0,4,0,0,0,0,0
P10534,2023-05-26,B,73,M,63.8,58.0,2,0,0,0,0,0
P10533,2023-05-26,A,87,M,72.2,68.0,7,0,0,0,1,1
P10532,2023-05-26,A,47,M,57.4,76.0,5,1,0,1,0,1
P10531,2023-05-26,A,60,F,50.8,35.0,5,0,0,0,1,1
P10535,2023-05-27,B,64,M,76.7,82.0,4,0,0,0,0,0
P10536,2023-05-28,B,44,M,83.4,113.0,2,0,0,0,0,0
P10537,2023-05-29,C,53,M,76.5,,4,0,0,1,0,0
P10538,2023-05-29,A,70,M,78.2,95.0,7,0,0,0,0,0
P10539,2023-05-29,B,47,M,69.9,109.0,2,0,0,0,0,0
P10540,2023-05-30,A,76,M,65.1,62.0,9,0,0,0,0,0
P10541,2023-05-31,B,44,M,93.2,104.0,3,0,0,1,0,0
P10542,2023-05-31,B,57,F,67.4,80.0,3,0,0,0,0,0
P10543,2023-06-01,B,85,M,70.2,,4,0,0,0,0,0
P10544,2023-06-03,B,50,M,62.1,104.0,2,0,0,1,0,0
P10545,2023-06-04,A,39,F,46.8,117.0,3,0,0,1,0,0
P10546,2023-06-05,C,63,F,56.6,84.0,5,1,0,0,0,0
P10547,2023-06-06,A,65,F,54.0,78.0,3,0,0,0,0,0
P10548,2023-06-07,A,47,F,53.6,92.0,3,0,0,0,0,0
P10549,2023-06-07,B,75,M,62.6,75.0,7,1,0,1,1,1
P10550,2023-06-07,B,62,M,55.8,70.0,5,0,0,1,1,1
P10551,2023-06-07,A,52,F,57.7,78.0,5,0,0,0,0,0
P10552,2023-06-07,A,75,M,73.1,84.0,3,0,1,0,0,0
P10553,2023-06-09,B,69,M,66.9,67.0,5,1,1,0,1,1
P10557,2023-06-10,A,90,M,70.6,55.0,11,0,0,0,0,0
P10554,2023-06-10,B,75,M,73.8,64.0,2,1,0,0,0,0
P10556,2023-06-10,B,46,M,62.3,92.0,3,1,0,0,0,0
P10555,2023-06-10,B,67,M,82.3,78.0,3,0,0,0,0,0
P10558,2023-06-11,A,54,M,52.0,91.0,1,0,0,0,0,0
P10559,2023-06-12,B,60,F,65.6,70.0,7,0,0,0,0,0
P10560,2023-06-13,A,53,F,60.4,69.0,2,0,0,0,0,0
P10561,2023-06-16,C,70,M,80.3,69.0,6,0,0,0,0,0
P10562,2023-06-16,A,57,M,67.1,93.0,1,0,0,0,0,0
P10563,2023-06-17,A,57,F,50.2,119.0,5,0,0,0,0,0
P10564,2023-06-18,B,63,M,59.8,98.0,6,0,0,1,0,0
P10565,2023-06-20,C,53,M,67.8,93.0,0,0,0,0,0,0
P10566,2023-06-20,A,70,M,74.7,90.0,9,1,0,1,1,1
P10567,2023-06-21,B,64,F,61.3,,4,0,0,0,0,0
P10568,2023-06-22,A,53,F,55.5,69.0,5,0,0,0,0,0
P10569,2023-06-23,B,27,M,71.6,116.0,4,0,1,0,0,0
P10570,2023-06-24,B,50,M,68.9,100.0,5,0,0,0,0,0
P10571,2023-06-25,C,75,M,65.1,62.0,8,1,0,0,1,1
P10572,2023-06-26,A,39,M,67.3,84.0,4,0,0,0,0,0
P10573,2023-06-27,C,80,M,71.8,60.0,5,0,0,0,0,0
P10574,2023-06-29,A,23,F,57.1,106.0,3,0,0,0,0,0
P10575,2023-07-01,C,60,F,45.9,78.0,8,0,0,0,1,1
P10576,2023-07-01,A,64,M,69.8,79.0,1,0,0,0,0,0
P10577,2023-07-02,C,26,M,66.5,135.0,3,0,0,0,0,0
P10579,2023-07-04,B,45,F,52.6,103.0,3,0,0,0,0,0
P10578,2023-07-04,A,26,M,74.2,102.0,2,1,0,0,0,0
P10581,2023-07-05,B,46,M,71.0,92.0,3,0,1,0,0,1
P10580,2023-07-05,B,61,F,54.9,87.0,5,0,0,0,0,0
P10582,2023-07-05,B,31,M,77.9,98.0,2,0,0,0,0,0
P10583,2023-07-06,A,66,F,71.0,91.0,5,0,0,0,0,0
P10584,2023-07-08,C,57,F,47.5,105.0,4,1,0,0,0,0
P10585,2023-07-09,C,41,M,80.2,89.0,4,0,0,0,0,0
P10586,2023-07-12,B,80,M,69.1,,7,0,0,1,0,0
P10587,2023-07-13,B,48,M,96.5,112.0,5,0,0,1,0,0
P10588,2023-07-14,B,20,M,76.6,119.0,1,0,1,0,0,0
P10589,2023-07-14,B,52,M,81.1,104.0,5,0,0,0,0,0
P10588,2023-07-14,B,20,M,76.6,119.0,1,0,1,0,0,0
P10590,2023-07-15,A,50,F,45.7,57.0,3,0,0,0,0,0
P10591,2023-07-15,A,58,F,58.5,81.0,5,1,0,0,0,0
P10593,2023-07-16,A,38,M,75.1,77.0,2,0,0,0,0,0
P10592,2023-07-16,A,53,M,58.5,77.0,5,0,1,0,0,0
P10594,2023-07-18,A,88,F,64.4,79.0,5,0,0,0,0,0
P10595,2023-07-18,B,77,M,73.6,54.0,8,0,0,0,0,0
P10596,2023-07-18,C,57,F,42.5,69.0,6,0,0,0,1,1
P10597,2023-07-19,C,37,M,74.0,128.0,4,0,1,0,0,0
P10598,2023-07-20,B,65,F,42.0,96.0,2,1,0,0,1,1
P10599,2023-07-22,B,51,F,71.1,109.0,5,0,0,1,0,0
P10600,2023-07-23,A,55,F,57.3,105.0,7,0,0,0,0,0
P10602,2023-07-25,A,46,M,71.4,87.0,5,0,0,0,0,0
P10601,2023-07-25,B,42,M,70.1,99.0,6,0,0,1,0,0
P10603,2023-07-25,B,59,M,41.5,85.0,4,0,0,0,0,0
P10604,2023-07-25,A,62,F,41.8,84.0,4,0,1,0,1,1
P10605,2023-07-27,A,63,M,82.0,56.0,5,0,0,0,0,0
P10606,2023-07-31,A,78,M,57.5,70.0,5,0,0,0,0,0
P10608,2023-08-04,B,70,F,60.6,72.0,6,0,0,0,1,1
P10607,2023-08-04,A,48,M,56.4,113.0,3,0,0,0,0,0
P10609,2023-08-05,A,48,F,48.8,102.0,6,0,0,0,0,0
P10610,2023-08-07,C,83,M,73.1,57.0,1,0,0,0,0,0
P10611,2023-08-09,B,61,M,62.8,98.0,2,0,0,0,0,0
P10612,2023-08-10,B,47,M,60.4,88.0,1,0,0,1,0,0
P10613,2023-08-11,B,65,M,69.2,90.0,4,0,0,0,0,0
P10614,2023-08-15,C,56,F,69.1,84.0,2,0,0,0,0,0
P10615,2023-08-15,B,38,M,43.9,83.0,2,1,0,0,0,0
P10618,2023-08-18,A,63,F,54.7,88.0,5,0,1,0,0,0
P10617,2023-08-18,C,27,F,55.2,117.0,3,0,0,0,0,0
P10619,2023-08-18,C,42,M,82.3,106.0,5,0,0,0,0,0
P10616,2023-08-18,A,54,M,61.6,116.0,3,1,0,0,0,0
P10620,2023-08-20,B,43,M,74.9,88.0,3,0,0,0,0,0
P10621,2023-08-23,C,84,F,41.9,64.0,3,1,0,0,1,1
P10622,2023-08-24,B,33,F,59.6,111.0,1,0,0,0,0,0
P10623,2023-08-27,B,63,M,88.6,90.0,4,1,1,0,0,0
P10624,2023-08-27,B,18,M,56.4,135.0,3,0,0,0,0,0
P10626,2023-08-28,A,65,M,66.4,95.0,6,0,0,0,0,0
P10625,2023-08-28,C,66,M,66.0,60.0,2,0,0,0,0,0
P10627,2023-08-29,C,59,F,60.6,82.0,6,0,1,0,0,0
P10628,2023-08-30,B,75,M,69.6,66.0,3,0,0,0,0,0
P10629,2023-08-31,A,60,m,57.8,100.0,11,1,0,0,1,1
P10630,2023-09-01,A,41,F,60.2,104.0,7,1,0,0,0,0
P10631,2023-09-02,B,26,M,64.1,102.0,4,0,1,0,0,0
P10633,2023-09-04,C,69,M,81.1,57.0,4,0,0,0,0,0
P10634,2023-09-04,B,41,M,61.2,93.0,2,0,0,1,0,0
P10632,2023-09-04,A,52,female,64.2,107.0,2,0,0,0,0,0
P10635,2023-09-05,B,70,M,69.1,104.0,2,0,0,0,0,0
P10636,2023-09-08,B,84,M,70.9,68.0,1,0,0,0,0,0
P10637,2023-09-09,C,58,M,56.3,105.0,1,0,0,0,0,0
P10638,2023-09-09,C,80,M,57.3,81.0,2,0,0,1,0,0
P10639,2023-09-11,A,56,M,84.2,96.0,3,0,0,1,0,0
P10640,2023-09-11,B,64,F,46.1,96.0,3,1,0,0,0,1
P10641,2023-09-12,A,26,M,55.5,129.0,1,0,0,1,0,0
P10642,2023-09-13,B,62,F,54.4,73.0,5,1,0,0,0,0
P10643,2023-09-14,A,59,F,68.8,86.0,4,0,0,0,0,0
P10644,2023-09-17,A,66,M,68.0,77.0,3,0,0,0,1,1
P10645,2023-09-17,B,42,F,61.4,96.0,1,0,0,0,0,0
P10646,2023-09-18,A,73,M,65.0,75.0,3,0,1,0,0,0
P10647,2023-09-20,C,40,F,45.5,100.0,5,0,0,0,0,1
P10648,2023-09-23,B,57,M,64.1,83.0,2,0,0,0,0,0
P10649,2023-09-23,A,79,M,80.7,44.0,8,0,0,0,0,0
P10650,2023-09-28,C,67,F,60.6,86.0,5,0,0,0,0,0
P10651,2023-09-30,A,53,F,42.3,101.0,1,0,0,0,0,0
P10652,2023-10-02,A,55,F,46.4,71.0,3,0,0,1,1,1
P10653,2023-10-03,B,54,M,74.5,94.0,4,0,0,0,1,1
P10654,2023-10-04,C,41,M,75.8,68.0,6,0,0,0,0,0
P10655,2023-10-04,A,47,M,63.9,105.0,0,0,0,0,0,0
P10656,2023-10-06,C,82,F,62.6,51.0,6,0,1,0,1,1
P10657,2023-10-07,B,80,F,61.0,57.0,9,0,0,0,0,0
P10658,2023-10-07,B,39,M,46.9,118.0,3,0,0,0,0,0
P10659,2023-10-07,B,50,M,70.1,104.0,5,0,0,0,0,0
P10660,2023-10-07,B,64,M,65.4,87.0,1,0,0,0,0,0
P10661,2023-10-08,A,42,M,74.2,95.0,2,0,0,0,0,0
P10661,2023-10-08,A,42,M,74.2,95.0,2,0,0,0,0,0
P10662,2023-10-09,A,64,M,59.7,,5,0,0,0,0,0
P10663,2023-10-09,B,91,M,76.9,59.0,6,0,0,0,0,0
P10665,2023-10-10,A,43,M,65.9,92.0,3,0,0,0,0,0
P10664,2023-10-10,C,60,M,66.4,79.0,4,0,1,0,0,0
P10667,2023-10-13,A,79,F,38.2,53.0,4,0,0,0,0,1
P10666,2023-10-13,C,59,F,59.7,95.0,4,0,1,1,1,1
P10668,2023-10-18,C,28,F,77.6,99.0,2,1,0,0,0,0
P10669,2023-10-19,A,52,F,72.6,113.0,1,0,0,0,0,0
P10670,2023-10-20,B,42,M,59.9,112.0,5,0,0,0,0,0
P10671,2023-10-20,A,51,M,55.9,90.0,4,0,0,0,0,0
P10672,2023-10-21,C,56,F,65.3,129.0,4,0,1,0,0,0
P10674,2023-10-22,A,42,M,43.0,124.0,3,0,0,0,0,0
P10673,2023-10-22,B,62,F,57.3,86.0,4,0,0,0,0,0
P10675,2023-10-23,A,50,M,57.1,102.0,2,0,0,1,0,0
P10676,2023-10-24,B,53,M,72.7,101.0,5,0,0,0,1,1
P10678,2023-10-24,A,50,M,50.5,109.0,2,1,1,0,0,0
P10677,2023-10-24,C,37,M,85.7,116.0,0,0,0,0,0,0
P10679,2023-10-25,A,51,F,51.7,81.0,4,0,1,0,0,0
P10680,2023-10-27,A,58,M,57.9,79.0,6,0,0,0,1,1
P10681,2023-10-27,C,60,M,72.7,61.0,1,0,0,0,0,0
P10682,2023-10-29,B,65,F,48.5,87.0,0,0,0,0,0,0
P10683,2023-10-30,B,46,F,65.8,112.0,3,0,0,0,1,1
P10684,2023-10-31,A,24,M,80.7,123.0,1,1,0,0,0,0
P10686,2023-11-01,B,66,F,68.7,,1,1,0,1,0,0
P10685,2023-11-01,B,54,F,60.7,89.0,4,0,0,0,0,0
P10687,2023-11-03,B,81,M,52.3,56.0,4,0,0,0,0,0
P10690,2023-11-04,A,69,M,60.0,98.0,6,0,0,0,0,0
P10689,2023-11-04,A,66,M,60.8,87.0,4,0,0,0,0,0
P10688,2023-11-04,A,52,M,56.5,91.0,2,0,0,0,0,0
P10691,2023-11-05,B,50,M,74.2,95.0,3,0,1,0,0,0
P10692,2023-11-08,A,61,M,75.8,102.0,2,0,0,0,0,0
P10693,2023-11-09,A,49,M,67.3,92.0,2,0,0,0,0,0
P10695,2023-11-13,A,82,F,49.4,67.0,5,0,0,0,0,0
P10694,2023-11-13,C,60,F,65.2,104.0,4,0,0,0,0,0
P10696,2023-11-13,A,84,F,61.1,89.0,8,0,0,0,1,1
P10697,2023-11-14,A,38,F,49.3,93.0,4,0,0,0,0,0
P10698,2023-11-14,B,46,M,78.9,100.0,3,0,1,0,0,0
P10699,2023-11-15,A,55,M,85.5,86.0,5,0,0,1,0,0
P10700,2023-11-16,C,55,M,71.5,121.0,2,0,0,1,0,0
P10701,2023-11-17,A,74,M,62.9,84.0,7,1,0,1,1,1
P10702,2023-11-18,A,78,M,72.2,82.0,9,0,0,0,0,0
P10703,2023-11-18,C,54,F,61.6,83.0,3,0,0,0,0,0
P10704,2023-11-19,A,33,M,64.8,116.0,2,0,1,0,0,0
P10705,2023-11-20,C,59,M,42.9,86.0,6,0,1,0,0,0
P10706,2023-11-21,A,54,M,74.3,91.0,6,0,0,0,0,0
P10707,2023-11-22,A,54,F,52.8,117.0,3,0,0,0,0,0
P10709,2023-11-23,B,29,M,55.8,118.0,4,0,0,0,0,0
P10708,2023-11-23,C,63,F,62.6,73.0,3,0,0,0,0,0
P10710,2023-11-23,C,56,F,67.0,93.0,3,0,1,0,0,0
P10711,2023-11-24,A,76,M,51.2,73.0,8,0,0,0,1,1
P10712,2023-11-24,A,50,F,56.8,106.0,5,0,0,0,0,0
P10713,2023-11-26,A,51,M,66.0,116.0,1,0,0,0,0,0
P10714,2023-11-27,A,55,M,80.1,72.0,0,0,0,0,0,0
P10715,2023-11-29,B,72,F,49.7,77.0,5,1,0,0,0,0
P10716,2023-11-29,B,39,M,78.9,102.0,2,0,0,0,0,0
P10717,2023-11-30,C,46,M,86.2,102.0,0,0,0,0,0,0
P10718,2023-12-03,B,83,M,59.7,70.0,1,0,1,0,0,0
P10719,2023-12-04,B,50,F,65.1,104.0,4,0,0,0,0,0
P10721,2023-12-05,A,71,M,65.0,70.0,6,0,0,1,0,0
P10720,2023-12-05,C,67,M,63.3,52.0,9,0,0,0,0,1
P10723,2023-12-06,A,85,M,77.0,77.0,5,0,0,0,0,0
P10722,2023-12-06,C,49,M,87.5,87.0,4,0,0,0,0,0
P10724,2023-12-06,B,57,M,66.0,86.0,6,0,1,0,0,0
P10725,2023-12-07,C,41,M,76.8,94.0,2,0,0,0,0,0
P10726,2023-12-07,B,38,M,59.0,104.0,1,0,0,1,0,0
P10727,2023-12-08,A,72,M,62.7,84.0,3,0,0,0,0,0
P10728,2023-12-09,B,47,M,64.9,115.0,4,0,0,0,0,0
P10729,2023-12-09,A,48,M,55.7,104.0,4,0,0,1,0,0
P10730,2023-12-10,B,55,M,66.2,100.0,4,0,1,0,0,0
P10731,2023-12-11,B,64,M,78.6,74.0,4,0,0,0,0,0
P10732,2023-12-11,A,72,M,67.8,85.0,4,0,0,0,0,0
P10733,2023-12-12,B,40,M,94.0,127.0,4,0,0,0,0,0
P10734,2023-12-13,C,87,F,50.6,53.0,6,0,0,0,1,1
P10736,2023-12-14,C,46,M,70.7,97.0,1,0,0,0,0,0
P10736,2023-12-14,C,46,M,70.7,97.0,1,0,0,0,0,0
P10735,2023-12-14,B,53,M,78.4,93.0,7,0,0,0,0,0
P10737,2023-12-15,B,49,M,86.8,85.0,1,1,0,0,0,0
P10738,2023-12-16,A,65,M,54.3,71.0,0,0,0,0,0,0
P10740,2023-12-18,A,73,M,55.9,68.0,2,0,0,0,0,0
P10739,2023-12-18,A,49,M,81.1,89.0,3,0,0,0,0,0
P10741,2023-12-19,A,44,M,68.9,105.0,2,0,0,0,0,0
P10743,2023-12-21,B,45,F,52.5,120.0,2,1,0,0,0,0
P10742,2023-12-21,A,34,F,62.4,110.0,1,0,1,0,0,0
P10744,2023-12-23,A,48,F,45.5,107.0,2,1,0,0,0,0
P10745,2023-12-23,B,67,M,55.7,89.0,1,0,0,0,0,0
P10746,2023-12-24,B,45,F,51.3,111.0,3,1,0,0,0,0
P10747,2023-12-25,A,80,F,65.4,62.0,14,0,0,1,0,1
P10748,2023-12-25,A,49,M,74.8,103.0,3,1,0,0,1,1
P10749,2023-12-30,B,31,M,62.3,125.0,5,1,0,0,0,0
P10750,2023-12-31,C,73,F,50.1,72.0,5,0,0,0,1,0
P10751,2024-01-01,A,40,F,71.7,130.0,2,1,0,0,0,0
P10752,2024-01-01,B,70,M,79.7,82.0,4,0,0,0,0,0
P10754,2024-01-03,A,75,F,59.7,,3,0,0,0,0,0
P10755,2024-01-03,C,55,F,47.4,77.0,3,1,0,0,0,0
P10753,2024-01-03,C,54,M,64.2,81.0,2,0,0,0,0,0
P10756,2024-01-04,B,72,M,35.0,76.0,3,0,1,1,0,0
P10758,2024-01-05,B,66,F,66.3,78.0,10,0,0,1,1,1
P10757,2024-01-05,A,46,M,82.1,94.0,0,0,1,0,0,0
P10759,2024-01-08,A,50,M,66.4,92.0,2,0,0,1,0,0
P10760,2024-01-09,C,63,M,76.5,78.0,5,1,0,0,0,0
P10761,2024-01-11,A,83,F,82.0,86.0,7,0,0,0,0,0
P10762,2024-01-12,C,77,F,56.1,68.0,4,0,1,0,1,1
P10763,2024-01-15,C,65,M,58.3,66.0,3,1,1,0,0,0
P10764,2024-01-18,B,52,M,69.5,90.0,4,0,0,0,0,0
P10765,2024-01-18,B,34,F,41.9,95.0,4,0,0,0,0,0
P10766,2024-01-18,B,47,F,47.0,94.0,1,0,1,0,0,0
P10768,2024-01-19,A,72,M,70.2,61.0,5,0,0,1,0,1
P10767,2024-01-19,C,39,M,59.9,99.0,3,0,0,0,0,0
P10769,2024-01-21,C,73,M,88.0,78.0,3,0,0,0,0,0
P10770,2024-01-21,A,62,M,59.0,88.0,1,0,0,0,0,0
P10771,2024-01-23,C,61,M,81.0,106.0,3,0,0,0,0,0
P10772,2024-01-23,A,46,M,54.1,107.0,4,0,0,0,0,0
P10773,2024-01-24,C,40,F,57.8,107.0,5,0,0,1,0,0
P10774,2024-01-25,B,65,M,85.7,83.0,2,0,0,0,0,0
P10775,2024-01-26,A,44,F,67.2,93.0,4,1,0,0,0,1
P10776,2024-01-30,C,53,M,83.2,90.0,4,0,0,0,0,0
P10777,2024-01-31,B,55,M,68.6,90.0,3,0,0,0,0,0
P10778,2024-01-31,A,35,F,49.7,100.0,2,1,0,0,0,0
P10779,2024-02-01,B,31,M,76.3,99.0,2,0,0,0,0,0
P10780,2024-02-02,B,65,F,40.3,68.0,3,0,0,0,1,1
P10781,2024-02-03,C,86,F,56.3,51.0,6,0,0,0,0,1
P10782,2024-02-06,B,61,M,67.6,85.0,1,0,0,0,1,0
P10783,2024-02-07,C,84,M,80.6,80.0,2,0,0,0,0,0
P10784,2024-02-07,A,51,M,64.4,77.0,2,0,0,0,0,0
P10789,2024-02-09,A,72,M,74.7,67.0,6,0,0,0,0,0
P10787,2024-02-09,A,67,M,61.3,58.0,3,0,1,0,0,0
P10786,2024-02-09,C,55,M,48.8,90.0,2,0,0,0,0,0
P10785,2024-02-09,C,55,F,70.6,58.0,6,0,0,0,0,0
P10788,2024-02-09,C,87,F,47.6,31.0,3,0,0,0,1,1
P10790,2024-02-10,A,64,F,57.3,90.0,4,0,1,0,0,0
P10792,2024-02-10,A,59,M,76.7,76.0,3,0,0,0,0,0
P10791,2024-02-10,B,49,M,72.3,74.0,4,0,0,0,0,0
P10793,2024-02-11,A,45,M,68.3,100.0,2,1,0,0,0,0
P10794,2024-02-14,C,54,M,65.5,71.0,0,0,0,0,0,0
P10797,2024-02-15,B,43,M,79.4,113.0,4,0,0,1,0,0
P10795,2024-02-15,B,58,M,66.7,86.0,4,0,0,0,0,0
P10796,2024-02-15,A,47,F,45.9,79.0,2,0,0,0,0,0
P10798,2024-02-18,B,32,M,89.6,114.0,3,0,0,0,0,0
P10799,2024-02-18,A,47,M,73.9,112.0,9,0,0,0,0,0
P10801,2024-02-19,B,18,F,76.1,135.0,1,0,0,0,0,0
P10800,2024-02-19,C,74,M,79.1,84.0,5,0,0,0,0,0
P10802,2024-02-20,B,41,F,56.8,101.0,5,0,0,0,0,0
P10804,2024-02-21,A,40,F,35.0,97.0,5,1,0,0,0,0
P10803,2024-02-21,A,72,M,69.9,83.0,3,1,0,0,0,0
P10807,2024-02-24,C,80,M,82.1,67.0,7,0,0,0,0,0
P10805,2024-02-24,B,37,F,78.3,108.0,2,0,0,0,0,0
P10806,2024-02-24,B,48,F,59.4,90.0,3,0,0,0,0,0
P10808,2024-02-25,A,55,M,63.9,76.0,6,0,0,0,0,0
P10810,2024-02-27,C,54,F,48.8,123.0,1,0,0,0,0,0
P10809,2024-02-27,A,64,F,53.2,72.0,4,0,0,0,0,0
P10811,2024-03-02,C,18,M,84.8,121.0,2,1,0,0,0,0
P10812,2024-03-04,A,46,M,85.7,88.0,3,0,0,0,0,0
P10813,2024-03-06,A,74,M,59.8,75.0,5,1,0,0,0,1
P10816,2024-03-08,B,50,M,89.6,99.0,2,0,0,0,0,0
P10814,2024-03-08,B,35,F,60.9,106.0,4,0,0,0,0,0
P10815,2024-03-08,A,72,F,51.1,83.0,5,0,0,1,1,1
P10817,2024-03-08,A,33,M,83.4,135.0,2,0,0,0,0,0
P10819,2024-03-09,A,61,F,64.3,96.0,6,1,0,0,0,0
P10818,2024-03-09,C,38,M,65.7,104.0,2,0,0,0,0,0
P10820,2024-03-10,C,52,F,63.2,122.0,7,1,0,0,0,0
P10821,2024-03-10,B,34,M,62.3,133.0,3,1,1,0,0,0
P10822,2024-03-11,C,45,M,73.0,106.0,3,0,0,0,0,0
P10823,2024-03-13,B,72,M,97.6,85.0,6,0,1,0,0,0
P10824,2024-03-14,A,52,M,40.7,96.0,1,0,0,0,0,0
P10825,2024-03-15,C,64,M,62.5,93.0,2,0,0,0,0,0
P10826,2024-03-17,C,61,M,51.4,88.0,5,0,1,1,0,0
P10829,2024-03-18,A,61,M,58.0,90.0,3,1,1,0,0,0
P10828,2024-03-18,A,62,M,69.7,107.0,6,0,1,0,0,0
P10827,2024-03-18,C,78,M,63.0,64.0,1,1,0,0,1,1
P10830,2024-03-19,C,49,F,57.8,85.0,6,0,1,0,0,0
P10832,2024-03-20,C,48,M,67.8,111.0,4,0,0,0,0,0
P10831,2024-03-20,B,33,M,80.3,96.0,2,0,0,0,0,0
P10833,2024-03-22,C,62,M,69.9,91.0,3,0,1,0,0,0
P10834,2024-03-22,B,40,M,71.4,91.0,5,0,0,0,0,0
P10836,2024-03-25,B,67,M,64.7,65.0,6,0,0,0,1,1
P10835,2024-03-25,A,64,M,64.9,88.0,3,0,0,0,0,0
P10837,2024-03-26,C,42,F,64.8,,6,1,1,0,0,1
P10838,2024-03-27,A,60,F,55.2,86.0,1,0,0,0,0,0
P10839,2024-03-27,B,55,M,69.9,104.0,3,0,0,0,0,0
P10840,2024-03-28,A,72,M,58.6,95.0,4,0,1,0,0,0
P10841,2024-03-29,C,75,M,77.1,60.0,3,0,0,0,0,0
P10842,2024-03-30,B,34,M,60.4,95.0,1,0,0,0,0,0
P10843,2024-04-03,C,79,F,48.5,92.0,2,1,0,0,1,1
P10844,2024-04-03,A,29,M,60.2,135.0,3,0,0,0,0,0
P10845,2024-04-04,C,69,M,76.2,81.0,4,0,1,0,0,1
P10847,2024-04-05,C,65,M,37.8,97.0,1,0,0,0,0,0
P10846,2024-04-05,C,34,M,74.1,110.0,2,0,0,0,0,0
P10848,2024-04-06,B,65,M,63.9,71.0,4,0,0,0,0,0
P10849,2024-04-06,B,59,M,58.4,84.0,2,1,0,0,0,0
P10850,2024-04-08,A,46,M,72.5,75.0,3,0,1,0,0,0
P10851,2024-04-09,B,29,F,69.2,110.0,4,0,0,0,0,0
P10852,2024-04-11,A,95,M,59.8,61.0,6,0,0,0,0,0
P10853,2024-04-11,C,18,M,74.0,91.0,2,0,0,0,0,0
P10854,2024-04-12,C,78,M,42.6,80.0,6,0,0,0,0,1
P10855,2024-04-12,B,66,M,67.5,82.0,4,0,1,1,1,1
P10856,2024-04-17,A,82,M,74.3,54.0,5,0,1,0,0,0
P10857,2024-04-17,A,46,F,56.2,95.0,3,0,0,0,0,0
P10858,2024-04-20,A,64,F,57.3,91.0,4,0,0,0,0,0
P10859,2024-04-20,B,33,M,96.2,96.0,1,1,0,0,0,0
P10860,2024-04-22,A,470,F,48.7,73.0,1,0,0,0,0,1
P10861,2024-04-23,B,79,M,53.9,76.0,3,1,0,0,0,1
P10862,2024-04-23,A,65,M,59.6,110.0,3,0,0,0,0,0
P10863,2024-04-25,A,87,M,60.1,75.0,4,0,0,0,0,0
P10864,2024-04-25,C,65,M,86.8,88.0,2,1,0,0,1,1
P10866,2024-04-27,A,57,M,44.8,100.0,5,0,0,0,0,0
P10865,2024-04-27,A,46,M,57.1,111.0,2,0,1,0,0,0
P10869,2024-04-28,A,75,M,69.2,87.0,6,0,0,0,1,0
P10868,2024-04-28,A,54,m,54.3,94.0,5,0,1,0,0,0
P10867,2024-04-28,A,68,M,84.1,76.0,1,0,0,0,0,0
P10870,2024-04-29,A,70,M,77.4,78.0,3,0,0,0,0,0
P10872,2024-04-30,B,69,M,52.8,78.0,1,1,1,0,1,1
P10871,2024-04-30,A,36,M,53.6,108.0,2,0,0,0,0,0
P10873,2024-05-01,B,62,F,41.9,89.0,5,0,0,0,1,1
P10874,2024-05-02,B,74,M,50.3,83.0,2,0,0,0,0,0
P10875,2024-05-02,C,82,F,47.2,51.0,2,0,0,0,0,0
P10876,2024-05-02,B,38,M,87.9,118.0,2,0,1,0,0,0
P10877,2024-05-04,B,30,M,67.6,111.0,2,1,0,0,0,0
P10880,2024-05-05,B,57,M,77.3,109.0,6,0,1,0,0,0
P10879,2024-05-05,B,64,M,65.9,78.0,2,0,0,0,0,0
P10878,2024-05-05,A,57,M,81.4,99.0,3,0,0,0,0,0
P10882,2024-05-06,B,47,M,61.0,84.0,3,0,0,0,0,0
P10881,2024-05-06,C,47,M,48.7,113.0,1,0,0,0,0,0
P10883,2024-05-07,C,46,M,65.2,90.0,3,0,0,0,0,0
P10884,2024-05-07,A,49,F,56.9,96.0,6,0,0,0,0,0
P10886,2024-05-08,B,67,M,74.4,93.0,6,0,0,0,0,0
P10887,2024-05-08,A,88,M,88.3,54.0,1,0,0,0,1,0
P10885,2024-05-08,A,32,M,68.4,92.0,2,0,0,0,0,0
P10888,2024-05-11,A,52,F,65.2,117.0,4,0,0,0,0,0
P10889,2024-05-11,B,48,M,93.4,108.0,2,0,1,0,0,0
P10890,2024-05-12,A,71,M,71.6,78.0,5,0,0,0,0,0
P10892,2024-05-13,C,68,F,50.2,61.0,4,0,0,0,0,0
P10891,2024-05-13,A,43,F,59.1,71.0,3,1,0,0,0,0
P10893,2024-05-14,A,54,F,68.9,130.0,1,0,0,0,0,0
P10894,2024-05-15,A,76,M,72.6,73.0,3,1,0,0,0,0
P10896,2024-05-18,A,54,F,72.5,78.0,6,0,0,0,0,0
P10895,2024-05-18,B,58,F,47.1,114.0,3,0,0,0,0,0
P10897,2024-05-19,B,40,M,64.0,91.0,2,1,1,0,1,1
P10898,2024-05-20,C,78,M,62.0,69.0,6,0,1,0,0,0
P10899,2024-05-21,B,35,M,58.5,88.0,2,0,0,0,0,0
P10900,2024-05-21,C,56,M,74.8,109.0,3,0,0,0,0,0
P10901,2024-05-21,A,70,M,80.6,73.0,4,0,0,0,0,0
P10902,2024-05-22,A,40,F,48.8,97.0,2,1,1,0,1,1
P10903,2024-05-24,C,41,M,53.3,109.0,3,0,0,0,0,0
P10904,2024-05-24,B,57,M,64.4,81.0,2,0,0,0,0,0
P10905,2024-05-24,C,44,M,76.7,94.0,1,1,1,0,0,0
P10907,2024-05-25,C,78,M,80.4,69.0,2,0,0,0,1,1
P10906,2024-05-25,B,29,M,49.2,122.0,2,0,0,0,0,0
P10908,2024-05-27,B,38,M,45.1,114.0,2,0,0,0,0,0
P10909,2024-05-28,A,62,M,79.2,46.0,8,0,1,1,1,1
P10910,2024-05-31,A,38,M,56.2,105.0,2,1,0,0,0,0
P10911,2024-06-01,C,64,M,89.0,57.0,2,0,0,0,0,0
P10912,2024-06-01,C,76,F,44.2,77.0,6,0,0,0,1,1
P10913,2024-06-03,B,85,F,52.1,49.0,8,0,0,0,1,1
P10914,2024-06-06,C,80,F,45.1,80.0,2,0,0,0,0,0
P10915,2024-06-07,B,27,M,96.8,121.0,5,1,0,1,0,0
P10915,2024-06-07,B,27,M,96.8,121.0,5,1,0,1,0,0
P10916,2024-06-09,C,49,M,64.5,88.0,3,1,0,0,0,0
P10917,2024-06-11,A,77,F,48.5,68.0,7,0,0,0,0,1
P10918,2024-06-11,B,60,M,97.2,85.0,4,1,0,0,1,1
P10920,2024-06-13,A,79,M,52.6,62.0,8,0,0,0,0,0
P10919,2024-06-13,C,85,F,55.6,42.0,2,0,1,0,0,0
P10921,2024-06-14,A,48,F,66.9,99.0,7,0,0,0,0,0
P10922,2024-06-15,B,41,M,69.5,76.0,4,0,0,0,0,0
P10923,2024-06-16,B,53,M,65.4,77.0,1,0,0,0,1,1
P10925,2024-06-18,A,48,M,71.3,128.0,6,0,1,0,0,0
P10924,2024-06-18,A,26,M,91.0,74.0,1,1,0,0,1,1
P10926,2024-06-18,A,70,M,68.8,79.0,4,0,0,0,1,1
P10927,2024-06-19,A,80,F,53.0,72.0,5,0,0,0,0,0
P10928,2024-06-19,C,74,F,78.8,93.0,5,0,0,0,0,0
P10929,2024-06-21,A,33,F,35.0,131.0,3,0,0,0,0,0
P10931,2024-06-23,A,61,M,44.3,101.0,6,0,0,1,0,1
P10930,2024-06-23,B,51,M,83.9,84.0,7,1,0,0,0,0
P10932,2024-06-24,A,37,M,76.3,105.0,5,0,0,0,0,0
P10933,2024-06-25,C,60,F,35.0,83.0,4,0,0,0,0,0
P10933,2024-06-25,C,60,F,35.0,83.0,4,0,0,0,0,0
P10934,2024-06-25,C,53,F,43.2,115.0,4,1,0,0,0,0
P10935,2024-06-26,B,61,M,82.0,98.0,3,1,0,0,0,1
P10936,2024-06-26,A,53,M,53.3,,3,0,0,0,0,0
P10937,2024-06-28,B,60,M,84.8,91.0,3,0,0,0,0,0
P10938,2024-06-28,B,43,M,67.1,105.0,6,0,0,0,1,1
P10939,2024-06-28,A,64,F,75.6,66.0,3,0,0,0,0,0
P10940,2024-06-29,A,62,F,58.8,82.0,3,0,0,0,0,0
P10941,2024-06-30,C,59,M,75.2,110.0,4,0,0,0,0,0
P10942,2024-07-01,C,67,M,76.2,72.0,7,0,0,0,0,0
P10943,2024-07-01,C,49,F,63.3,90.0,5,1,0,0,0,0
P10944,2024-07-01,A,41,M,52.7,115.0,0,0,1,0,0,0
P10945,2024-07-02,B,33,M,70.0,89.0,1,0,1,0,0,0
P10946,2024-07-04,A,50,F,57.1,98.0,1,0,0,1,0,0
P10948,2024-07-06,B,43,M,57.3,89.0,4,0,0,0,0,0
P10947,2024-07-06,B,40,M,72.1,84.0,2,1,0,0,1,1
P10949,2024-07-09,A,67,M,62.7,82.0,4,0,0,0,0,0
P10950,2024-07-13,C,63,M,107.7,41.0,2,0,0,0,0,0
P10951,2024-07-13,C,27,F,71.6,122.0,2,0,0,0,0,0
P10952,2024-07-16,B,57,M,67.6,75.0,4,0,1,0,0,0
P10953,2024-07-16,A,42,M,72.2,80.0,3,1,0,0,0,0
P10954,2024-07-16,A,82,M,79.3,,8,0,0,0,0,0
P10956,2024-07-17,B,67,M,74.2,89.0,7,1,1,0,1,1
P10955,2024-07-17,A,72,F,74.5,58.0,4,0,0,0,0,0
P10957,2024-07-18,A,18,M,48.6,122.0,0,0,0,0,0,0
P10958,2024-07-19,B,76,M,62.2,74.0,5,0,1,0,0,0
P10960,2024-07-21,A,49,F,63.0,91.0,4,0,0,0,0,0
P10959,2024-07-21,B,59,M,67.9,69.0,5,0,0,0,0,0
P10961,2024-07-22,B,66,M,73.2,86.0,6,0,0,0,0,0
P10962,2024-07-22,A,44,female,65.7,63.0,2,0,0,0,0,0
P10963,2024-07-23,A,75,F,73.3,61.0,6,0,0,0,0,0
P10964,2024-07-24,A,35,M,81.0,131.0,4,0,0,0,0,0
P10966,2024-07-25,A,39,F,65.7,101.0,2,0,0,0,0,0
P10965,2024-07-25,B,44,M,65.3,95.0,1,0,0,0,0,0
P10967,2024-07-25,C,30,F,61.9,132.0,3,0,0,0,0,0
P10968,2024-07-26,A,83,M,72.2,53.0,5,1,0,0,1,1
P10969,2024-07-26,A,61,F,46.5,74.0,1,1,0,0,0,0
P10970,2024-07-27,C,77,M,52.4,63.0,6,0,0,0,0,0
P10971,2024-07-28,C,56,M,66.7,95.0,4,0,0,0,0,0
P10972,2024-07-30,A,48,M,63.4,107.0,4,0,0,0,0,0
P10973,2024-08-01,A,52,M,52.7,101.0,1,0,0,1,1,0
P10974,2024-08-02,C,71,M,92.5,67.0,1,0,0,0,0,0
P10975,2024-08-02,A,47,F,48.3,116.0,3,0,0,0,0,1
P10976,2024-08-03,B,44,M,43.1,69.0,3,0,0,0,0,0
P10977,2024-08-04,B,40,M,82.1,96.0,2,0,0,0,0,0
P10978,2024-08-05,A,72,M,64.0,71.0,6,0,0,0,0,0
P10980,2024-08-06,B,40,M,58.6,111.0,4,1,0,0,0,0
P10979,2024-08-06,B,61,M,71.8,88.0,4,1,1,0,0,0
P10981,2024-08-10,C,81,F,62.3,60.0,4,1,0,0,0,1
P10982,2024-08-11,A,39,M,60.4,88.0,6,0,0,1,0,0
P10983,2024-08-13,C,64,F,59.4,93.0,10,1,0,0,0,0
P10984,2024-08-14,C,36,M,78.3,104.0,4,0,0,0,0,0
P10985,2024-08-16,A,38,F,69.5,135.0,3,0,0,0,0,0
P10987,2024-08-18,B,44,F,35.5,94.0,1,0,1,0,0,1
P10986,2024-08-18,C,35,F,53.5,106.0,1,0,0,0,0,0
P10988,2024-08-21,B,56,M,75.4,88.0,4,0,0,0,0,0
P10989,2024-08-23,A,47,M,85.3,82.0,3,0,0,0,0,0
P10990,2024-08-24,A,34,F,61.0,85.0,2,0,0,0,0,0
P10991,2024-08-26,A,84,F,59.3,74.0,5,0,0,0,0,0
P10992,2024-08-29,B,68,M,61.1,86.0,5,0,0,0,0,0
P10994,2024-08-31,A,44,F,86.2,73.0,1,0,0,0,0,0
P10993,2024-08-31,C,83,M,72.7,44.0,3,0,1,0,0,0
P10997,2024-09-02,A,45,M,76.5,76.0,2,0,0,0,1,1
P10995,2024-09-02,A,32,F,56.8,100.0,2,1,0,0,1,1
P10996,2024-09-02,A,54,M,84.3,81.0,1,1,0,0,0,0
P10998,2024-09-03,C,30,M,91.6,132.0,2,0,0,0,0,0
P10999,2024-09-03,C,61,M,66.6,73.0,5,0,0,0,0,0
P11000,2024-09-04,C,41,M,62.0,100.0,5,0,0,0,0,0
P11001,2024-09-05,C,75,F,56.4,96.0,2,1,0,1,0,0
P11002,2024-09-05,A,48,M,75.7,95.0,3,0,1,0,0,0
P11004,2024-09-06,B,33,M,63.3,117.0,3,0,0,0,1,0
P11003,2024-09-06,C,52,M,94.4,94.0,1,0,0,0,0,0
P11005,2024-09-07,B,76,M,78.1,68.0,5,0,0,0,0,0
P11006,2024-09-09,A,72,M,63.8,89.0,3,0,0,0,0,0
P11007,2024-09-12,A,42,M,68.7,89.0,2,0,0,0,0,0
P11008,2024-09-13,A,62,M,72.1,88.0,3,0,0,0,0,0
P11009,2024-09-13,A,40,F,67.5,118.0,2,0,0,0,0,0
P11010,2024-09-13,C,36,F,79.5,105.0,4,1,0,0,0,0
P11011,2024-09-14,B,42,M,58.8,87.0,3,0,0,0,1,1
P11012,2024-09-14,C,40,F,52.8,113.0,1,1,0,0,0,0
P11013,2024-09-14,B,45,M,75.1,117.0,1,0,0,0,0,0
P11014,2024-09-15,C,28,F,53.3,115.0,2,0,0,0,0,0
P11015,2024-09-15,C,65,M,45.4,100.0,2,1,0,0,0,0
P11016,2024-09-16,A,69,M,57.4,97.0,4,0,0,0,0,0
P11017,2024-09-17,C,39,M,58.6,108.0,3,1,0,0,0,0
P11018,2024-09-17,C,55,M,55.4,73.0,4,0,0,0,0,0
P11019,2024-09-18,A,66,M,83.4,67.0,7,1,1,0,0,0
P11020,2024-09-18,A,60,F,61.2,,6,0,0,0,0,0
P11021,2024-09-19,B,69,M,53.7,96.0,8,0,0,0,0,0
P11022,2024-09-20,A,49,M,58.1,101.0,9,0,0,0,0,0
P11023,2024-09-21,A,31,F,51.5,114.0,5,0,0,0,1,0
P11024,2024-09-22,C,42,M,65.4,108.0,2,0,0,0,0,0
P11025,2024-09-24,B,65,M,73.2,77.0,5,0,0,0,0,0
P11029,2024-09-25,C,45,M,72.8,89.0,2,0,0,0,0,0
P11028,2024-09-25,C,73,M,64.7,92.0,4,0,0,0,0,0
P11027,2024-09-25,A,69,F,56.9,50.0,4,0,0,0,0,0
P11026,2024-09-25,A,61,F,56.4,121.0,3,0,0,1,0,0
P11031,2024-09-27,C,91,M,74.3,68.0,6,0,0,0,0,1
P11030,2024-09-27,A,50,M,58.7,92.0,4,0,0,0,1,1
P11034,2024-09-28,A,70,M,66.6,92.0,6,0,0,0,0,0
P11032,2024-09-28,C,64,M,41.9,86.0,6,0,0,0,0,0
P11033,2024-09-28,B,35,M,57.1,91.0,3,0,0,0,0,0
P11035,2024-09-29,A,61,M,56.5,103.0,1,0,0,1,0,0
P11036,2024-09-30,C,43,M,73.1,126.0,4,0,1,0,0,0
P11037,2024-09-30,A,67,M,56.5,67.0,5,0,0,0,0,0
P11038,2024-10-01,B,52,F,50.0,101.0,5,1,0,0,0,0
P11039,2024-10-03,B,41,F,51.1,91.0,2,0,0,1,0,0
P11040,2024-10-03,A,51,F,56.6,87.0,0,1,1,0,0,0
P11041,2024-10-05,B,64,M,76.8,62.0,2,0,0,0,0,0
P11042,2024-10-07,A,64,female,79.2,68.0,3,0,0,0,0,0
P11043,2024-10-07,B,68,M,74.9,58.0,4,0,0,0,1,1
P11044,2024-10-08,A,75,M,46.4,82.0,4,0,0,0,0,0
P11045,2024-10-12,B,48,M,69.9,117.0,3,0,0,0,0,0
P11046,2024-10-13,A,31,F,62.4,107.0,4,0,0,1,0,0
P11047,2024-10-14,B,21,M,62.2,122.0,1,0,0,0,0,0
P11048,2024-10-14,B,51,M,73.2,77.0,4,0,0,0,0,0
P11049,2024-10-16,A,38,M,72.0,92.0,0,0,1,0,0,0
P11050,2024-10-16,C,59,M,66.3,63.0,6,0,0,0,1,1
P11052,2024-10-17,B,61,F,67.6,73.0,7,0,1,0,0,0
P11051,2024-10-17,B,47,M,71.6,118.0,2,0,1,0,0,0
P11053,2024-10-18,A,77,F,51.2,57.0,5,0,0,0,0,0
P11054,2024-10-19,A,65,F,46.2,91.0,4,0,0,0,1,0
P11055,2024-10-20,A,50,M,54.2,122.0,3,0,0,1,0,0
P11056,2024-10-20,A,58,F,64.7,53.0,7,0,1,0,1,1
P11057,2024-10-21,A,80,F,57.1,39.0,5,0,1,0,1,1
P11058,2024-10-23,B,68,M,73.8,81.0,8,0,0,1,1,0
P11059,2024-10-24,B,40,M,55.0,94.0,3,0,1,0,0,0
P11061,2024-10-25,A,63,M,88.6,74.0,4,0,0,0,0,0
P11060,2024-10-25,C,65,F,62.1,81.0,5,0,0,0,0,0
P11063,2024-10-26,C,72,M,54.1,67.0,5,0,0,0,0,0
P11062,2024-10-26,A,52,F,54.6,105.0,5,0,0,0,0,0
P11064,2024-10-28,B,76,M,71.3,85.0,7,0,0,0,0,0
P11065,2024-11-01,B,69,M,65.7,80.0,5,0,0,0,0,1
P11066,2024-11-01,A,60,F,55.8,105.0,2,0,1,0,1,1
P11067,2024-11-02,C,65,M,73.0,85.0,2,0,0,0,0,0
P11068,2024-11-03,C,86,M,80.7,77.0,4,0,0,0,0,0
P11069,2024-11-04,C,41,M,85.4,95.0,1,0,0,0,0,0
P11070,2024-11-05,B,67,M,91.1,75.0,7,1,0,0,0,0
P11072,2024-11-07,C,60,M,73.5,66.0,4,0,1,0,0,0
P11071,2024-11-07,B,88,M,63.4,66.0,6,0,0,0,0,0
P11073,2024-11-08,C,49,M,74.5,102.0,3,0,1,0,0,1
P11075,2024-11-09,C,88,M,63.8,55.0,6,0,1,0,1,1
P11074,2024-11-09,C,54,M,80.4,82.0,4,0,0,0,0,0
P11077,2024-11-11,C,72,M,67.0,83.0,1,0,0,1,0,0
P11078,2024-11-11,A,59,F,59.8,60.0,4,0,0,0,0,0
P11076,2024-11-11,A,38,M,58.0,91.0,2,0,1,0,0,0
P11080,2024-11-12,B,66,F,47.3,84.0,3,0,1,1,0,0
P11079,2024-11-12,C,57,M,58.7,95.0,4,0,0,1,0,0
P11082,2024-11-13,A,52,M,64.3,90.0,1,0,0,1,1,1
P11081,2024-11-13,C,70,M,75.0,83.0,7,0,0,0,0,0
P11084,2024-11-15,C,36,F,57.5,92.0,3,1,0,0,0,0
P11083,2024-11-15,C,48,M,80.7,105.0,3,0,0,0,0,0
P11085,2024-11-16,B,57,M,74.8,104.0,0,0,0,0,0,0
P11086,2024-11-18,B,70,M,65.2,84.0,7,1,0,0,0,0
P11087,2024-11-19,B,53,F,43.3,102.0,4,0,0,0,0,0
P11088,2024-11-19,A,56,F,50.5,87.0,6,0,0,0,0,0
P11089,2024-11-19,A,21,M,61.8,111.0,1,0,0,0,0,0
P11090,2024-11-24,C,57,M,75.9,95.0,1,0,0,0,0,0
P11091,2024-11-26,A,45,M,58.3,121.0,2,0,0,0,0,0
P11092,2024-11-26,A,61,M,72.6,67.0,4,0,0,1,0,0
P11091,2024-11-26,A,45,M,58.3,121.0,2,0,0,0,0,0
P11093,2024-11-27,A,57,M,74.9,53.0,0,1,1,0,1,1
P11094,2024-11-29,B,48,M,71.9,111.0,3,0,0,0,0,0
P11095,2024-12-01,A,77,M,69.1,60.0,5,0,0,0,0,0
P11096,2024-12-02,A,52,M,63.8,92.0,4,1,0,0,0,0
P11097,2024-12-02,C,80,F,56.3,81.0,9,0,1,0,1,1
P11098,2024-12-05,A,50,M,72.6,100.0,1,0,0,0,0,0
P11099,2024-12-05,A,56,M,70.1,81.0,3,1,0,0,0,0
P11100,2024-12-13,C,80,M,77.3,48.0,3,0,0,0,0,0
P11101,2024-12-13,A,57,M,57.3,75.0,2,0,0,0,0,0
P11102,2024-12-15,B,54,M,61.3,99.0,4,0,0,0,0,0
P11103,2024-12-15,C,78,M,73.0,94.0,3,0,0,0,0,0
P11104,2024-12-15,C,63,M,74.0,85.0,2,0,0,0,0,0
P11107,2024-12-16,A,60,M,71.3,79.0,7,0,0,0,0,0
P11108,2024-12-16,C,58,F,55.3,80.0,3,0,0,0,0,0
P11105,2024-12-16,B,63,F,52.8,98.0,4,1,0,0,0,0
P11106,2024-12-16,A,44,M,65.3,106.0,4,0,0,0,0,0
P11109,2024-12-19,C,50,m,61.5,107.0,4,0,0,0,0,0
P11110,2024-12-20,A,38,M,48.8,95.0,1,0,1,1,0,0
P11111,2024-12-20,B,30,M,55.6,112.0,1,1,0,0,0,0
P11112,2024-12-21,A,63,M,79.3,112.0,3,0,0,1,0,0
P11113,2024-12-21,B,64,M,77.6,93.0,2,0,1,0,0,0
P11114,2024-12-23,C,61,F,54.1,100.0,2,0,0,0,0,0
P11116,2024-12-24,B,52,M,86.2,86.0,3,0,0,0,0,0
P11115,2024-12-24,C,67,F,57.4,73.0,6,0,0,0,1,1
P11120,2024-12-25,B,34,M,68.1,103.0,3,1,1,0,0,0
P11118,2024-12-25,B,60,M,53.8,80.0,4,0,1,0,0,0
P11117,2024-12-25,B,33,F,76.5,125.0,3,0,1,0,0,0
P11119,2024-12-25,A,40,M,64.0,88.0,5,0,1,0,0,0
P11121,2024-12-27,B,69,M,62.2,62.0,3,0,0,1,1,1
P11123,2024-12-29,C,43,M,57.7,102.0,6,1,0,0,0,0
P11122,2024-12-29,B,32,F,67.8,99.0,2,0,0,0,0,0
P11124,2024-12-30,A,65,F,63.3,92.0,0,1,1,0,0,0
P11125,2024-12-31,A,42,M,82.1,85.0,4,1,1,0,0,0
P11126,2025-01-01,B,65,M,74.0,74.0,6,1,0,0,1,1
P11127,2025-01-02,B,42,M,76.7,118.0,7,0,0,0,0,0
P11128,2025-01-02,B,73,F,67.6,54.0,6,0,0,0,1,1
P11129,2025-01-04,B,35,M,61.2,129.0,2,0,0,0,0,0
P11131,2025-01-05,A,68,M,56.4,99.0,5,1,0,0,0,1
P11130,2025-01-05,B,86,M,85.6,63.0,8,0,0,0,0,0
P11132,2025-01-07,C,95,M,84.9,56.0,5,1,0,0,0,1
P11133,2025-01-11,A,80,M,72.9,75.0,7,1,0,1,0,0
P11134,2025-01-12,A,31,M,69.6,108.0,8,0,0,0,0,0
P11136,2025-01-14,C,64,M,73.7,74.0,6,1,0,0,0,0
P11135,2025-01-14,A,51,M,87.7,80.0,5,1,0,0,0,0
P11137,2025-01-15,B,48,F,67.8,96.0,4,1,0,0,0,0
P11138,2025-01-16,C,51,F,57.6,,4,0,0,0,0,0
P11140,2025-01-20,B,76,F,67.8,92.0,3,1,0,0,0,0
P11139,2025-01-20,B,87,M,81.6,67.0,8,0,0,0,0,0
P11141,2025-01-21,B,75,M,71.9,75.0,8,0,0,0,0,1
P11142,2025-01-23,C,60,F,73.8,87.0,7,0,0,1,0,0
P11143,2025-01-24,B,73,M,66.9,67.0,7,0,0,0,0,0
P11145,2025-01-27,C,68,M,64.5,88.0,8,0,0,0,0,0
P11144,2025-01-27,A,49,M,68.5,81.0,2,1,0,0,0,0
P11146,2025-01-29,B,55,F,53.7,96.0,6,0,0,0,1,1
P11147,2025-01-30,B,75,M,43.6,77.0,3,0,0,0,0,0
P11149,2025-01-30,B,56,M,58.5,94.0,1,0,0,0,0,0
P11148,2025-01-30,C,95,M,71.6,61.0,8,0,0,0,1,1
P11151,2025-01-31,A,48,F,51.6,87.0,5,1,0,0,0,0
P11150,2025-01-31,B,64,F,53.1,91.0,4,1,0,0,0,0
P11154,2025-02-02,B,57,F,48.1,86.0,5,0,0,0,0,0
P11153,2025-02-02,B,61,M,77.0,81.0,3,0,1,0,0,1
P11152,2025-02-02,A,49,F,64.5,85.0,3,0,0,0,0,0
P11155,2025-02-03,A,52,M,59.2,96.0,2,0,0,0,0,0
P11156,2025-02-04,B,83,M,53.4,,4,1,0,0,0,0
P11157,2025-02-05,B,41,M,61.8,121.0,7,0,0,0,1,1
P11159,2025-02-06,A,74,F,60.6,75.0,7,0,0,0,1,1
P11158,2025-02-06,A,79,M,74.9,86.0,6,0,0,0,0,0
P11160,2025-02-06,C,49,M,82.1,106.0,4,0,0,1,1,0
P11161,2025-02-08,A,89,M,72.1,60.0,7,1,0,0,0,1
P11164,2025-02-09,A,69,M,46.3,75.0,4,0,0,0,0,0
P11163,2025-02-09,B,56,M,84.4,101.0,7,0,0,0,0,0
P11162,2025-02-09,A,83,M,79.5,69.0,4,0,1,0,0,0
P11165,2025-02-10,C,60,M,77.4,97.0,2,0,1,0,0,0
P11166,2025-02-12,B,82,F,50.1,68.0,8,0,0,1,1,1
P11168,2025-02-12,B,95,F,55.6,58.0,5,0,0,0,0,0
P11167,2025-02-12,A,89,M,45.7,94.0,5,0,0,0,0,0
P11169,2025-02-13,A,51,M,73.7,90.0,2,1,0,0,0,0
P11170,2025-02-14,A,79,M,49.9,84.0,8,0,1,0,0,0
P11171,2025-02-16,B,83,M,71.2,58.0,3,0,0,0,0,0
P11172,2025-02-17,A,55,M,85.5,77.0,11,1,0,0,0,1
P11173,2025-02-20,A,67,F,38.8,76.0,4,0,0,0,0,0
P11176,2025-02-21,A,57,M,47.6,102.0,8,0,0,0,1,1
P11175,2025-02-21,B,47,F,52.7,112.0,4,0,0,0,0,0
P11174,2025-02-21,A,70,M,76.0,,2,0,0,0,0,0
P11179,2025-02-22,B,40,F,73.9,106.0,6,0,0,0,0,0
P11177,2025-02-22,C,31,F,59.7,128.0,3,0,0,0,0,0
P11178,2025-02-22,A,56,M,61.2,85.0,3,0,1,0,0,0
P11180,2025-02-23,B,70,M,49.5,66.0,5,0,1,0,0,0
P11183,2025-02-23,B,85,F,80.9,56.0,6,0,0,0,0,0
P11182,2025-02-23,C,69,F,67.8,84.0,2,0,0,0,0,0
P11181,2025-02-23,B,74,F,50.5,98.0,5,0,1,0,0,1
P11184,2025-02-24,A,55,F,52.9,84.0,5,1,0,0,1,1
P11186,2025-02-26,B,75,F,62.3,79.0,7,0,0,1,0,0
P11185,2025-02-26,A,64,M,72.9,83.0,7,0,1,0,0,0
P11187,2025-02-27,A,44,F,56.9,116.0,5,0,0,0,0,0
P11188,2025-02-27,C,56,M,59.2,98.0,3,1,0,0,0,0
P11189,2025-02-28,A,43,F,47.9,87.0,7,0,1,0,0,0
P11190,2025-03-02,C,65,M,71.5,83.0,5,1,0,0,0,0
P11191,2025-03-03,B,49,F,71.1,94.0,7,0,0,0,0,0
P11192,2025-03-05,A,84,M,72.8,60.0,5,1,0,0,0,0
P11193,2025-03-06,A,35,M,70.5,103.0,3,0,0,0,0,0
P11194,2025-03-08,B,93,M,69.4,59.0,10,0,0,0,0,0
P11195,2025-03-08,A,80,F,49.6,108.0,12,1,0,0,1,1
P11196,2025-03-08,C,65,M,83.7,99.0,6,0,0,0,0,0
P11198,2025-03-10,A,71,M,88.5,85.0,4,0,0,0,0,0
P11197,2025-03-10,B,50,M,67.2,102.0,4,1,0,0,0,0
P11199,2025-03-11,A,60,F,46.9,100.0,5,1,0,0,0,0
P11200,2025-03-15,C,52,F,48.6,88.0,3,0,0,0,0,0
P11201,2025-03-16,A,47,M,59.9,105.0,4,0,0,0,0,0
P11202,2025-03-16,B,90,F,68.1,79.0,4,0,1,0,0,0
P11203,2025-03-16,A,60,M,71.2,109.0,4,0,0,0,1,0
P11204,2025-03-18,B,71,F,75.8,73.0,7,0,0,0,0,0
P11205,2025-03-19,A,78,M,55.6,88.0,7,0,0,0,0,0
P11206,2025-03-21,C,80,m,62.6,63.0,6,0,0,0,0,0
P11207,2025-03-22,C,77,M,80.3,84.0,2,0,0,0,0,0
P11208,2025-03-22,C,55,F,51.0,67.0,7,1,0,0,1,1
P11209,2025-03-24,B,70,M,62.2,80.0,7,0,0,0,1,1
P11210,2025-03-25,C,56,M,72.7,,6,0,0,0,0,0
P11211,2025-03-25,B,61,M,48.5,109.0,2,1,0,0,0,0
P11212,2025-03-26,A,57,M,77.5,85.0,2,0,0,0,0,0
P11213,2025-03-26,C,48,F,46.0,95.0,2,0,0,0,0,0
P11214,2025-03-28,A,73,M,69.7,80.0,4,1,0,1,1,1
P11215,2025-03-30,A,51,F,59.1,80.0,6,0,0,0,0,0
P11216,2025-03-31,A,72,F,42.2,74.0,5,0,0,0,0,1
P11217,2025-03-31,A,61,F,57.1,97.0,4,0,0,0,0,0
P11218,2025-04-01,B,74,M,91.9,79.0,10,0,0,1,1,1
P11219,2025-04-01,A,48,M,83.8,89.0,6,0,1,0,0,0
P11220,2025-04-02,C,61,F,49.9,91.0,5,0,0,0,0,0
P11221,2025-04-02,A,86,M,61.6,80.0,9,1,0,0,1,1
P11222,2025-04-03,B,56,M,62.4,98.0,7,0,0,0,0,0
P11223,2025-04-04,B,67,M,91.8,82.0,8,0,0,0,0,0
P11224,2025-04-06,C,69,M,48.9,68.0,6,0,1,0,1,1
P11226,2025-04-08,A,72,M,64.5,82.0,8,0,0,0,0,1
P11225,2025-04-08,C,46,M,65.7,107.0,5,0,0,0,0,0
P11227,2025-04-09,C,76,M,87.8,74.0,4,0,0,0,0,0
P11228,2025-04-10,A,60,F,59.2,79.0,3,0,0,0,0,0
P11229,2025-04-11,B,74,M,72.0,92.0,5,0,0,0,0,0
P11233,2025-04-13,A,73,M,67.6,67.0,5,0,0,0,0,0
P11230,2025-04-13,B,59,M,56.4,92.0,2,0,0,0,0,0
P11231,2025-04-13,B,41,M,74.6,85.0,2,0,0,0,0,0
P11232,2025-04-13,B,66,M,64.5,82.0,6,0,0,0,0,0
P11234,2025-04-14,A,59,M,66.0,93.0,5,0,0,0,1,1
P11235,2025-04-14,A,43,M,75.4,122.0,5,0,0,0,0,0
P11236,2025-04-14,C,43,M,72.0,91.0,5,0,1,0,0,1
P11237,2025-04-14,A,58,M,54.6,76.0,1,0,0,0,0,0
P11238,2025-04-15,C,74,M,97.6,82.0,8,0,0,0,0,0
P11239,2025-04-16,A,34,M,93.0,94.0,4,1,0,0,0,0
P11241,2025-04-18,B,75,F,56.4,73.0,7,0,0,1,0,1
P11240,2025-04-18,A,53,M,62.7,76.0,5,0,0,0,0,0
P11243,2025-04-19,C,43,M,72.5,118.0,3,1,0,0,0,0
P11242,2025-04-19,C,56,F,63.2,103.0,6,0,0,0,0,0
P11244,2025-04-19,A,55,F,59.1,93.0,8,1,1,0,0,0
P11245,2025-04-21,B,90,M,54.9,55.0,5,0,0,0,1,1
P11247,2025-04-22,A,71,F,63.9,97.0,5,0,1,0,1,1
P11246,2025-04-22,B,76,F,58.3,96.0,4,0,0,0,0,0
P11248,2025-04-24,A,76,M,68.2,80.0,5,0,0,1,0,0
P11249,2025-04-26,C,73,M,64.0,85.0,4,1,1,0,0,0
P11252,2025-04-27,A,43,F,54.1,92.0,3,0,0,0,0,0
P11251,2025-04-27,A,78,M,75.2,90.0,5,1,0,0,0,0
P11250,2025-04-27,A,58,M,73.6,93.0,6,1,0,0,0,0
P11253,2025-04-28,B,57,M,71.6,89.0,3,0,0,0,0,0
P11254,2025-04-29,C,63,M,59.5,71.0,2,0,0,0,0,0
P11255,2025-04-30,A,59,F,55.0,88.0,0,0,0,0,0,0
P11256,2025-05-02,A,59,M,86.1,109.0,8,1,0,0,0,0
P11257,2025-05-02,A,76,M,57.1,68.0,4,0,0,0,0,0
P11258,2025-05-03,A,63,M,72.7,,7,0,0,0,0,0
P11259,2025-05-04,A,58,F,79.1,70.0,7,0,0,0,0,0
P11260,2025-05-05,A,59,M,77.2,70.0,7,0,0,0,0,0
P11261,2025-05-06,C,72,M,61.9,,8,0,1,0,1,1
P11263,2025-05-07,A,47,F,59.4,76.0,3,0,0,0,0,0
P11262,2025-05-07,A,65,M,88.2,86.0,3,0,0,0,0,0
P11264,2025-05-08,B,76,F,65.5,66.0,1,0,1,0,1,1
P11265,2025-05-10,B,61,M,72.9,96.0,4,1,0,0,0,0
P11266,2025-05-10,B,77,M,63.2,70.0,6,0,1,0,1,1
P11267,2025-05-12,A,50,M,64.4,114.0,10,0,1,0,0,0
P11268,2025-05-15,A,71,M,76.9,80.0,8,0,1,0,1,1
P11269,2025-05-16,A,60,M,87.6,103.0,10,1,0,0,1,1
P11271,2025-05-18,A,65,M,70.9,84.0,5,0,0,0,0,0
P11270,2025-05-18,A,61,M,49.2,72.0,7,0,0,0,0,0
P11274,2025-05-22,B,32,F,53.5,101.0,3,1,0,0,0,0
P11273,2025-05-22,B,62,F,64.1,94.0,8,0,0,0,0,0
P11272,2025-05-22,A,66,F,52.7,58.0,9,0,0,0,0,1
P11275,2025-05-23,B,63,F,51.2,92.0,4,0,0,0,0,0
P11276,2025-05-23,A,32,M,84.3,79.0,5,1,0,0,0,0
P11277,2025-05-25,A,79,F,61.8,76.0,8,0,1,0,0,1
P11278,2025-05-26,C,71,M,80.5,84.0,2,0,0,0,1,1
P11279,2025-05-26,C,83,M,74.2,64.0,10,1,0,0,0,1
P11280,2025-05-27,C,95,M,72.4,34.0,4,1,0,0,1,1
P11282,2025-05-28,B,55,M,59.0,70.0,2,0,0,0,0,0
P11281,2025-05-28,C,69,F,51.4,75.0,8,0,1,0,1,1
P11283,2025-05-28,B,56,F,46.9,94.0,3,0,0,0,0,0
P11284,2025-05-29,A,41,M,49.7,121.0,10,0,0,0,0,0
P11286,2025-05-31,C,84,M,69.6,79.0,6,1,0,0,1,0
P11285,2025-05-31,B,59,F,46.5,80.0,9,0,1,0,1,1
P11287,2025-05-31,A,49,F,52.0,101.0,7,0,0,0,0,1
P11288,2025-05-31,A,52,M,69.7,93.0,5,1,0,0,0,0
P11289,2025-05-31,A,78,F,54.6,,3,0,0,0,0,0
P11290,2025-06-01,A,66,F,50.5,66.0,9,1,0,0,1,1
P11291,2025-06-02,C,67,F,47.8,66.0,3,0,0,0,0,0
P11292,2025-06-04,B,81,M,74.0,70.0,7,0,0,0,1,1
P11293,2025-06-05,B,68,F,62.6,76.0,6,1,0,0,1,1
P11297,2025-06-06,B,45,M,59.9,126.0,3,0,0,0,0,0
P11294,2025-06-06,A,63,F,35.6,60.0,7,0,0,0,0,1
P11298,2025-06-06,A,53,F,72.5,107.0,5,1,0,0,0,0
P11295,2025-06-06,C,64,M,83.5,110.0,3,0,1,0,1,1
P11296,2025-06-06,A,86,M,64.3,49.0,7,1,1,1,0,0
P11299,2025-06-07,B,77,M,49.3,67.0,6,1,0,0,1,1
P11300,2025-06-07,B,71,M,52.9,73.0,7,1,0,0,0,0
P11301,2025-06-07,A,37,M,57.2,123.0,4,0,0,0,0,0
P11302,2025-06-07,A,58,M,73.3,63.0,8,1,0,0,0,0
P11303,2025-06-07,A,65,M,91.7,70.0,8,0,0,0,1,1
P11304,2025-06-08,B,37,F,50.4,126.0,2,0,1,0,0,0
P11305,2025-06-11,C,70,M,76.8,77.0,9,0,0,0,0,0
P11306,2025-06-16,A,68,M,84.8,84.0,5,0,0,0,0,0
P11307,2025-06-19,C,45,F,66.1,107.0,6,0,1,0,0,0
P11309,2025-06-22,C,75,M,74.0,71.0,8,0,0,0,1,1
P11308,2025-06-22,B,76,M,74.4,99.0,5,0,1,0,0,1
P11310,2025-06-23,A,66,M,77.1,90.0,7,1,0,1,0,1
P11311,2025-06-25,A,58,F,60.3,84.0,5,0,1,0,0,0
P11313,2025-06-26,B,77,M,70.3,78.0,6,0,1,0,1,1
P11312,2025-06-26,C,48,M,76.3,100.0,7,0,0,0,0,0
P11314,2025-06-27,B,59,F,69.9,116.0,9,0,1,0,0,0
P11316,2025-06-28,B,79,M,56.3,67.0,5,0,0,0,0,0
P11315,2025-06-28,C,57,M,76.1,63.0,9,0,0,0,0,0
P11317,2025-06-29,B,87,M,44.0,95.0,5,0,0,0,0,0
P11320,2025-06-30,A,55,F,51.8,89.0,6,0,0,1,0,0
P11318,2025-06-30,C,49,M,74.1,97.0,4,0,0,0,0,0
P11319,2025-06-30,B,84,M,81.2,,6,1,0,0,0,1
P11321,2025-07-01,A,68,M,76.8,58.0,7,0,0,0,0,0
P11322,2025-07-01,B,44,M,57.5,88.0,5,0,0,0,0,0
P11323,2025-07-02,B,48,F,61.1,109.0,5,0,0,0,0,0
P11324,2025-07-03,C,62,M,76.3,58.0,7,0,0,0,0,0
P11325,2025-07-04,C,58,F,40.3,69.0,6,0,0,0,1,1
P11326,2025-07-05,A,46,F,54.3,75.0,7,0,0,0,0,0
P11327,2025-07-05,A,55,F,55.5,104.0,7,0,1,0,0,0
P11328,2025-07-12,A,87,M,69.0,48.0,3,0,0,0,0,0
P11329,2025-07-14,C,67,M,70.9,98.0,5,0,0,1,0,1
P11331,2025-07-15,C,87,M,65.5,49.0,5,1,1,0,1,1
P11330,2025-07-15,B,41,M,59.6,88.0,3,0,0,0,0,0
P11333,2025-07-17,A,61,M,69.8,71.0,4,0,0,0,0,0
P11332,2025-07-17,C,60,F,63.0,92.0,6,0,0,0,1,0
P11334,2025-07-18,B,72,F,62.1,71.0,8,0,0,0,0,0
P11335,2025-07-20,C,42,M,66.2,104.0,3,0,1,0,0,0
P11336,2025-07-20,C,79,M,47.5,67.0,8,0,0,1,0,1
P11339,2025-07-21,B,58,M,66.2,100.0,2,1,0,0,1,1
P11338,2025-07-21,C,54,M,65.2,116.0,6,0,0,0,0,0
P11337,2025-07-21,A,91,F,59.3,54.0,7,0,0,0,0,0
P11340,2025-07-22,B,55,F,35.0,109.0,6,0,0,0,0,0
P11341,2025-07-23,B,55,F,42.7,98.0,4,1,0,0,1,1
P11342,2025-07-26,A,64,M,74.0,69.0,1,0,0,0,0,0
P11344,2025-07-27,A,51,M,68.3,85.0,3,0,0,0,0,0
P11343,2025-07-27,B,89,M,54.1,78.0,8,1,0,0,1,1
P11345,2025-07-28,A,66,M,70.6,100.0,6,0,0,0,0,0
P11346,2025-07-29,B,65,M,68.7,88.0,8,1,0,1,1,1
P11347,2025-07-30,A,36,F,48.9,124.0,3,0,0,0,0,0
P11348,2025-07-31,A,49,M,66.5,109.0,12,0,0,0,0,0
P11349,2025-08-03,B,72,M,71.2,111.0,3,0,0,0,0,0
P11350,2025-08-04,B,54,M,70.1,73.0,5,1,1,0,0,0
P11351,2025-08-05,A,71,F,47.3,76.0,7,0,0,0,1,1
P11352,2025-08-05,A,76,F,56.0,79.0,5,0,0,0,0,0
P11353,2025-08-06,B,60,M,80.5,98.0,3,0,0,0,0,0
P11354,2025-08-06,A,64,M,58.8,70.0,8,0,1,0,1,1
P11355,2025-08-07,A,58,M,71.2,95.0,4,0,0,0,0,0
P11358,2025-08-08,A,69,M,64.5,81.0,4,0,0,0,0,0
P11357,2025-08-08,A,32,M,64.2,111.0,4,0,0,0,0,0
P11356,2025-08-08,A,65,female,48.9,74.0,5,0,0,0,1,1
P11359,2025-08-12,B,58,F,72.3,,5,0,0,0,0,0
P11361,2025-08-14,B,47,F,58.3,93.0,4,0,1,0,0,0
P11360,2025-08-14,B,64,M,78.7,93.0,15,0,0,0,1,1
P11362,2025-08-15,A,27,F,42.7,135.0,2,0,0,0,0,0
P11363,2025-08-19,B,70,M,43.8,79.0,4,0,0,0,0,0
P11364,2025-08-21,B,54,M,65.1,112.0,1,0,0,0,0,0
P11365,2025-08-22,C,85,M,59.2,58.0,7,0,1,0,0,0
P11367,2025-08-27,C,44,F,49.9,73.0,5,0,0,0,0,0
P11366,2025-08-27,C,84,M,69.9,58.0,6,0,0,0,0,0
P11368,2025-08-28,B,52,M,75.8,99.0,8,0,0,0,0,1
P11371,2025-08-31,B,67,M,90.0,90.0,5,0,0,0,0,0
P11369,2025-08-31,C,46,M,68.6,123.0,3,0,0,0,0,0
P11370,2025-08-31,B,58,F,46.0,78.0,4,0,0,0,0,0
P11372,2025-09-01,A,75,M,74.8,75.0,6,0,0,0,1,0
P11373,2025-09-02,B,65,M,62.2,97.0,5,1,0,0,1,1
P11374,2025-09-03,A,77,F,55.1,64.0,6,1,0,0,0,0
P11375,2025-09-04,C,63,M,54.4,78.0,6,0,0,0,0,0
P11376,2025-09-04,A,50,F,69.6,78.0,6,0,0,0,0,0
P11377,2025-09-04,B,29,M,68.6,132.0,4,1,0,0,0,0
P11378,2025-09-04,B,55,M,55.9,115.0,6,0,0,0,0,0
P11379,2025-09-05,A,72,M,58.2,56.0,5,0,0,0,0,0
P11380,2025-09-05,B,64,M,59.3,57.0,7,0,0,0,0,1
P11381,2025-09-06,A,75,F,55.9,77.0,4,1,0,0,0,0
P11382,2025-09-08,C,57,M,66.8,68.0,9,0,1,0,0,1
P11383,2025-09-09,A,66,M,58.1,76.0,4,0,0,0,0,0
P11384,2025-09-10,A,55,F,48.7,91.0,4,0,0,0,1,1
P11385,2025-09-12,A,52,M,72.3,101.0,5,0,0,0,0,0
P11386,2025-09-13,B,81,M,59.9,54.0,10,0,0,0,1,1
P11387,2025-09-13,A,46,F,56.0,100.0,5,0,0,0,0,0
P11388,2025-09-16,C,72,F,64.0,84.0,4,0,0,0,0,0
P11389,2025-09-17,C,93,M,66.7,74.0,7,0,0,0,1,1
P11390,2025-09-19,B,49,M,74.5,104.0,3,0,1,0,0,0
P11391,2025-09-21,A,55,M,76.0,113.0,4,0,0,1,0,0
P11392,2025-09-25,C,76,M,74.5,80.0,8,1,0,0,0,0
P11393,2025-09-26,A,52,F,52.8,96.0,8,1,0,0,0,1
P11394,2025-09-27,C,51,M,63.0,90.0,5,0,1,0,0,0
P11395,2025-09-30,A,54,M,88.6,105.0,11,0,0,0,0,0
P11397,2025-10-01,B,67,M,71.2,87.0,10,0,0,0,0,0
P11396,2025-10-01,B,67,F,53.2,72.0,4,1,0,0,0,0
P11398,2025-10-03,B,65,F,55.6,64.0,6,0,0,0,0,0
P11399,2025-10-04,B,75,F,54.1,59.0,8,0,0,0,1,1
P11400,2025-10-04,C,60,M,60.9,91.0,2,0,1,0,0,0
P11401,2025-10-05,A,58,M,51.8,100.0,5,0,0,0,0,0
P11402,2025-10-05,B,91,F,46.8,52.0,10,0,0,0,0,0
P11403,2025-10-08,C,67,F,58.2,91.0,3,0,0,0,0,0
P11405,2025-10-09,B,89,F,59.6,57.0,1,0,0,0,0,0
P11404,2025-10-09,A,68,M,62.6,91.0,3,1,0,0,0,0
P11407,2025-10-10,A,60,M,73.4,73.0,5,0,0,0,0,0
P11406,2025-10-10,B,43,M,76.4,121.0,1,0,1,0,0,0
P11408,2025-10-11,C,76,M,89.7,84.0,6,0,0,0,0,0
P11409,2025-10-12,B,63,M,73.4,106.0,6,1,0,0,0,0
P11410,2025-10-12,C,65,F,52.0,99.0,4,0,0,0,0,0
P11413,2025-10-14,C,62,M,54.1,82.0,2,0,1,0,0,0
P11414,2025-10-14,A,76,F,41.7,52.0,5,0,0,0,0,0
P11415,2025-10-14,A,67,M,71.4,,6,1,0,0,0,0
P11411,2025-10-14,A,580,M,75.2,74.0,1,0,0,0,0,0
P11412,2025-10-14,B,71,F,60.8,81.0,4,0,1,0,0,0
P11417,2025-10-15,A,79,M,65.6,75.0,8,0,0,0,1,1
P11416,2025-10-15,A,64,F,62.1,67.0,6,0,1,0,0,1
P11418,2025-10-16,B,79,M,48.1,66.0,5,0,0,0,0,1
P11419,2025-10-20,B,82,F,51.9,81.0,5,1,0,0,0,0
P11422,2025-10-22,C,46,M,62.8,90.0,2,0,1,0,0,0
P11420,2025-10-22,C,72,F,78.2,75.0,6,1,0,0,0,0
P11421,2025-10-22,B,63,M,69.8,87.0,3,0,0,0,0,0
P11423,2025-10-22,B,63,M,78.7,81.0,6,0,0,0,0,1
P11424,2025-10-23,A,58,M,71.2,61.0,3,1,0,0,0,0
P11425,2025-10-24,B,85,M,57.9,53.0,7,0,0,0,1,1
P11426,2025-10-25,C,75,F,58.5,71.0,11,0,0,0,1,1
P11427,2025-10-26,B,77,M,74.0,73.0,6,1,0,0,1,1
P11429,2025-10-30,A,72,F,52.3,85.0,6,1,0,0,0,1
P11428,2025-10-30,C,47,M,63.3,77.0,5,1,1,0,0,0
P11431,2025-11-02,A,51,M,96.4,88.0,2,1,0,0,0,0
P11430,2025-11-02,B,53,M,56.1,80.0,5,0,1,0,1,1
P11433,2025-11-04,B,61,M,76.1,94.0,7,0,0,0,0,0
P11432,2025-11-04,B,68,F,49.5,75.0,9,1,1,0,1,1
P11434,2025-11-05,A,72,M,52.3,88.0,6,1,0,0,0,0
P11435,2025-11-05,B,79,F,50.8,74.0,6,0,0,0,0,0
P11437,2025-11-06,A,56,F,46.8,85.0,10,0,0,0,1,1
P11436,2025-11-06,B,69,M,72.0,85.0,4,0,0,0,0,0
P11438,2025-11-07,A,47,F,58.3,95.0,5,1,0,0,0,0
P11439,2025-11-07,A,50,F,64.6,96.0,3,1,0,0,1,1
P11440,2025-11-09,A,85,F,55.6,83.0,6,0,0,0,0,0
P11441,2025-11-11,A,65,M,67.8,80.0,3,0,0,1,0,0
P11442,2025-11-13,B,31,F,60.6,101.0,7,0,0,0,0,0
P11443,2025-11-14,A,63,M,60.0,95.0,7,0,0,0,0,0
P11444,2025-11-15,A,49,F,69.0,116.0,12,0,0,0,1,1
P11445,2025-11-17,C,66,M,79.2,89.0,10,0,0,0,0,1
P11446,2025-11-18,B,59,M,54.3,107.0,5,0,0,0,0,0
P11447,2025-11-19,B,80,F,63.7,93.0,2,0,0,0,0,0
P11452,2025-11-22,A,60,F,57.7,68.0,9,0,1,0,1,1
P11449,2025-11-22,A,65,F,59.1,61.0,7,0,0,0,0,0
P11448,2025-11-22,A,64,F,65.4,79.0,7,0,1,0,0,0
P11450,2025-11-22,A,66,M,6400.0,102.0,7,1,0,0,1,1
P11451,2025-11-22,C,48,F,67.0,81.0,4,0,1,0,0,0
P11453,2025-11-23,C,79,M,42.5,55.0,4,0,1,0,1,0
P11455,2025-11-23,C,91,F,40.5,59.0,5,0,0,0,1,1
P11454,2025-11-23,C,88,M,57.9,72.0,9,0,0,0,0,0
P11456,2025-11-24,B,64,F,73.9,96.0,5,0,0,1,0,0
P11457,2025-11-25,C,35,M,73.3,96.0,4,0,1,0,0,0
P11458,2025-11-26,A,74,F,66.7,72.0,8,0,0,1,1,1
P11460,2025-11-27,A,89,F,71.3,55.0,6,0,1,0,1,1
P11459,2025-11-27,A,57,M,69.9,69.0,6,0,0,0,0,0
P11462,2025-11-28,C,69,F,54.7,,12,0,0,0,1,1
P11461,2025-11-28,A,55,M,65.3,96.0,5,0,0,0,0,0
P11463,2025-11-29,C,64,F,49.4,97.0,7,0,0,0,0,1
P11464,2025-11-29,C,72,M,64.1,85.0,7,1,0,0,0,0
P11465,2025-11-29,B,93,M,71.9,70.0,8,0,0,0,1,1
P11466,2025-11-30,A,73,M,81.9,78.0,5,0,0,0,0,0
P11467,2025-12-02,C,53,F,80.1,86.0,2,0,0,0,0,0
P11468,2025-12-04,C,52,M,76.7,112.0,9,1,0,1,1,1
P11469,2025-12-05,B,63,M,79.0,104.0,3,0,0,1,0,0
P11470,2025-12-06,B,85,M,72.0,97.0,7,1,0,0,1,1
P11471,2025-12-07,B,73,M,51.1,75.0,8,1,0,0,1,1
P11472,2025-12-08,B,42,M,64.4,118.0,4,0,0,0,0,0
P11473,2025-12-09,B,61,F,65.5,77.0,4,0,1,1,0,0
P11474,2025-12-09,A,39,F,82.8,88.0,1,0,1,0,0,0
P11475,2025-12-10,C,50,M,66.2,104.0,3,0,0,0,0,0
P11476,2025-12-10,C,75,F,63.7,64.0,11,1,0,0,0,0
P11477,2025-12-11,A,72,M,80.5,76.0,3,0,0,0,0,0
P11478,2025-12-11,A,60,M,60.6,104.0,5,1,0,0,0,0
P11479,2025-12-11,A,66,M,71.0,82.0,2,0,1,0,0,0
P11480,2025-12-12,A,73,M,68.6,97.0,7,0,0,0,0,0
P11482,2025-12-14,A,67,M,95.9,100.0,6,0,0,0,0,0
P11481,2025-12-14,A,79,M,91.3,97.0,2,0,1,1,0,0
P11484,2025-12-16,B,81,F,52.8,101.0,4,0,0,0,0,0
P11483,2025-12-16,C,45,F,57.7,119.0,2,1,0,0,0,0
P11485,2025-12-17,B,64,M,67.2,82.0,6,1,0,0,1,1
P11486,2025-12-17,A,57,M,58.5,95.0,4,0,0,1,1,1
P11487,2025-12-18,B,80,F,64.6,69.0,9,1,0,0,1,1
P11488,2025-12-19,B,77,M,61.3,62.0,8,0,1,0,0,1
P11489,2025-12-19,B,69,F,45.0,61.0,6,0,0,0,0,0
P11490,2025-12-20,A,60,M,73.5,77.0,7,1,0,0,0,0
P11491,2025-12-21,B,45,M,64.0,102.0,6,0,0,0,0,0
P11492,2025-12-22,B,81,M,66.3,70.0,4,1,0,0,0,0
P11493,2025-12-23,C,64,M,78.6,82.0,5,0,0,0,0,0
P11494,2025-12-24,B,36,M,89.9,107.0,5,0,1,0,0,0
P11495,2025-12-25,A,58,M,69.9,87.0,7,0,0,0,0,0
P11496,2025-12-26,C,35,M,89.2,101.0,4,0,0,0,0,0
P11497,2025-12-27,C,85,F,43.2,61.0,5,1,0,1,1,1
P11498,2025-12-28,A,70,M,90.0,83.0,5,1,0,0,0,0
P11499,2025-12-30,A,80,F,53.3,53.0,2,0,0,0,0,0
P11500,2025-12-31,A,51,F,55.8,110.0,4,1,0,0,0,0
