week_start,year,week,rainfall_mm,mean_temp_c,humidity_pct,cases
2019-01-07,2019,2,20.1,22.4,64,5
2019-01-14,2019,3,5.5,23.3,59,9
2019-01-21,2019,4,0.0,24.7,64,9
2019-01-28,2019,5,5.3,26.4,51,8
2019-02-04,2019,6,1.8,25.8,53,10
2019-02-11,2019,7,1.6,24.6,55,8
2019-02-18,2019,8,0.0,26.7,60,7
2019-02-25,2019,9,4.7,26.6,53,6
2019-03-04,2019,10,0.8,26.2,60,1
2019-03-11,2019,11,11.5,26.0,59,8
2019-03-18,2019,12,0.7,26.0,54,4
2019-03-25,2019,13,27.8,28.6,55,5
2019-04-01,2019,14,6.6,27.7,53,11
2019-04-08,2019,15,0.0,30.4,49,8
2019-04-15,2019,16,0.0,29.2,56,9
2019-04-22,2019,17,0.2,30.9,60,1
2019-04-29,2019,18,0.0,29.7,56,4
2019-05-06,2019,19,1.4,30.3,56,2
2019-05-13,2019,20,5.5,31.7,45,9
2019-05-20,2019,21,9.2,31.0,58,4
2019-05-27,2019,22,12.1,32.0,56,4
2019-06-03,2019,23,26.7,31.9,67,10
2019-06-10,2019,24,42.5,31.8,60,8
2019-06-17,2019,25,39.4,33.0,66,7
2019-06-24,2019,26,53.5,32.3,62,10
2019-07-01,2019,27,89.5,32.2,64,11
2019-07-08,2019,28,83.9,32.9,74,19
2019-07-15,2019,29,106.2,30.6,72,14
2019-07-22,2019,30,117.6,30.5,72,20
2019-07-29,2019,31,125.5,29.6,83,11
2019-08-05,2019,32,116.4,30.7,69,33
2019-08-12,2019,33,130.0,29.8,77,44
2019-08-19,2019,34,119.9,29.3,74,52
2019-08-26,2019,35,116.0,29.3,85,37
2019-09-02,2019,36,93.3,28.0,75,44
2019-09-09,2019,37,71.5,29.4,59,62
2019-09-16,2019,38,54.1,28.7,73,63
2019-09-23,2019,39,57.4,27.1,58,28
2019-09-30,2019,40,46.8,26.1,63,15
2019-10-07,2019,41,21.2,25.8,70,9
2019-10-14,2019,42,26.6,26.7,56,16
2019-10-21,2019,43,26.7,25.4,66,20
2019-10-28,2019,44,15.7,26.1,56,7
2019-11-04,2019,45,3.0,24.5,58,7
2019-11-11,2019,46,2.8,23.8,51,8
2019-11-18,2019,47,6.2,24.0,58,9
2019-11-25,2019,48,4.9,25.6,64,5
2019-12-02,2019,49,33.6,24.3,65,8
2019-12-09,2019,50,0.0,24.1,54,5
2019-12-16,2019,51,0.0,24.3,59,9
2019-12-23,2019,52,10.4,23.4,54,6
2019-12-30,2019,1,0.5,24.1,57,7
2020-01-06,2020,2,10.9,24.4,66,2
2020-01-13,2020,3,0.0,25.8,72,5
2020-01-20,2020,4,0.0,25.3,59,5
2020-01-27,2020,5,1.2,27.0,62,4
2020-02-03,2020,6,6.7,26.4,58,2
2020-02-10,2020,7,9.2,25.2,63,1
2020-02-17,2020,8,9.4,27.1,58,1
2020-02-24,2020,9,0.0,26.4,57,4
2020-03-02,2020,10,0.0,27.0,46,1
2020-03-09,2020,11,0.0,26.7,53,2
2020-03-16,2020,12,9.0,28.2,65,5
2020-03-23,2020,13,3.7,28.1,53,5
2020-03-30,2020,14,1.9,28.7,51,4
2020-04-06,2020,15,17.4,29.4,55,3
2020-04-13,2020,16,7.6,28.6,57,6
2020-04-20,2020,17,1.9,29.6,62,4
2020-04-27,2020,18,16.1,30.4,57,3
2020-05-04,2020,19,4.1,31.2,56,9
2020-05-11,2020,20,7.3,32.0,51,2
2020-05-18,2020,21,15.0,31.5,67,8
2020-05-25,2020,22,17.2,30.9,64,1
2020-06-01,2020,23,27.1,29.5,59,5
2020-06-08,2020,24,49.1,32.5,58,3
2020-06-15,2020,25,39.3,31.7,66,7
2020-06-22,2020,26,57.7,32.1,61,8
2020-06-29,2020,27,71.1,31.6,73,10
2020-07-06,2020,28,95.0,31.7,68,3
2020-07-13,2020,29,110.7,30.1,82,5
2020-07-20,2020,30,113.7,31.6,75,16
2020-07-27,2020,31,116.5,31.1,71,15
2020-08-03,2020,32,126.2,29.8,75,27
2020-08-10,2020,33,121.3,30.8,85,15
2020-08-17,2020,34,109.5,30.1,73,23
2020-08-24,2020,35,102.9,28.6,70,17
2020-08-31,2020,36,82.7,30.6,79,25
2020-09-07,2020,37,80.2,28.3,65,21
2020-09-14,2020,38,53.7,28.1,69,12
2020-09-21,2020,39,47.0,27.6,52,14
2020-09-28,2020,40,27.7,26.9,67,6
2020-10-05,2020,41,18.7,25.6,59,6
2020-10-12,2020,42,35.3,27.0,64,7
2020-10-19,2020,43,38.0,25.6,65,12
2020-10-26,2020,44,5.9,24.9,56,4
2020-11-02,2020,45,12.3,24.2,63,5
2020-11-09,2020,46,9.7,23.9,54,5
2020-11-16,2020,47,4.1,24.2,54,4
2020-11-23,2020,48,0.0,23.4,55,2
2020-11-30,2020,49,16.1,25.7,55,6
2020-12-07,2020,50,0.1,24.0,51,3
2020-12-14,2020,51,21.9,23.4,58,5
2020-12-21,2020,52,0.0,24.5,56,8
2020-12-28,2020,53,3.6,24.4,48,1
2021-01-04,2021,1,20.2,24.8,60,9
2021-01-11,2021,2,10.8,23.8,52,9
2021-01-18,2021,3,0.0,24.9,44,4
2021-01-25,2021,4,0.0,24.9,56,3
2021-02-01,2021,5,0.4,24.6,51,8
2021-02-08,2021,6,0.0,25.7,50,4
2021-02-15,2021,7,28.2,26.4,53,5
2021-02-22,2021,8,7.3,25.5,64,9
2021-03-01,2021,9,2.2,25.7,52,3
2021-03-08,2021,10,0.0,27.0,55,13
2021-03-15,2021,11,0.0,26.8,55,7
2021-03-22,2021,12,10.2,28.5,53,5
2021-03-29,2021,13,5.1,29.1,62,6
2021-04-05,2021,14,0.0,27.5,51,5
2021-04-12,2021,15,8.6,27.4,56,6
2021-04-19,2021,16,1.8,30.6,54,12
2021-04-26,2021,17,13.3,30.4,61,11
2021-05-03,2021,18,12.1,30.3,52,5
2021-05-10,2021,19,10.9,30.3,52,6
2021-05-17,2021,20,7.8,32.0,55,7
2021-05-24,2021,21,8.5,30.5,59,8
2021-05-31,2021,22,20.1,32.1,62,3
2021-06-07,2021,23,29.8,31.9,58,5
2021-06-14,2021,24,41.1,33.4,63,16
2021-06-21,2021,25,43.2,32.0,52,6
2021-06-28,2021,26,68.7,32.4,66,15
2021-07-05,2021,27,71.7,32.6,73,14
2021-07-12,2021,28,81.8,30.3,76,16
2021-07-19,2021,29,118.4,32.0,71,26
2021-07-26,2021,30,118.5,30.5,71,17
2021-08-02,2021,31,151.8,31.9,90,28
2021-08-09,2021,32,122.5,29.9,86,46
2021-08-16,2021,33,127.7,29.8,66,56
2021-08-23,2021,34,131.6,30.6,78,59
2021-08-30,2021,35,99.4,30.0,74,44
2021-09-06,2021,36,93.3,29.3,75,62
2021-09-13,2021,37,81.3,28.0,60,55
2021-09-20,2021,38,77.3,26.8,78,31
2021-09-27,2021,39,44.3,28.2,57,29
2021-10-04,2021,40,43.7,27.8,64,28
2021-10-11,2021,41,44.5,25.9,60,19
2021-10-18,2021,42,32.1,25.3,64,18
2021-10-25,2021,43,8.0,25.7,59,12
2021-11-01,2021,44,31.4,25.6,56,12
2021-11-08,2021,45,0.8,25.2,55,4
2021-11-15,2021,46,20.0,24.9,70,6
2021-11-22,2021,47,2.0,24.9,65,12
2021-11-29,2021,48,0.0,23.5,52,6
2021-12-06,2021,49,4.4,22.6,54,3
2021-12-13,2021,50,0.0,25.4,45,7
2021-12-20,2021,51,14.3,23.1,53,1
2021-12-27,2021,52,4.1,23.1,49,3
2022-01-03,2022,1,10.3,23.6,58,3
2022-01-10,2022,2,0.1,23.3,55,5
2022-01-17,2022,3,18.6,23.7,65,10
2022-01-24,2022,4,6.4,25.8,54,6
2022-01-31,2022,5,3.6,23.7,54,1
2022-02-07,2022,6,7.7,26.0,57,7
2022-02-14,2022,7,0.0,26.4,50,4
2022-02-21,2022,8,0.0,26.3,51,7
2022-02-28,2022,9,7.1,27.4,58,7
2022-03-07,2022,10,0.0,25.6,61,6
2022-03-14,2022,11,10.1,27.6,55,2
2022-03-21,2022,12,2.3,28.3,59,6
2022-03-28,2022,13,12.2,28.2,55,5
2022-04-04,2022,14,21.2,27.1,60,5
2022-04-11,2022,15,5.2,30.3,47,9
2022-04-18,2022,16,2.4,29.9,60,4
2022-04-25,2022,17,0.8,30.8,59,6
2022-05-02,2022,18,1.3,31.7,69,6
2022-05-09,2022,19,8.8,31.7,56,4
2022-05-16,2022,20,20.9,32.0,60,9
2022-05-23,2022,21,6.3,31.0,57,6
2022-05-30,2022,22,11.9,32.0,63,11
2022-06-06,2022,23,24.0,31.1,61,6
2022-06-13,2022,24,28.1,32.1,62,5
2022-06-20,2022,25,40.1,32.1,69,9
2022-06-27,2022,26,58.0,32.6,65,13
2022-07-04,2022,27,73.8,32.0,65,7
2022-07-11,2022,28,116.9,32.4,77,11
2022-07-18,2022,29,100.4,33.2,76,9
2022-07-25,2022,30,129.3,30.9,77,13
2022-08-01,2022,31,143.5,30.9,81,44
2022-08-08,2022,32,117.9,30.6,71,33
2022-08-15,2022,33,118.0,30.4,81,51
2022-08-22,2022,34,108.9,31.6,76,55
2022-08-29,2022,35,104.3,29.8,74,37
2022-09-05,2022,36,109.0,28.8,81,39
2022-09-12,2022,37,96.7,29.0,65,53
2022-09-19,2022,38,55.8,27.5,59,30
2022-09-26,2022,39,53.8,27.7,66,36
2022-10-03,2022,40,39.5,25.8,51,32
2022-10-10,2022,41,33.2,26.4,60,18
2022-10-17,2022,42,10.9,27.8,59,13
2022-10-24,2022,43,16.2,26.0,60,13
2022-10-31,2022,44,24.1,25.5,64,16
2022-11-07,2022,45,12.1,25.2,64,7
2022-11-14,2022,46,0.0,23.6,54,4
2022-11-21,2022,47,0.0,25.0,47,6
2022-11-28,2022,48,0.0,25.5,52,6
2022-12-05,2022,49,1.7,24.4,52,1
2022-12-12,2022,50,3.2,24.4,59,3
2022-12-19,2022,51,0.6,23.3,55,5
2022-12-26,2022,52,0.7,24.1,52,3
2023-01-02,2023,1,3.0,23.8,56,5
2023-01-09,2023,2,4.0,24.1,51,2
2023-01-16,2023,3,2.6,24.7,55,9
2023-01-23,2023,4,0.3,26.1,60,3
2023-01-30,2023,5,0.0,24.8,63,5
2023-02-06,2023,6,12.9,25.0,53,4
2023-02-13,2023,7,0.5,25.5,55,4
2023-02-20,2023,8,0.0,26.3,52,6
2023-02-27,2023,9,0.2,25.4,57,5
2023-03-06,2023,10,14.1,27.0,60,13
2023-03-13,2023,11,0.0,27.6,52,3
2023-03-20,2023,12,11.9,28.3,59,3
2023-03-27,2023,13,1.5,28.4,56,7
2023-04-03,2023,14,0.0,28.5,54,3
2023-04-10,2023,15,0.0,29.6,52,10
2023-04-17,2023,16,0.6,30.9,57,4
2023-04-24,2023,17,4.5,28.5,62,9
2023-05-01,2023,18,5.0,30.0,55,6
2023-05-08,2023,19,19.5,29.9,49,5
2023-05-15,2023,20,7.5,32.6,54,9
2023-05-22,2023,21,6.7,31.0,60,4
2023-05-29,2023,22,13.9,30.4,50,5
2023-06-05,2023,23,22.5,31.1,67,7
2023-06-12,2023,24,39.1,31.9,61,17
2023-06-19,2023,25,41.1,31.8,65,8
2023-06-26,2023,26,65.4,33.0,63,3
2023-07-03,2023,27,70.9,29.6,70,10
2023-07-10,2023,28,87.1,32.4,76,10
2023-07-17,2023,29,104.1,30.9,77,7
2023-07-24,2023,30,125.7,30.8,70,27
2023-07-31,2023,31,120.4,32.1,77,29
2023-08-07,2023,32,130.7,31.1,74,36
2023-08-14,2023,33,120.7,29.3,71,49
2023-08-21,2023,34,117.8,30.0,76,30
2023-08-28,2023,35,102.1,29.7,68,45
2023-09-04,2023,36,97.5,30.0,68,74
2023-09-11,2023,37,73.2,27.6,76,46
2023-09-18,2023,38,64.6,28.8,60,45
2023-09-25,2023,39,39.9,27.7,57,25
2023-10-02,2023,40,32.6,26.0,55,10
2023-10-09,2023,41,21.1,27.0,57,17
2023-10-16,2023,42,18.0,25.5,54,5
2023-10-23,2023,43,7.9,25.3,49,7
2023-10-30,2023,44,4.7,25.1,51,7
2023-11-06,2023,45,0.0,24.5,53,4
2023-11-13,2023,46,0.0,24.2,56,6
2023-11-20,2023,47,7.2,24.2,57,3
2023-11-27,2023,48,4.7,23.0,55,2
2023-12-04,2023,49,0.0,25.0,50,6
2023-12-11,2023,50,8.4,22.3,50,7
2023-12-18,2023,51,2.7,24.7,49,7
2023-12-25,2023,52,10.2,23.9,68,6
2024-01-01,2024,1,0.0,23.5,53,6
2024-01-08,2024,2,0.5,23.2,58,5
2024-01-15,2024,3,15.4,25.2,49,6
2024-01-22,2024,4,3.6,23.8,59,6
2024-01-29,2024,5,12.9,25.4,57,7
2024-02-05,2024,6,11.2,26.1,55,3
2024-02-12,2024,7,0.0,25.0,48,9
2024-02-19,2024,8,28.1,27.9,61,4
2024-02-26,2024,9,0.7,25.4,55,2
2024-03-04,2024,10,0.0,25.8,56,5
2024-03-11,2024,11,17.5,27.1,59,15
2024-03-18,2024,12,6.3,29.8,66,10
2024-03-25,2024,13,0.0,27.9,51,11
2024-04-01,2024,14,17.0,28.7,50,3
2024-04-08,2024,15,9.9,28.3,48,17
2024-04-15,2024,16,18.3,30.6,53,6
2024-04-22,2024,17,22.4,30.8,60,11
2024-04-29,2024,18,13.8,31.5,62,10
2024-05-06,2024,19,0.0,30.0,60,3
2024-05-13,2024,20,4.5,31.3,51,11
2024-05-20,2024,21,21.0,31.8,59,8
2024-05-27,2024,22,17.7,31.5,61,6
2024-06-03,2024,23,26.1,30.6,54,5
2024-06-10,2024,24,57.3,31.5,61,13
2024-06-17,2024,25,71.5,33.3,73,11
2024-06-24,2024,26,75.6,32.3,71,11
2024-07-01,2024,27,91.9,31.5,79,15
2024-07-08,2024,28,113.5,31.6,74,13
2024-07-15,2024,29,135.6,32.1,77,31
2024-07-22,2024,30,151.1,31.2,78,18
2024-07-29,2024,31,153.2,30.4,78,50
2024-08-05,2024,32,181.8,31.0,83,47
2024-08-12,2024,33,159.9,29.2,84,48
2024-08-19,2024,34,166.7,29.2,89,60
2024-08-26,2024,35,147.4,29.0,80,232
2024-09-02,2024,36,120.9,28.1,77,98
2024-09-09,2024,37,97.1,28.1,72,93
2024-09-16,2024,38,78.3,28.2,70,70
2024-09-23,2024,39,69.1,27.8,65,56
2024-09-30,2024,40,40.9,27.3,68,24
2024-10-07,2024,41,25.8,26.7,68,29
2024-10-14,2024,42,30.1,27.1,64,14
2024-10-21,2024,43,14.9,24.9,67,7
2024-10-28,2024,44,47.2,25.4,56,6
2024-11-04,2024,45,1.0,23.9,55,8
2024-11-11,2024,46,16.0,24.7,59,6
2024-11-18,2024,47,16.4,24.4,57,8
2024-11-25,2024,48,0.0,23.0,59,3
2024-12-02,2024,49,0.0,23.4,53,4
2024-12-09,2024,50,0.0,23.4,56,7
2024-12-16,2024,51,0.0,22.9,49,3
2024-12-23,2024,52,1.8,22.4,53,8
2024-12-30,2024,1,0.0,23.9,47,0
2025-01-06,2025,2,0.5,24.3,57,6
2025-01-13,2025,3,0.0,23.5,50,9
2025-01-20,2025,4,0.0,25.6,50,5
2025-01-27,2025,5,5.1,24.9,57,8
2025-02-03,2025,6,9.1,24.2,57,7
2025-02-10,2025,7,0.0,25.1,57,1
2025-02-17,2025,8,18.2,24.8,61,1
2025-02-24,2025,9,4.5,26.0,55,7
2025-03-03,2025,10,0.0,26.3,69,2
2025-03-10,2025,11,11.1,28.3,64,7
2025-03-17,2025,12,0.0,28.3,55,3
2025-03-24,2025,13,6.7,28.0,51,5
2025-03-31,2025,14,15.2,29.0,56,9
2025-04-07,2025,15,7.5,30.3,60,5
2025-04-14,2025,16,11.7,31.0,53,7
2025-04-21,2025,17,4.4,29.6,60,3
2025-04-28,2025,18,7.9,30.8,54,16
2025-05-05,2025,19,41.1,31.3,60,3
2025-05-12,2025,20,12.6,30.6,51,8
2025-05-19,2025,21,17.5,31.2,52,6
2025-05-26,2025,22,12.2,31.6,60,12
2025-06-02,2025,23,30.9,31.5,63,9
2025-06-09,2025,24,30.2,30.5,60,7
2025-06-16,2025,25,53.3,31.1,63,7
2025-06-23,2025,26,73.1,30.5,67,15
2025-06-30,2025,27,80.0,31.5,79,12
2025-07-07,2025,28,86.6,30.4,75,10
2025-07-14,2025,29,105.0,32.0,74,12
2025-07-21,2025,30,147.4,31.7,90,29
2025-07-28,2025,31,130.3,30.8,80,17
2025-08-04,2025,32,120.3,30.3,72,31
2025-08-11,2025,33,120.3,29.2,82,69
2025-08-18,2025,34,108.9,29.7,77,54
2025-08-25,2025,35,114.9,29.6,70,32
2025-09-01,2025,36,97.9,28.4,68,50
2025-09-08,2025,37,107.2,28.1,74,30
2025-09-15,2025,38,82.2,27.2,72,31
2025-09-22,2025,39,40.3,27.3,65,16
2025-09-29,2025,40,28.4,26.6,61,42
2025-10-06,2025,41,24.8,26.8,57,30
2025-10-13,2025,42,26.8,26.0,51,7
2025-10-20,2025,43,5.8,26.0,58,9
2025-10-27,2025,44,17.2,25.6,61,9
2025-11-03,2025,45,17.2,23.8,53,8
2025-11-10,2025,46,2.9,26.0,56,4
2025-11-17,2025,47,3.5,24.8,61,4
2025-11-24,2025,48,24.3,24.0,49,2
2025-12-01,2025,49,0.0,23.1,52,3
2025-12-08,2025,50,1.2,24.0,64,1
2025-12-15,2025,51,18.7,24.5,56,11
2025-12-22,2025,52,0.0,25.0,59,8
2025-12-29,2025,1,10.0,23.6,50,4
