respondent_id,age,sex,urban,bmi,waist_cm,family_history,physically_active,diabetes
D30001,44,M,0,24.2,76,0,1,0
D30002,40,F,0,21.3,59,0,1,0
D30003,70,M,0,29.1,91,0,1,1
D30004,32,M,0,20.5,61,0,1,0
D30005,47,M,0,21.1,67,0,0,0
D30006,60,M,0,27.0,80,0,0,0
D30007,42,F,0,25.3,82,0,1,0
D30008,38,M,0,26.9,94,0,0,0
D30009,58,M,0,22.3,83,0,1,0
D30010,31,M,0,24.3,82,0,0,0
D30011,37,F,0,19.0,56,0,1,0
D30012,54,M,1,26.0,91,0,0,0
D30013,25,M,0,18.7,57,0,1,0
D30014,54,M,1,26.1,95,0,0,0
D30015,61,M,0,27.1,88,0,0,1
D30016,29,F,1,23.2,69,0,1,0
D30017,41,M,1,27.9,82,0,0,0
D30018,35,F,0,23.9,71,0,1,0
D30019,42,F,0,22.9,77,1,0,0
D30020,63,M,0,22.8,71,0,1,0
D30021,20,F,1,27.3,95,0,1,0
D30022,53,F,0,25.7,77,0,1,1
D30023,43,M,0,21.5,65,1,0,0
D30024,20,M,0,24.6,82,0,0,0
D30025,59,F,0,27.8,86,0,1,0
D30026,30,F,1,22.2,74,0,1,0
D30027,40,F,1,19.9,61,0,1,0
D30028,24,F,0,17.8,55,0,1,0
D30029,20,F,0,31.5,97,0,1,0
D30030,22,M,0,26.9,87,0,1,0
D30031,48,M,0,16.6,55,0,0,0
D30032,46,F,1,26.2,85,0,1,0
D30033,57,M,1,28.8,91,0,0,0
D30034,51,F,0,23.5,80,1,0,0
D30035,34,F,1,32.1,101,0,1,0
D30036,37,M,1,31.4,98,1,0,1
D30037,47,M,0,20.0,67,0,0,0
D30038,24,F,0,25.7,73,1,0,0
D30039,28,F,0,17.4,59,0,0,0
D30040,57,F,0,28.9,94,0,1,0
D30041,38,M,0,27.8,95,0,0,0
D30042,63,M,1,23.0,74,1,0,1
D30043,51,F,0,26.9,95,0,0,0
D30044,50,M,0,18.8,56,0,1,0
D30045,64,F,0,14.8,55,0,1,0
D30046,51,F,0,22.3,69,1,0,0
D30047,50,M,1,21.6,69,0,1,0
D30048,46,F,0,19.4,62,0,1,0
D30049,39,F,0,26.9,81,0,0,0
D30050,25,M,0,23.1,69,0,1,0
D30051,26,M,0,15.0,55,0,0,0
D30052,46,M,0,19.4,60,0,1,0
D30053,57,M,0,33.6,116,0,0,1
D30054,31,M,1,18.8,58,0,0,0
D30055,64,F,0,21.0,56,0,1,0
D30056,32,M,0,24.7,86,0,1,0
D30057,39,F,0,22.7,64,0,1,0
D30058,35,M,0,23.0,76,0,0,0
D30059,23,M,0,17.6,60,0,1,0
D30060,63,F,0,16.8,55,1,0,0
D30061,60,F,0,27.4,94,0,1,0
D30062,45,F,0,21.7,69,0,1,0
D30063,38,F,1,25.4,81,0,0,0
D30064,38,F,1,27.7,82,0,1,0
D30065,31,M,1,30.1,99,1,0,0
D30066,37,M,0,28.2,98,0,1,0
D30067,40,F,0,21.0,72,0,0,0
D30068,38,M,1,15.9,55,0,1,0
D30069,40,F,0,29.8,95,0,1,0
D30070,30,M,0,21.9,80,0,1,0
D30071,42,M,0,23.1,84,0,0,1
D30072,23,M,0,22.9,77,0,0,0
D30073,30,M,1,24.7,78,0,0,0
D30074,51,F,0,24.3,77,0,1,0
D30075,21,F,1,25.8,73,0,0,0
D30076,32,F,0,25.7,76,0,0,0
D30077,27,M,0,19.5,63,0,0,0
D30078,25,M,1,33.8,102,0,0,0
D30079,32,M,0,17.8,67,1,0,0
D30080,46,M,1,25.1,95,0,1,0
D30081,37,M,0,33.7,99,0,1,0
D30082,38,F,0,15.5,55,0,1,0
D30083,45,M,1,26.9,90,0,1,1
D30084,45,F,0,15.7,60,0,0,0
D30085,40,F,0,24.3,73,0,0,0
D30086,64,M,1,21.5,66,0,0,0
D30087,29,F,0,22.2,70,0,0,0
D30088,20,F,0,27.3,100,0,1,0
D30089,45,M,1,23.5,88,0,0,0
D30090,38,F,1,22.9,81,0,0,0
D30091,59,F,0,25.4,83,1,0,1
D30092,44,M,1,27.4,84,0,1,0
D30093,37,M,0,26.6,88,0,1,0
D30094,36,F,1,22.4,67,0,0,0
D30095,76,F,0,24.3,81,0,1,1
D30096,25,M,0,20.9,70,1,1,0
D30097,43,M,1,18.5,55,0,0,0
D30098,33,M,1,26.2,96,0,0,0
D30099,29,M,0,23.3,76,0,0,0
D30100,47,M,1,21.4,68,0,0,0
D30101,20,F,1,28.9,89,0,0,0
D30102,35,F,0,25.4,95,0,0,0
D30103,66,M,0,29.7,95,0,0,0
D30104,27,M,0,24.7,81,0,0,0
D30105,31,F,0,20.7,65,1,1,0
D30106,32,M,1,24.3,82,0,1,0
D30107,46,F,1,22.5,63,1,1,0
D30108,28,F,0,25.9,78,0,1,0
D30109,42,F,0,25.1,87,0,0,0
D30110,57,M,1,21.9,68,0,1,0
D30111,23,F,1,20.5,72,0,0,0
D30112,79,F,1,25.4,83,0,1,1
D30113,25,F,1,22.7,68,0,0,0
D30114,34,F,1,26.8,81,0,0,0
D30115,39,F,1,18.3,55,0,1,0
D30116,37,F,0,23.5,70,1,0,0
D30117,32,M,0,17.7,55,1,1,0
D30118,42,M,0,20.7,65,0,0,0
D30119,55,M,1,23.7,77,0,1,0
D30120,30,M,0,28.2,92,0,1,0
D30121,56,M,1,32.3,103,1,1,0
D30122,38,M,1,21.8,67,1,0,0
D30123,66,F,0,27.2,88,0,1,0
D30124,43,M,0,16.7,60,1,1,0
D30125,21,M,0,22.1,77,1,1,0
D30126,70,F,1,26.4,68,0,0,1
D30127,46,M,1,28.1,88,0,0,0
D30128,61,F,0,21.8,64,1,1,0
D30129,58,M,0,20.5,60,0,1,0
D30130,40,F,0,29.3,101,0,1,0
D30131,33,M,1,26.6,81,0,1,0
D30132,38,M,0,20.5,71,0,0,0
D30133,48,F,0,31.5,97,0,1,0
D30134,36,F,0,20.6,55,0,1,0
D30135,33,M,1,32.6,117,0,0,0
D30136,37,F,0,19.6,65,1,0,0
D30137,48,F,0,26.3,78,1,0,0
D30138,30,F,1,32.7,111,0,1,0
D30139,46,F,0,23.9,74,0,0,0
D30140,20,F,1,22.9,72,0,0,0
D30141,36,F,0,22.4,77,1,1,0
D30142,55,F,0,17.5,56,0,0,0
D30143,55,M,0,26.0,83,0,1,0
D30144,34,M,1,19.9,70,1,0,0
D30145,34,F,1,23.5,76,0,0,0
D30146,27,M,0,24.2,75,1,0,0
D30147,35,F,0,25.7,81,0,0,0
D30148,20,F,1,31.8,98,0,1,0
D30149,45,F,0,25.1,85,0,1,0
D30150,38,M,0,22.0,66,0,1,0
D30151,51,M,0,29.2,108,0,1,0
D30152,32,M,0,22.2,79,0,0,0
D30153,26,F,1,29.7,94,0,1,0
D30154,54,F,1,28.3,77,0,0,0
D30155,45,F,0,24.6,81,1,1,0
D30156,40,F,0,20.3,61,0,1,0
D30157,49,F,0,22.7,69,0,1,0
D30158,35,M,1,20.7,69,0,0,1
D30159,39,F,0,19.9,77,0,1,0
D30160,39,F,0,21.0,70,0,0,0
D30161,47,F,1,20.0,58,0,0,0
D30162,20,F,0,19.4,60,0,0,0
D30163,20,M,0,16.9,55,0,0,0
D30164,40,M,0,26.4,91,0,1,0
D30165,43,F,0,20.1,59,1,1,0
D30166,43,M,0,14.0,55,1,0,0
D30167,68,F,0,30.1,94,1,1,0
D30168,20,F,1,23.4,56,0,0,0
D30169,41,F,0,28.1,77,0,1,0
D30170,46,M,1,25.9,77,0,0,0
D30171,36,M,1,24.3,74,0,0,0
D30172,38,M,0,21.1,64,0,1,0
D30173,63,M,1,27.7,90,0,0,0
D30174,37,M,1,29.5,94,0,1,1
D30175,33,M,1,26.8,92,0,0,0
D30176,65,F,0,23.0,70,0,0,1
D30177,38,F,0,25.5,80,0,0,0
D30178,58,M,1,28.0,90,0,1,0
D30179,42,F,1,19.0,59,0,0,1
D30180,26,M,0,25.1,83,0,0,0
D30181,24,F,0,24.2,70,0,1,0
D30182,70,M,0,28.1,92,0,0,1
D30183,46,M,0,23.4,74,1,0,0
D30184,50,M,1,25.1,73,1,0,0
D30185,30,F,0,15.6,55,1,1,0
D30186,82,M,0,30.0,100,0,1,1
D30187,63,F,1,21.4,72,0,1,0
D30188,64,M,0,21.2,71,0,1,0
D30189,70,F,0,24.7,74,0,1,0
D30190,48,M,0,22.9,77,0,0,0
D30191,47,F,0,28.5,93,0,1,0
D30192,49,M,0,27.1,83,0,0,0
D30193,29,M,0,21.7,74,0,0,0
D30194,50,F,0,23.9,70,1,1,0
D30195,51,F,1,19.3,55,1,0,0
D30196,20,M,0,17.6,63,1,1,0
D30197,27,F,1,25.9,78,0,1,0
D30198,44,F,0,21.2,62,0,1,0
D30199,42,F,1,27.1,101,1,1,0
D30200,20,F,0,20.5,69,0,0,0
D30201,32,M,0,26.1,88,0,1,0
D30202,33,M,0,23.4,76,1,1,0
D30203,49,M,0,27.0,93,1,1,0
D30204,27,M,1,22.1,70,0,0,0
D30205,30,F,0,19.0,61,0,0,0
D30206,63,M,1,15.2,55,1,0,0
D30207,20,M,0,27.9,98,0,1,0
D30208,46,F,1,28.0,87,0,1,1
D30209,41,F,0,26.5,76,0,0,0
D30210,42,M,0,21.3,73,0,0,0
D30211,75,F,1,30.1,103,0,0,0
D30212,49,F,0,23.1,64,0,1,0
D30213,64,M,0,20.8,64,0,0,0
D30214,44,M,0,18.9,67,0,1,0
D30215,28,F,0,15.0,55,0,1,0
D30216,32,F,1,24.3,76,0,0,0
D30217,59,M,1,26.3,96,0,0,1
D30218,20,M,0,21.1,78,0,1,0
D30219,41,F,1,29.1,91,0,0,1
D30220,39,F,0,23.8,68,1,1,0
D30221,58,F,1,17.2,55,0,1,0
D30222,41,F,0,23.1,70,0,1,0
D30223,62,M,0,30.8,108,0,1,1
D30224,26,F,0,20.6,69,0,1,0
D30225,52,F,0,21.5,72,0,0,0
D30226,46,M,0,18.7,72,1,1,0
D30227,64,M,0,20.1,64,0,0,0
D30228,48,F,1,25.2,94,1,1,0
D30229,20,F,0,19.2,66,0,0,0
D30230,41,F,0,19.9,62,0,1,0
D30231,43,M,0,25.4,74,0,0,0
D30232,44,M,0,27.3,83,0,0,0
D30233,40,M,0,28.5,106,1,1,0
D30234,33,F,0,20.6,64,0,0,0
D30235,20,F,1,26.1,87,1,0,0
D30236,35,F,1,22.9,58,0,0,0
D30237,47,F,0,20.9,63,1,1,0
D30238,43,F,1,25.7,88,1,0,0
D30239,25,F,1,27.7,87,1,1,0
D30240,45,F,0,22.5,68,0,1,0
D30241,46,M,0,29.5,111,0,0,0
D30242,29,F,1,18.6,63,0,0,0
D30243,59,M,0,20.6,63,0,1,0
D30244,34,F,0,21.7,71,0,1,0
D30245,36,F,0,22.4,72,0,0,0
D30246,53,F,1,28.3,89,0,1,0
D30247,65,M,0,24.1,84,0,1,0
D30248,49,F,0,25.1,84,0,1,0
D30249,56,F,0,22.6,65,0,1,1
D30250,53,M,0,30.5,89,0,1,0
D30251,43,M,0,25.0,83,0,0,0
D30252,48,M,1,31.1,103,0,0,0
D30253,26,M,0,19.4,69,0,0,0
D30254,37,M,1,19.0,55,1,1,0
D30255,34,M,0,18.7,60,0,1,0
D30256,42,M,0,23.5,69,0,0,0
D30257,46,M,0,22.2,73,0,0,0
D30258,66,F,0,18.7,56,1,0,0
D30259,49,F,0,25.9,78,0,0,1
D30260,20,M,1,20.3,63,0,0,0
D30261,40,F,0,26.1,80,0,0,0
D30262,42,M,0,21.6,75,0,1,0
D30263,36,M,1,26.4,84,1,0,0
D30264,43,F,0,26.7,82,0,1,0
D30265,41,F,1,28.6,87,0,1,0
D30266,41,M,0,25.9,84,1,0,0
D30267,48,F,1,27.9,82,1,0,1
D30268,46,M,1,31.0,100,0,0,1
D30269,45,M,0,20.3,60,0,0,0
D30270,50,M,0,24.9,74,0,1,0
D30271,33,F,1,27.1,86,0,0,0
D30272,53,M,0,21.7,67,0,0,0
D30273,43,F,0,27.2,85,0,0,0
D30274,70,F,1,26.5,76,0,1,0
D30275,45,M,0,26.2,92,0,0,0
D30276,30,M,1,20.2,75,0,1,0
D30277,35,M,0,29.7,97,0,1,0
D30278,46,F,0,21.4,61,0,0,0
D30279,46,F,0,24.9,73,0,1,0
D30280,41,F,1,26.6,85,0,0,0
D30281,53,F,1,26.9,89,0,1,1
D30282,46,M,0,22.7,79,0,1,0
D30283,50,M,0,24.4,82,1,1,1
D30284,26,F,0,23.1,80,0,0,0
D30285,33,M,0,24.2,85,0,0,0
D30286,55,F,0,24.4,70,0,0,0
D30287,53,F,1,26.6,76,0,1,0
D30288,54,M,1,25.3,82,0,0,0
D30289,43,M,0,31.0,104,1,1,0
D30290,41,F,0,22.5,71,0,0,0
D30291,56,M,1,26.6,86,0,0,1
D30292,58,M,0,29.9,100,0,0,0
D30293,41,F,0,17.4,66,1,1,0
D30294,31,F,0,22.6,62,0,1,0
D30295,53,F,0,14.2,55,0,1,0
D30296,44,F,1,26.2,91,0,0,0
D30297,43,M,0,20.3,69,0,1,0
D30298,31,F,0,18.5,55,0,1,0
D30299,36,F,0,23.8,72,0,0,0
D30300,20,F,0,23.3,76,1,0,0
D30301,59,M,1,27.8,87,1,0,1
D30302,79,M,1,29.5,95,0,0,1
D30303,42,M,1,29.7,99,0,0,1
D30304,35,M,1,29.2,95,0,0,0
D30305,20,F,1,22.9,70,1,1,0
D30306,60,M,0,26.8,93,0,0,0
D30307,74,M,0,23.2,75,0,1,1
D30308,36,M,1,24.9,81,0,0,0
D30309,61,M,0,27.3,89,0,1,0
D30310,46,M,1,21.0,66,0,0,0
D30311,24,F,1,19.4,55,0,0,0
D30312,43,F,1,23.0,78,0,0,0
D30313,27,F,0,24.0,86,0,1,0
D30314,46,M,0,28.1,83,0,0,0
D30315,40,F,1,23.8,69,0,1,0
D30316,35,M,0,23.0,76,0,1,0
D30317,38,F,0,23.2,82,0,0,0
D30318,40,M,0,23.9,80,1,0,0
D30319,38,F,0,23.7,65,1,1,0
D30320,67,F,0,24.1,70,0,0,0
D30321,49,M,0,28.8,105,0,1,0
D30322,49,F,1,25.8,78,1,0,0
D30323,28,M,0,17.9,55,1,1,0
D30324,40,F,0,24.9,79,1,1,0
D30325,20,F,0,19.6,57,0,0,0
D30326,23,F,0,22.9,75,0,1,0
D30327,36,F,1,23.2,87,0,1,0
D30328,31,F,1,22.8,77,0,1,0
D30329,59,M,1,19.1,67,1,1,1
D30330,44,M,0,21.4,60,0,0,0
D30331,25,F,1,30.8,93,0,1,0
D30332,60,M,0,23.3,71,0,1,0
D30333,52,F,1,22.3,62,0,1,1
D30334,35,F,0,21.7,66,1,1,0
D30335,27,M,1,23.4,79,0,1,0
D30336,51,M,1,19.7,62,0,1,0
D30337,82,F,0,20.1,59,0,0,0
D30338,20,F,0,27.4,78,0,1,1
D30339,20,F,1,28.2,78,0,1,0
D30340,20,F,0,14.6,55,0,1,0
D30341,58,M,0,21.1,76,1,0,0
D30342,37,F,0,21.8,82,0,1,0
D30343,43,M,1,23.4,76,0,1,0
D30344,41,M,0,28.4,95,0,0,0
D30345,33,F,1,21.5,62,0,0,0
D30346,50,M,0,21.6,66,1,0,0
D30347,35,F,1,27.4,89,1,0,0
D30348,31,F,0,24.3,81,0,0,0
D30349,38,F,0,23.2,62,0,1,0
D30350,39,M,0,21.7,63,0,1,0
D30351,47,F,1,28.0,98,0,0,1
D30352,55,M,1,27.0,84,0,0,1
D30353,20,M,1,31.5,102,0,0,0
D30354,47,F,1,23.6,71,1,1,1
D30355,56,F,0,22.7,66,0,1,0
D30356,64,F,0,25.7,73,0,1,0
D30357,39,M,1,28.6,85,0,1,0
D30358,20,M,0,14.3,55,0,1,0
D30359,59,F,0,23.8,67,0,0,0
D30360,50,F,0,21.9,61,0,0,0
D30361,59,M,1,22.6,77,0,1,0
D30362,45,F,1,21.7,63,0,0,0
D30363,52,M,0,22.3,68,0,1,0
D30364,49,F,1,24.7,77,1,0,1
D30365,21,F,1,26.9,73,0,0,0
D30366,41,F,0,19.5,60,0,0,0
D30367,48,M,0,27.7,93,0,0,0
D30368,60,F,0,15.0,55,0,0,0
D30369,23,F,1,23.6,78,0,0,0
D30370,38,M,0,21.8,74,0,0,0
D30371,32,F,0,17.3,55,0,0,0
D30372,45,F,1,19.3,75,0,0,0
D30373,60,F,1,18.9,58,0,0,0
D30374,35,M,0,21.7,66,0,0,0
D30375,39,M,0,28.2,83,0,1,0
D30376,29,M,1,17.7,55,0,0,0
D30377,60,M,0,25.4,81,0,0,0
D30378,20,F,1,22.1,73,0,0,0
D30379,36,F,0,21.7,67,0,0,0
D30380,36,M,0,19.6,57,0,1,0
D30381,70,M,0,18.9,69,0,0,0
D30382,62,M,0,20.6,73,0,1,0
D30383,57,F,0,23.9,66,0,1,0
D30384,20,M,0,17.1,55,0,1,0
D30385,51,F,0,31.5,94,0,1,1
D30386,36,M,0,20.2,57,1,1,0
D30387,64,M,0,23.8,81,0,1,0
D30388,50,F,0,23.7,80,0,0,0
D30389,41,F,0,23.3,76,1,1,0
D30390,72,F,1,27.9,92,0,0,0
D30391,38,M,0,23.1,82,0,1,0
D30392,52,F,0,22.5,69,1,1,0
D30393,32,M,0,23.4,73,0,0,0
D30394,51,M,0,29.1,103,0,0,1
D30395,31,M,0,26.9,85,0,0,0
D30396,53,F,0,25.1,72,0,1,0
D30397,36,F,1,28.4,80,0,0,1
D30398,37,F,1,25.0,74,1,0,0
D30399,41,F,0,21.8,74,0,1,0
D30400,69,M,0,28.9,91,0,1,0
D30401,38,F,1,21.8,72,0,0,0
D30402,49,F,0,23.9,73,0,1,0
D30403,39,M,0,17.4,55,0,1,0
D30404,35,M,1,20.9,71,0,0,0
D30405,49,M,1,26.3,104,0,1,0
D30406,26,F,0,18.2,56,1,1,0
D30407,52,M,0,24.6,78,1,1,1
D30408,27,F,0,22.8,68,0,1,0
D30409,41,M,1,27.8,88,0,1,0
D30410,25,F,0,23.6,79,0,1,0
D30411,67,M,0,24.9,75,0,0,0
D30412,72,F,0,25.0,65,1,0,1
D30413,31,M,0,21.5,69,0,1,0
D30414,58,M,0,21.7,74,0,0,0
D30415,63,M,1,28.4,89,0,0,1
D30416,36,F,1,24.6,76,1,1,0
D30417,32,M,0,26.4,79,0,1,0
D30418,31,F,1,25.5,78,0,0,0
D30419,46,M,1,30.2,96,0,1,0
D30420,37,F,0,23.4,87,0,0,0
D30421,49,F,0,20.8,69,1,1,0
D30422,57,F,1,26.4,78,1,0,0
D30423,39,F,0,25.6,79,0,1,0
D30424,48,F,0,24.0,68,0,0,0
D30425,28,F,0,27.6,79,0,1,0
D30426,40,F,1,28.5,80,1,1,0
D30427,41,M,0,24.0,77,0,0,0
D30428,53,M,0,24.6,76,0,0,0
D30429,37,M,0,26.6,87,0,0,0
D30430,25,M,0,20.8,75,0,1,0
D30431,48,F,0,25.3,77,0,0,1
D30432,20,M,1,22.3,66,0,0,0
D30433,55,F,1,27.4,85,0,1,1
D30434,41,M,0,21.1,77,0,0,0
D30435,39,F,1,26.1,84,1,1,0
D30436,58,M,0,26.2,87,0,0,0
D30437,20,F,0,22.8,75,0,1,0
D30438,55,F,0,28.2,85,0,1,0
D30439,49,M,0,21.8,69,0,0,0
D30440,71,M,0,26.7,88,0,0,0
D30441,22,F,1,16.1,55,0,1,0
D30442,20,F,0,15.5,55,0,1,0
D30443,31,F,0,24.1,77,0,1,0
D30444,36,M,0,22.0,58,0,0,0
D30445,46,M,1,27.3,87,0,1,0
D30446,63,F,0,24.0,78,0,1,0
D30447,50,M,1,30.7,100,0,1,0
D30448,65,M,1,31.0,106,0,1,1
D30449,20,F,0,29.5,98,0,1,0
D30450,34,M,1,21.7,62,0,0,0
D30451,45,M,0,23.6,72,0,1,0
D30452,44,M,1,22.4,80,1,0,1
D30453,57,M,0,29.6,84,0,0,0
D30454,29,M,1,14.8,57,1,0,0
D30455,58,M,0,25.3,75,0,0,0
D30456,55,F,0,26.5,75,0,0,0
D30457,39,F,0,20.4,60,1,0,0
D30458,61,F,0,29.2,91,1,1,0
D30459,40,F,0,21.3,68,0,0,0
D30460,59,F,0,20.2,59,0,1,0
D30461,28,F,0,21.6,61,0,0,0
D30462,20,F,0,15.7,58,0,1,0
D30463,21,M,1,24.2,78,0,0,0
D30464,33,M,0,17.7,62,0,1,0
D30465,58,M,0,25.7,93,0,1,0
D30466,39,F,0,18.1,55,1,1,0
D30467,41,M,0,24.3,80,0,0,0
D30468,44,M,0,18.6,63,1,0,0
D30469,47,M,0,16.2,73,0,0,0
D30470,45,F,0,28.7,102,0,1,0
D30471,35,F,0,22.1,78,1,0,0
D30472,42,M,0,25.9,81,1,0,1
D30473,33,F,1,17.7,55,0,0,0
D30474,46,F,1,22.5,74,0,1,0
D30475,53,M,0,24.5,77,1,1,1
D30476,37,M,0,22.1,69,0,1,0
D30477,34,F,0,20.4,58,1,1,0
D30478,20,M,0,19.8,71,0,1,0
D30479,35,M,1,26.3,89,0,1,1
D30480,31,M,0,22.0,67,1,1,0
D30481,26,M,0,18.7,59,0,1,0
D30482,20,F,1,30.5,108,0,0,0
D30483,29,F,0,22.2,59,0,1,0
D30484,44,M,1,23.8,73,0,0,0
D30485,58,M,1,27.4,95,0,0,0
D30486,42,F,1,23.0,78,0,1,0
D30487,30,M,0,22.6,76,0,0,0
D30488,36,F,0,20.7,62,0,1,0
D30489,21,F,0,23.9,80,1,1,0
D30490,20,F,0,20.4,58,0,0,0
D30491,31,F,0,21.1,61,1,1,0
D30492,36,F,0,21.8,64,1,1,0
D30493,82,F,0,20.3,61,0,1,0
D30494,56,F,0,24.8,73,0,1,0
D30495,63,F,0,24.1,74,0,1,0
D30496,34,F,0,25.4,82,0,1,0
D30497,22,M,0,16.2,55,1,1,0
D30498,29,F,0,21.9,65,0,1,0
D30499,73,M,1,29.3,97,0,0,0
D30500,23,M,0,20.2,60,1,0,0
D30501,43,M,0,15.9,55,1,1,1
D30502,51,F,0,22.4,55,0,0,0
D30503,52,F,0,30.0,94,1,1,1
D30504,48,M,0,26.9,96,0,1,0
D30505,39,M,0,27.3,104,1,0,0
D30506,67,F,1,26.2,74,0,1,0
D30507,57,F,0,20.4,67,0,1,0
D30508,50,F,0,27.6,98,0,1,0
D30509,48,M,0,29.8,102,0,0,0
D30510,30,M,1,28.1,95,0,0,0
D30511,26,M,0,23.2,79,0,1,0
D30512,38,F,1,15.1,55,0,0,1
D30513,35,F,1,26.3,96,0,1,0
D30514,29,M,0,25.3,78,0,0,0
D30515,37,F,1,21.8,75,0,0,0
D30516,27,F,0,14.0,55,1,1,0
D30517,20,M,0,23.2,73,0,0,0
D30518,45,M,0,19.1,60,1,0,0
D30519,60,M,1,27.9,85,1,0,1
D30520,60,F,1,29.3,92,0,0,0
D30521,50,M,0,23.3,83,1,1,0
D30522,20,M,1,24.0,81,0,0,0
D30523,44,M,0,21.5,82,0,1,0
D30524,52,M,0,26.2,84,0,0,0
D30525,48,M,0,18.0,55,0,0,0
D30526,47,M,0,24.0,76,1,0,1
D30527,39,M,0,18.3,65,0,0,0
D30528,30,F,1,19.6,70,1,0,0
D30529,52,F,1,28.3,93,1,1,1
D30530,34,F,0,21.5,68,0,0,0
D30531,68,M,0,22.0,75,0,0,0
D30532,35,M,1,34.2,104,0,0,0
D30533,55,F,0,21.1,71,0,1,0
D30534,31,M,1,19.0,64,0,1,0
D30535,43,M,0,19.2,59,0,0,0
D30536,42,F,0,19.1,55,0,0,0
D30537,44,M,0,23.1,76,1,1,0
D30538,20,F,0,29.2,86,1,1,0
D30539,62,F,0,28.7,88,0,0,0
D30540,58,F,0,26.9,83,0,0,0
D30541,45,F,0,22.9,78,0,0,0
D30542,31,F,0,20.6,67,1,0,0
D30543,45,M,1,23.8,82,0,0,1
D30544,24,F,0,22.0,67,0,0,0
D30545,23,F,1,21.6,60,0,0,0
D30546,58,M,1,22.9,80,0,1,0
D30547,35,F,1,29.8,91,0,1,0
D30548,45,M,1,28.6,81,0,1,0
D30549,40,F,0,25.4,75,0,1,0
D30550,54,F,1,30.1,88,0,1,0
D30551,34,M,0,20.4,58,0,0,0
D30552,43,M,0,25.2,81,1,1,0
D30553,60,M,0,21.9,66,1,1,0
D30554,50,F,1,26.4,85,0,1,0
D30555,28,F,0,16.6,55,0,1,0
D30556,58,M,1,25.4,85,0,0,0
D30557,20,F,0,23.4,73,1,0,0
D30558,27,M,0,17.7,55,1,0,0
D30559,39,M,1,29.1,90,0,1,1
D30560,53,F,1,26.5,82,0,1,0
D30561,49,F,1,24.7,74,0,1,0
D30562,41,M,0,20.1,67,0,0,0
D30563,69,F,1,22.2,60,0,0,0
D30564,75,M,0,29.1,86,0,1,0
D30565,63,F,0,23.7,84,1,1,0
D30566,41,M,0,20.8,64,1,1,0
D30567,58,M,1,25.0,88,0,0,1
D30568,35,M,1,24.6,74,0,0,0
D30569,40,F,1,24.5,73,0,1,0
D30570,39,F,1,29.1,94,0,1,0
D30571,38,M,0,31.5,88,0,1,0
D30572,34,F,1,30.3,95,0,1,0
D30573,76,F,0,25.6,79,0,1,0
D30574,53,F,0,24.6,75,0,1,1
D30575,49,M,1,21.8,70,0,0,0
D30576,20,F,1,23.5,73,1,1,0
D30577,57,F,0,24.0,72,0,1,0
D30578,20,F,0,26.4,67,0,0,0
D30579,20,F,1,30.6,99,0,1,0
D30580,30,M,1,22.6,71,0,0,0
D30581,35,F,1,24.6,76,0,0,0
D30582,22,M,1,31.8,112,0,0,0
D30583,72,F,0,25.5,84,0,1,0
D30584,46,F,1,26.2,90,0,0,0
D30585,36,F,0,28.4,88,0,0,0
D30586,41,F,1,26.4,92,0,0,0
D30587,35,M,0,18.5,58,0,0,1
D30588,20,M,0,24.9,77,0,0,0
D30589,28,F,1,23.2,81,0,0,0
D30590,64,F,1,22.4,61,0,0,1
D30591,31,M,0,20.4,75,0,0,0
D30592,41,F,1,26.1,77,0,1,0
D30593,55,F,1,20.1,61,1,0,0
D30594,42,F,0,22.9,64,0,0,0
D30595,45,F,0,22.1,77,0,1,0
D30596,42,M,0,23.5,74,0,0,0
D30597,22,M,0,20.8,57,0,1,0
D30598,67,M,0,29.0,99,1,0,1
D30599,33,F,0,27.5,80,0,0,0
D30600,34,M,0,20.8,66,1,0,0
D30601,63,F,1,35.2,108,0,0,1
D30602,72,M,0,25.9,86,0,1,0
D30603,57,M,0,21.0,69,1,0,0
D30604,77,F,0,20.0,67,0,1,0
D30605,39,M,1,21.0,72,0,1,1
D30606,57,F,0,23.7,75,0,0,1
D30607,31,M,0,17.7,58,0,0,0
D30608,31,M,1,32.8,114,0,0,0
D30609,55,M,0,34.9,112,0,0,0
D30610,49,M,1,29.2,98,0,1,0
D30611,21,F,0,25.6,74,1,1,0
D30612,35,F,0,20.0,57,1,1,0
D30613,51,M,0,26.7,85,0,0,0
D30614,35,M,0,22.3,70,1,1,0
D30615,20,M,0,14.8,55,1,0,0
D30616,62,M,1,24.5,73,0,0,0
D30617,51,F,1,21.7,70,0,0,0
D30618,50,F,1,24.4,78,0,1,0
D30619,30,M,1,23.8,84,0,0,0
D30620,31,F,0,14.0,55,0,1,0
D30621,27,F,1,27.6,92,0,1,0
D30622,35,F,0,28.4,91,0,1,0
D30623,57,M,0,23.2,76,1,0,1
D30624,35,F,0,18.2,55,0,0,0
D30625,48,M,0,14.0,55,0,1,0
D30626,75,M,0,26.0,89,0,0,0
D30627,36,F,1,27.5,79,0,0,0
D30628,65,F,1,28.8,84,0,0,0
D30629,35,F,1,23.2,63,0,0,1
D30630,41,M,1,26.9,88,0,1,0
D30631,58,F,0,23.9,77,0,1,0
D30632,40,M,0,24.4,85,1,0,0
D30633,65,M,1,20.7,76,0,1,1
D30634,77,M,0,20.1,71,1,1,1
D30635,33,F,1,24.6,87,1,0,0
D30636,39,M,0,25.8,82,0,0,0
D30637,71,F,1,15.6,55,1,0,0
D30638,36,F,1,20.8,72,0,0,0
D30639,55,M,0,27.7,90,0,1,0
D30640,49,M,1,22.9,82,0,0,0
D30641,49,F,1,26.3,81,0,0,0
D30642,20,M,0,24.2,88,1,1,0
D30643,76,F,0,28.4,95,0,1,0
D30644,64,F,0,23.3,71,0,1,1
D30645,65,M,0,18.7,62,0,0,0
D30646,31,M,0,22.1,65,0,1,0
D30647,30,M,0,27.2,98,1,1,0
D30648,42,F,1,22.4,66,0,0,0
D30649,83,F,1,23.3,68,0,1,1
D30650,51,F,0,20.9,55,1,1,0
D30651,42,F,0,14.0,55,0,1,0
D30652,63,M,0,25.4,74,1,0,0
D30653,44,M,0,24.4,73,0,0,0
D30654,36,F,1,22.0,66,0,0,0
D30655,37,M,0,24.6,76,0,0,0
D30656,52,F,0,19.3,64,0,0,0
D30657,36,M,1,21.7,81,0,0,1
D30658,43,F,0,21.4,65,1,0,0
D30659,29,M,0,24.1,72,0,1,0
D30660,20,F,1,22.2,72,0,0,0
D30661,57,M,0,27.2,92,0,1,0
D30662,43,F,0,26.9,79,0,0,0
D30663,24,F,0,20.5,55,0,1,0
D30664,41,M,0,23.9,81,1,0,0
D30665,57,M,1,23.4,83,0,1,0
D30666,24,M,1,27.1,88,0,1,1
D30667,20,M,1,25.2,81,0,1,0
D30668,44,M,1,22.6,72,1,1,0
D30669,38,M,0,25.1,73,0,1,0
D30670,54,M,0,16.4,58,0,1,0
D30671,21,M,1,24.3,68,0,0,0
D30672,20,M,1,28.3,94,0,0,0
D30673,34,F,1,20.4,61,0,0,0
D30674,34,F,1,27.3,77,0,1,0
D30675,21,M,0,28.1,78,0,0,0
D30676,54,M,1,26.9,91,0,1,0
D30677,42,F,0,24.6,77,1,1,0
D30678,35,F,1,22.5,75,0,1,1
D30679,36,M,0,24.5,79,0,1,0
D30680,45,F,1,28.1,85,0,1,0
D30681,31,M,0,27.2,92,0,1,0
D30682,44,F,1,20.8,55,0,1,0
D30683,42,F,1,18.0,55,1,1,0
D30684,38,M,0,22.6,70,0,1,0
D30685,57,F,1,23.9,81,0,0,0
D30686,24,M,1,25.1,92,1,1,0
D30687,45,F,0,24.5,74,0,1,1
D30688,43,F,1,28.5,92,0,0,0
D30689,25,F,0,20.4,62,0,0,0
D30690,39,F,0,28.5,88,0,1,0
D30691,36,F,1,23.1,75,0,0,0
D30692,41,F,1,25.0,75,0,1,0
D30693,45,F,1,25.8,77,0,1,0
D30694,43,M,1,27.8,87,1,0,1
D30695,43,M,0,24.5,86,0,1,0
D30696,29,F,0,22.4,68,0,0,0
D30697,43,F,0,17.4,55,0,0,0
D30698,49,F,1,23.4,74,0,0,0
D30699,32,F,0,22.4,79,0,1,0
D30700,28,F,1,31.0,104,0,1,0
D30701,80,M,0,22.8,61,0,1,0
D30702,56,F,0,22.8,68,0,0,0
D30703,49,F,0,24.8,72,0,0,0
D30704,41,M,0,23.6,82,0,1,0
D30705,60,F,0,18.1,70,0,1,0
D30706,55,M,1,22.9,74,0,0,0
D30707,21,M,0,20.1,59,0,0,0
D30708,53,F,1,29.2,104,0,1,0
D30709,44,M,0,26.3,81,0,0,0
D30710,49,M,0,23.6,77,1,1,0
D30711,66,F,1,17.8,55,0,0,0
D30712,24,M,1,16.9,55,0,1,0
D30713,49,M,0,17.5,55,0,1,0
D30714,34,M,1,26.3,84,1,1,0
D30715,41,F,0,21.9,71,0,0,0
D30716,53,M,0,23.9,79,1,1,0
D30717,51,F,0,27.7,91,0,1,0
D30718,39,F,1,31.3,106,0,1,0
D30719,42,M,0,20.8,72,0,0,0
D30720,52,M,1,26.9,102,0,1,0
D30721,40,F,1,23.1,75,0,1,0
D30722,44,F,0,22.7,76,0,1,0
D30723,54,F,0,18.7,60,0,0,0
D30724,64,M,0,22.4,74,0,1,0
D30725,43,M,0,22.4,80,0,1,0
D30726,21,F,0,25.8,83,0,0,0
D30727,61,M,0,30.0,97,1,1,1
D30728,40,F,1,23.8,72,0,1,0
D30729,25,M,1,25.8,81,0,0,1
D30730,39,F,0,24.0,75,1,0,0
D30731,45,F,0,24.3,73,0,0,0
D30732,39,M,0,29.8,101,0,1,0
D30733,59,F,0,30.6,99,0,1,0
D30734,33,F,1,29.7,101,0,0,1
D30735,65,M,0,14.9,55,1,1,0
D30736,38,M,0,25.3,73,0,1,0
D30737,31,M,0,22.4,77,0,1,0
D30738,53,M,0,14.0,55,0,0,0
D30739,67,F,0,20.6,60,1,1,0
D30740,28,F,0,27.1,89,1,1,0
D30741,24,M,1,29.7,112,1,1,0
D30742,20,M,0,15.9,55,1,0,0
D30743,31,F,0,15.2,55,1,0,0
D30744,39,F,1,28.9,87,0,0,0
D30745,53,M,1,23.9,85,0,0,1
D30746,34,F,1,18.4,55,0,1,0
D30747,26,F,0,28.6,90,0,0,0
D30748,41,F,1,17.4,55,1,0,0
D30749,20,M,0,21.0,66,0,0,0
D30750,52,F,0,19.8,61,0,1,0
D30751,45,F,1,25.9,89,0,1,1
D30752,43,F,0,20.3,66,0,0,0
D30753,42,F,0,18.9,59,0,0,0
D30754,44,F,0,27.8,91,0,0,0
D30755,30,M,0,25.3,83,0,0,0
D30756,25,F,0,22.0,76,1,1,0
D30757,24,M,1,23.6,81,1,1,0
D30758,29,F,0,23.1,79,0,1,0
D30759,21,F,0,24.8,83,0,0,0
D30760,20,M,0,15.5,55,0,1,0
D30761,45,M,0,21.8,68,0,1,0
D30762,50,F,0,22.8,69,0,1,0
D30763,45,F,1,27.2,91,1,0,1
D30764,28,F,0,24.2,80,1,0,0
D30765,27,M,1,34.4,107,0,0,0
D30766,31,F,1,23.6,75,1,0,0
D30767,20,F,0,16.2,55,0,1,0
D30768,39,F,1,25.6,87,0,0,0
D30769,37,M,0,23.8,91,1,1,0
D30770,23,F,1,19.9,63,0,0,0
D30771,32,M,0,16.1,55,0,1,0
D30772,42,F,0,16.5,63,0,1,0
D30773,43,F,1,23.9,70,0,0,0
D30774,30,F,0,18.5,57,0,1,0
D30775,39,M,0,22.7,73,0,1,0
D30776,20,M,0,17.3,55,1,1,0
D30777,30,F,0,16.6,55,0,0,0
D30778,51,F,0,20.2,57,0,0,0
D30779,36,M,0,24.9,77,0,1,0
D30780,47,M,0,23.4,80,0,0,0
D30781,41,F,0,30.3,90,1,1,0
D30782,50,M,0,24.2,76,0,1,0
D30783,26,M,0,25.7,85,0,0,0
D30784,37,F,0,22.3,65,0,0,0
D30785,39,M,1,20.8,75,0,0,0
D30786,58,F,1,26.1,82,0,0,1
D30787,46,F,0,21.4,76,0,0,1
D30788,51,F,0,21.3,66,0,1,0
D30789,31,M,1,27.7,93,0,0,0
D30790,23,F,0,26.6,79,0,1,0
D30791,25,F,0,22.3,55,0,1,0
D30792,57,F,1,23.2,72,0,1,1
D30793,29,M,1,21.1,67,0,1,0
D30794,71,F,1,29.0,92,1,0,1
D30795,48,F,0,27.8,78,0,0,1
D30796,66,F,1,29.5,98,0,0,1
D30797,26,M,1,22.1,69,0,0,0
D30798,36,F,0,16.4,55,1,1,0
D30799,50,F,0,21.2,57,0,0,0
D30800,52,M,0,27.4,86,0,0,0
D30801,59,M,0,24.4,84,0,0,0
D30802,30,M,0,27.5,84,0,1,0
D30803,34,F,0,19.3,57,0,1,0
D30804,33,M,1,27.1,90,0,0,0
D30805,46,F,0,22.3,78,0,0,0
D30806,44,F,1,30.3,101,0,0,0
D30807,59,F,0,32.5,94,0,0,0
D30808,48,M,0,27.3,80,1,1,0
D30809,38,F,0,25.1,76,0,0,0
D30810,43,F,1,22.5,79,0,0,1
D30811,33,M,1,21.6,71,1,0,0
D30812,41,F,0,16.2,55,0,1,0
D30813,35,F,1,25.7,80,0,0,0
D30814,49,F,0,22.7,77,0,1,0
D30815,33,F,0,24.7,81,1,1,0
D30816,52,M,1,27.1,84,0,0,1
D30817,59,M,0,17.2,61,0,1,0
D30818,45,F,0,19.5,55,0,1,0
D30819,66,F,0,14.3,58,0,1,0
D30820,23,M,0,25.5,87,0,0,0
D30821,41,M,0,25.1,75,1,1,0
D30822,29,F,0,17.8,56,0,0,0
D30823,48,M,1,18.0,60,0,0,0
D30824,43,M,0,28.4,84,0,1,0
D30825,51,F,1,25.7,87,0,0,0
D30826,37,M,0,27.8,99,0,1,0
D30827,53,M,0,14.8,55,0,1,0
D30828,28,F,0,32.8,114,0,1,0
D30829,35,F,1,26.5,81,0,0,0
D30830,46,M,0,25.5,87,1,1,0
D30831,31,F,1,22.4,66,0,1,0
D30832,42,F,0,15.9,55,0,0,0
D30833,41,M,0,23.1,65,0,0,0
D30834,35,F,0,20.4,64,0,0,0
D30835,57,M,1,27.9,77,0,1,0
D30836,29,M,1,22.4,74,0,0,0
D30837,32,F,0,16.1,55,1,1,1
D30838,28,F,0,24.9,73,0,0,0
D30839,45,M,1,27.7,84,0,0,0
D30840,43,M,0,21.7,69,0,1,0
D30841,28,M,0,18.9,62,0,1,0
D30842,51,F,0,21.1,62,1,1,0
D30843,56,M,0,21.6,78,0,1,1
D30844,57,F,1,24.3,75,0,0,0
D30845,62,F,0,21.9,76,0,1,0
D30846,26,F,1,19.9,60,0,1,0
D30847,37,F,0,19.4,71,0,0,0
D30848,48,F,0,24.8,75,0,0,0
D30849,29,M,0,25.4,84,0,0,0
D30850,35,F,1,32.9,108,1,1,0
D30851,27,F,1,29.3,84,0,0,0
D30852,48,F,0,33.2,109,0,0,0
D30853,24,M,0,25.9,83,0,0,0
D30854,57,M,1,32.2,105,0,0,0
D30855,54,F,0,22.2,60,0,0,0
D30856,61,F,1,19.9,55,1,0,1
D30857,54,M,0,27.7,84,0,1,1
D30858,58,M,0,22.1,68,0,0,0
D30859,52,M,0,16.2,59,0,1,0
D30860,22,M,0,14.4,55,0,0,0
D30861,60,F,0,24.1,83,0,0,0
D30862,31,M,0,21.0,69,0,1,0
D30863,38,M,0,23.7,73,0,0,0
D30864,20,M,0,23.4,82,0,0,0
D30865,58,F,0,24.6,88,1,0,1
D30866,42,F,0,15.6,55,0,0,0
D30867,53,M,1,16.5,60,0,0,0
D30868,23,F,0,15.1,55,0,1,0
D30869,58,F,1,29.3,88,1,0,1
D30870,46,M,0,21.3,73,0,1,0
D30871,39,F,0,20.8,68,0,1,0
D30872,41,F,0,20.1,64,0,1,0
D30873,23,F,1,23.7,88,1,0,1
D30874,48,M,0,24.0,71,0,0,0
D30875,27,M,0,19.6,71,0,1,0
D30876,30,M,0,23.0,83,0,0,0
D30877,20,F,0,30.8,99,0,1,0
D30878,42,F,1,27.3,89,1,0,0
D30879,56,F,0,16.0,55,0,1,0
D30880,50,M,1,19.4,58,1,1,0
D30881,38,F,0,20.2,60,0,1,0
D30882,41,F,1,25.3,76,0,1,0
D30883,42,M,0,23.7,82,0,1,0
D30884,32,F,0,26.7,84,0,0,0
D30885,34,M,1,25.2,88,0,0,0
D30886,56,F,1,28.2,77,0,1,1
D30887,50,M,1,28.1,98,0,0,0
D30888,53,F,0,27.0,94,0,0,0
D30889,48,M,0,23.8,76,0,1,0
D30890,45,F,1,32.6,96,0,0,0
D30891,20,F,1,19.3,71,0,1,0
D30892,36,F,0,21.9,67,1,1,0
D30893,42,M,1,28.9,98,0,1,0
D30894,44,F,0,20.2,58,0,0,0
D30895,56,F,0,25.1,73,0,0,0
D30896,39,F,1,25.4,74,0,0,0
D30897,20,F,0,29.6,84,0,1,0
D30898,47,F,1,23.1,77,0,1,0
D30899,25,M,0,20.1,65,0,1,0
D30900,26,M,1,26.0,85,0,0,0
D30901,46,F,0,25.7,79,0,1,0
D30902,36,M,0,23.5,80,1,1,0
D30903,36,F,1,19.6,55,0,0,0
D30904,37,F,1,22.9,70,0,1,0
D30905,20,M,1,22.8,67,0,1,0
D30906,36,M,0,21.7,67,0,1,0
D30907,71,M,0,27.7,86,1,0,1
D30908,49,F,1,27.6,104,0,0,0
D30909,24,F,1,16.6,55,0,1,0
D30910,34,F,1,24.6,79,0,1,0
D30911,46,F,0,15.0,55,0,1,0
D30912,53,F,0,24.4,78,0,1,0
D30913,47,F,0,22.7,79,0,0,1
D30914,25,M,1,26.2,95,1,0,0
D30915,68,F,1,26.0,77,1,1,1
D30916,38,F,0,21.5,60,0,1,0
D30917,55,F,1,23.3,76,0,1,0
D30918,76,F,1,29.6,91,0,0,1
D30919,49,F,0,28.4,80,0,1,0
D30920,22,M,1,24.3,84,0,1,1
D30921,28,F,1,26.8,89,1,0,0
D30922,38,M,0,25.5,72,0,0,0
D30923,30,M,0,25.5,74,0,1,0
D30924,45,F,0,22.5,65,0,1,0
D30925,41,F,1,24.7,62,0,1,0
D30926,48,M,1,17.5,55,0,0,0
D30927,57,M,0,19.4,57,0,1,0
D30928,37,F,1,21.5,66,0,0,0
D30929,42,F,0,22.4,73,0,1,0
D30930,50,F,0,21.5,63,0,0,0
D30931,22,M,0,29.6,101,1,0,0
D30932,46,F,1,24.4,74,0,1,0
D30933,59,M,0,32.5,113,0,1,0
D30934,47,F,0,28.1,88,0,1,0
D30935,44,F,1,29.9,86,0,1,0
D30936,55,M,0,22.7,73,0,1,0
D30937,30,F,1,22.3,62,0,0,0
D30938,25,M,1,17.3,59,0,1,0
D30939,43,M,1,26.2,77,0,0,0
D30940,37,M,1,31.1,105,0,1,0
D30941,29,F,0,14.0,55,0,1,0
D30942,38,F,0,28.2,84,1,1,0
D30943,45,M,0,23.8,68,0,1,0
D30944,56,F,0,19.1,55,1,0,0
D30945,48,F,0,26.8,69,1,0,0
D30946,54,F,1,33.3,100,0,0,0
D30947,50,F,1,23.4,83,0,0,0
D30948,73,F,1,22.4,68,0,0,0
D30949,63,F,1,18.0,55,1,0,0
D30950,36,F,0,16.7,64,0,0,0
D30951,23,M,1,26.2,89,0,1,0
D30952,30,M,1,29.0,98,1,0,0
D30953,29,F,0,22.2,69,1,1,0
D30954,63,F,0,27.8,85,0,0,0
D30955,68,F,0,33.3,104,0,1,0
D30956,60,M,1,30.8,111,1,0,1
D30957,45,M,0,19.4,56,0,0,0
D30958,23,M,0,19.6,55,1,1,0
D30959,46,F,0,24.6,82,0,0,0
D30960,58,F,0,25.6,86,0,1,1
D30961,55,M,0,26.0,82,0,0,1
D30962,48,F,1,24.3,76,1,0,0
D30963,45,M,0,15.5,55,1,1,0
D30964,39,F,1,21.3,78,1,0,0
D30965,53,F,1,20.7,60,0,1,0
D30966,20,F,1,19.9,55,0,0,0
D30967,38,F,0,20.5,57,0,1,0
D30968,44,M,0,22.8,76,0,1,1
D30969,40,M,0,21.1,67,0,1,0
D30970,44,F,1,26.2,78,0,0,0
D30971,28,M,0,29.3,100,0,0,0
D30972,31,F,1,26.5,84,0,1,1
D30973,53,F,0,27.1,78,0,1,0
D30974,44,F,0,23.4,76,1,0,0
D30975,58,F,0,17.0,55,0,0,0
D30976,23,M,1,29.2,94,0,1,0
D30977,40,M,1,22.6,67,1,0,0
D30978,50,M,0,18.4,55,0,1,0
D30979,40,M,1,27.5,81,0,1,0
D30980,56,F,1,33.3,105,0,0,1
D30981,42,M,0,21.1,70,0,1,0
D30982,54,F,0,19.0,60,0,1,0
D30983,43,M,0,18.4,64,0,1,0
D30984,49,F,1,20.1,68,1,0,0
D30985,30,F,0,21.6,64,0,1,0
D30986,24,F,0,32.5,108,1,1,0
D30987,45,F,1,20.5,58,0,0,0
D30988,20,F,1,27.4,91,1,0,0
D30989,68,M,0,22.2,75,0,0,0
D30990,51,M,0,23.2,84,0,1,0
D30991,48,M,0,23.1,65,1,1,1
D30992,35,F,0,21.9,67,1,0,0
D30993,33,M,0,22.5,72,1,1,0
D30994,30,M,1,23.8,81,0,0,0
D30995,52,M,1,26.9,85,0,0,0
D30996,62,M,1,26.0,85,1,0,0
D30997,54,F,1,28.1,80,1,1,0
D30998,55,F,1,32.4,109,1,0,0
D30999,50,M,0,29.3,91,0,1,0
D31000,58,F,0,25.4,77,0,1,0
D31001,24,M,1,22.4,70,0,1,0
D31002,41,F,1,23.5,79,1,1,0
D31003,46,F,0,20.0,58,0,1,0
D31004,49,F,1,24.0,74,0,1,0
D31005,23,F,0,22.1,70,0,1,0
D31006,43,M,1,29.5,102,0,0,0
D31007,48,M,0,19.4,67,0,1,0
D31008,48,M,0,15.9,55,1,1,0
D31009,78,M,1,28.9,86,0,0,1
D31010,20,M,0,22.2,64,0,1,0
D31011,20,F,0,25.2,83,0,1,0
D31012,54,M,1,19.6,65,0,1,0
D31013,55,M,0,22.9,76,0,0,0
D31014,53,M,0,21.0,63,0,0,0
D31015,38,M,0,23.7,76,0,1,0
D31016,42,M,0,20.1,65,1,0,0
D31017,40,M,0,25.1,81,0,0,1
D31018,62,M,0,20.7,72,0,1,0
D31019,47,M,0,34.4,113,0,0,0
D31020,39,M,0,19.8,56,0,1,0
D31021,56,M,1,27.6,85,0,0,1
D31022,45,F,1,29.4,99,0,0,1
D31023,58,M,0,20.4,70,1,1,0
D31024,31,F,0,25.3,66,0,0,0
D31025,32,M,0,28.4,93,0,1,0
D31026,42,F,1,23.8,83,0,0,0
D31027,57,M,0,21.8,74,0,0,0
D31028,42,F,0,22.8,63,0,1,0
D31029,39,F,1,30.6,100,1,1,1
D31030,20,F,1,26.7,89,0,0,0
D31031,20,M,0,21.1,69,0,1,0
D31032,32,M,1,26.2,85,0,0,0
D31033,36,M,0,23.5,81,1,1,0
D31034,56,F,1,25.8,86,0,1,0
D31035,36,F,0,26.3,71,0,1,0
D31036,44,F,0,32.0,100,0,0,0
D31037,37,M,0,18.3,59,0,1,0
D31038,26,M,0,22.7,74,1,0,0
D31039,56,M,0,27.4,89,0,0,0
D31040,29,F,0,27.9,86,0,1,0
D31041,42,M,1,21.4,67,0,0,0
D31042,49,M,0,25.1,80,0,0,0
D31043,74,M,0,29.7,101,0,0,0
D31044,55,M,0,27.2,82,0,1,0
D31045,40,F,1,18.7,55,0,1,0
D31046,69,F,1,28.8,78,0,0,1
D31047,64,M,0,27.6,85,1,0,1
D31048,61,F,0,32.5,101,0,0,0
D31049,53,F,1,27.3,80,0,0,0
D31050,62,F,1,22.0,68,1,0,1
D31051,50,M,0,25.4,90,0,1,0
D31052,28,F,1,29.1,84,0,0,0
D31053,41,M,0,16.2,56,0,1,0
D31054,48,F,0,22.8,72,0,0,0
D31055,48,F,0,15.3,55,1,0,0
D31056,55,F,1,26.2,75,0,0,1
D31057,51,M,0,29.0,95,0,1,0
D31058,42,F,0,25.3,69,1,1,0
D31059,40,M,1,25.7,72,0,0,0
D31060,41,M,0,22.6,75,0,0,0
D31061,46,F,0,18.9,63,0,1,0
D31062,38,F,0,22.1,70,0,0,0
D31063,60,M,0,25.7,90,0,0,0
D31064,43,M,0,20.4,63,0,0,0
D31065,25,F,0,21.5,68,0,1,0
D31066,63,M,0,27.3,93,0,0,1
D31067,43,M,1,21.1,73,0,0,0
D31068,61,F,0,26.0,79,0,1,0
D31069,59,M,1,26.2,86,0,1,0
D31070,37,F,1,23.5,75,1,0,0
D31071,46,M,1,27.4,97,0,0,0
D31072,71,F,0,20.0,64,0,1,0
D31073,32,M,1,29.2,81,0,0,0
D31074,41,F,1,17.8,55,0,1,0
D31075,23,M,1,27.6,80,0,1,0
D31076,65,M,0,21.1,71,0,1,0
D31077,30,F,1,24.8,87,0,0,0
D31078,45,M,0,23.2,68,0,1,0
D31079,22,F,0,25.8,67,0,0,0
D31080,47,F,1,23.3,72,0,0,1
D31081,48,M,0,27.3,98,0,1,0
D31082,48,F,0,23.4,69,0,1,0
D31083,54,F,0,26.6,77,0,1,0
D31084,29,F,0,20.4,66,0,1,0
D31085,36,F,1,27.5,91,0,1,1
D31086,56,F,0,20.4,60,1,1,0
D31087,47,F,0,23.4,70,0,1,0
D31088,70,F,0,22.9,74,0,1,0
D31089,52,F,0,21.8,68,0,1,1
D31090,31,M,1,24.1,94,0,1,0
D31091,20,M,1,23.0,70,0,0,0
D31092,38,F,1,15.2,55,0,1,0
D31093,20,M,0,21.1,77,0,1,0
D31094,20,M,0,21.3,60,1,1,0
D31095,60,M,1,20.0,68,0,1,0
D31096,28,M,0,19.9,78,1,1,0
D31097,31,F,0,21.7,68,1,1,0
D31098,32,F,1,25.4,71,0,0,0
D31099,42,M,0,20.0,58,1,1,1
D31100,44,F,0,16.9,55,0,0,0
D31101,46,F,0,31.7,91,0,0,0
D31102,29,M,1,29.3,94,0,0,0
D31103,39,F,0,23.8,76,0,0,0
D31104,20,M,1,26.4,94,0,0,0
D31105,30,F,1,24.2,70,0,0,0
D31106,49,M,1,24.1,72,0,0,0
D31107,23,M,0,26.7,94,0,1,0
D31108,22,F,1,26.9,90,0,0,0
D31109,59,F,0,21.2,69,0,0,0
D31110,31,M,0,24.5,82,0,0,0
D31111,58,F,1,25.4,80,0,1,0
D31112,51,M,1,28.7,84,0,1,0
D31113,49,M,0,20.8,62,1,1,0
D31114,39,F,0,27.8,97,0,1,0
D31115,47,M,0,26.0,88,0,0,0
D31116,36,M,0,22.9,70,1,1,0
D31117,42,F,1,29.7,107,0,0,0
D31118,46,M,0,20.5,66,0,1,0
D31119,25,F,1,19.9,68,0,0,0
D31120,20,M,0,24.8,91,1,0,0
D31121,49,F,1,24.3,74,1,0,0
D31122,44,M,0,25.2,81,1,1,0
D31123,44,F,1,22.3,70,0,0,1
D31124,30,F,0,18.3,73,1,1,0
D31125,55,M,0,31.4,105,0,1,0
D31126,32,F,0,21.5,55,0,1,1
D31127,52,M,0,19.1,58,0,0,0
D31128,50,F,0,24.5,75,0,0,0
D31129,51,M,0,19.3,66,0,0,0
D31130,41,F,0,25.7,81,0,0,0
D31131,62,M,1,24.9,77,0,0,0
D31132,49,F,1,20.0,63,0,0,1
D31133,50,M,0,22.4,79,0,0,0
D31134,65,M,1,21.9,80,0,1,1
D31135,55,F,1,28.3,99,1,0,1
D31136,54,F,0,15.3,55,0,0,0
D31137,61,M,0,21.3,66,0,0,0
D31138,28,M,0,21.7,70,1,1,0
D31139,38,F,1,17.6,55,1,1,0
D31140,23,M,0,20.4,75,0,1,0
D31141,52,F,1,20.0,68,1,0,1
D31142,21,F,0,18.8,55,0,0,0
D31143,40,F,0,27.0,87,0,1,0
D31144,33,F,0,17.4,56,1,0,0
D31145,52,F,1,21.5,56,0,0,0
D31146,37,F,0,19.5,59,0,1,0
D31147,31,F,1,28.7,89,0,0,0
D31148,58,F,0,25.4,77,0,1,0
D31149,38,M,1,26.2,87,0,1,0
D31150,35,F,1,22.9,67,0,0,0
D31151,20,M,1,28.0,93,1,0,1
D31152,43,M,0,26.2,99,0,1,0
D31153,39,M,0,23.4,78,0,0,0
D31154,79,F,1,25.3,76,0,0,1
D31155,52,M,0,19.5,63,0,1,0
D31156,24,F,1,22.4,72,1,0,0
D31157,49,M,1,30.4,98,0,0,0
D31158,26,M,0,19.7,64,0,0,0
D31159,45,F,1,22.0,70,0,0,0
D31160,46,F,1,27.9,84,0,1,0
D31161,35,M,0,24.5,84,1,1,0
D31162,26,F,1,20.7,55,1,0,0
D31163,37,F,1,18.6,55,0,0,0
D31164,27,F,0,26.3,95,1,0,0
D31165,53,F,0,28.3,103,0,1,0
D31166,45,F,0,24.4,70,0,0,0
D31167,51,F,1,23.6,81,0,0,1
D31168,23,M,0,21.0,80,0,0,0
D31169,76,F,1,27.2,92,0,0,1
D31170,49,F,1,26.7,88,1,0,0
D31171,49,F,0,26.0,88,0,1,0
D31172,75,F,1,30.4,98,0,1,0
D31173,68,F,0,22.5,70,0,1,0
D31174,37,F,0,22.7,70,1,0,0
D31175,50,F,1,26.4,83,1,0,0
D31176,25,F,0,28.5,88,0,1,0
D31177,40,F,0,19.9,55,0,1,0
D31178,32,M,1,22.7,65,0,1,0
D31179,50,M,0,22.0,60,0,1,0
D31180,56,M,0,28.9,81,1,1,0
D31181,27,M,1,26.7,85,0,0,0
D31182,45,M,1,24.1,77,1,1,0
D31183,40,M,1,23.5,74,1,0,0
D31184,27,F,1,24.1,79,0,1,0
D31185,33,M,0,27.1,88,0,1,0
D31186,40,M,0,22.4,55,0,1,0
D31187,58,M,0,24.3,72,1,0,1
D31188,39,M,0,25.6,83,0,0,0
D31189,48,F,1,20.0,59,0,1,0
D31190,46,F,1,29.3,83,0,0,0
D31191,51,M,0,21.9,65,0,1,0
D31192,61,F,0,29.8,88,1,0,1
D31193,62,F,0,17.7,58,0,0,0
D31194,48,M,0,24.1,80,0,0,0
D31195,33,F,1,29.5,99,0,0,0
D31196,38,F,0,22.8,68,0,1,0
D31197,35,F,0,25.8,86,0,1,0
D31198,37,M,0,25.5,81,1,0,0
D31199,20,M,0,18.1,55,0,1,0
D31200,44,F,0,22.8,60,0,0,0
D31201,39,M,1,30.9,105,0,1,0
D31202,45,F,0,20.6,61,0,1,0
D31203,24,M,0,18.8,67,0,1,0
D31204,20,F,1,23.9,67,0,0,0
D31205,26,M,0,26.7,81,1,0,0
D31206,20,M,0,20.8,62,0,1,0
D31207,36,F,0,29.6,101,0,1,0
D31208,59,M,1,25.0,78,0,1,0
D31209,49,F,1,28.1,89,0,0,0
D31210,60,M,0,22.3,84,0,1,1
D31211,46,M,1,23.5,73,0,0,0
D31212,51,M,1,25.3,79,0,1,0
D31213,40,M,0,17.6,55,0,1,0
D31214,38,F,1,29.5,98,1,1,1
D31215,64,F,1,29.9,89,0,0,0
D31216,55,F,1,30.5,88,0,0,1
D31217,52,M,0,17.8,58,0,0,0
D31218,53,F,0,29.4,86,1,0,0
D31219,48,M,0,21.0,64,0,1,0
D31220,46,M,0,15.3,55,0,0,0
D31221,56,M,1,28.6,87,1,1,0
D31222,31,F,1,23.5,80,1,0,0
D31223,54,M,0,17.3,55,0,1,0
D31224,29,F,0,20.6,71,1,0,0
D31225,42,F,0,23.4,71,0,0,0
D31226,56,M,1,20.0,67,0,0,0
D31227,38,F,0,28.0,86,1,0,0
D31228,43,M,1,23.1,80,0,0,0
D31229,43,F,0,19.8,57,0,1,0
D31230,36,M,1,22.2,76,0,1,0
D31231,20,M,0,26.1,100,0,0,0
D31232,46,F,1,20.7,58,0,1,0
D31233,52,F,0,20.2,66,0,1,0
D31234,43,M,0,25.7,74,1,1,0
D31235,33,M,0,20.6,62,0,0,0
D31236,44,M,0,27.6,94,0,0,0
D31237,35,M,0,19.8,70,0,1,0
D31238,24,M,1,20.8,73,0,0,0
D31239,33,F,0,25.0,73,0,1,0
D31240,44,M,0,24.4,84,1,1,0
D31241,47,M,1,25.4,88,0,0,0
D31242,22,F,0,26.1,92,0,1,0
D31243,64,M,0,20.0,57,0,0,1
D31244,48,F,0,22.6,63,1,1,0
D31245,48,M,1,25.9,81,0,0,1
D31246,68,F,0,27.2,88,0,0,0
D31247,42,F,0,24.2,79,0,0,0
D31248,39,M,0,18.8,60,0,0,0
D31249,68,M,0,24.0,80,0,1,1
D31250,56,F,0,21.1,74,0,0,0
D31251,40,M,0,19.4,59,0,1,0
D31252,59,M,1,20.2,63,0,1,1
D31253,39,F,0,26.1,82,0,1,0
D31254,72,F,0,22.5,67,0,0,0
D31255,34,F,1,28.1,87,0,0,1
D31256,56,F,1,18.6,55,0,0,0
D31257,35,M,0,19.3,57,0,1,0
D31258,44,F,0,22.8,81,0,1,0
D31259,49,F,0,35.7,110,0,0,0
D31260,41,M,0,20.1,65,0,1,0
D31261,35,F,0,16.9,55,0,1,0
D31262,59,F,1,25.1,75,0,0,0
D31263,28,F,1,29.3,92,0,1,0
D31264,32,F,0,25.4,91,0,0,0
D31265,40,F,0,16.7,55,0,1,0
D31266,45,F,1,24.8,71,0,1,0
D31267,41,M,1,26.8,85,0,0,0
D31268,28,M,1,25.0,85,0,0,0
D31269,49,M,0,38.4,125,1,0,1
D31270,23,M,0,26.4,96,0,0,1
D31271,49,F,0,22.0,61,0,0,0
D31272,55,F,1,24.8,71,0,0,0
D31273,49,M,1,25.2,74,0,1,0
D31274,66,F,1,33.8,111,0,1,0
D31275,58,M,0,23.0,75,0,0,1
D31276,39,F,0,22.2,74,0,1,0
D31277,59,M,0,27.9,80,0,1,0
D31278,54,M,1,28.3,93,1,0,1
D31279,21,F,1,19.5,55,0,1,0
D31280,46,F,0,20.4,55,0,1,0
D31281,47,M,0,20.7,67,0,0,0
D31282,61,F,1,23.2,73,0,1,1
D31283,52,M,1,27.2,85,0,0,0
D31284,63,M,0,26.9,91,1,1,1
D31285,39,M,1,38.5,132,0,0,1
D31286,30,F,0,18.7,66,0,0,0
D31287,56,F,1,22.1,77,0,0,1
D31288,46,M,0,24.4,88,0,1,1
D31289,52,F,0,30.0,92,0,0,0
D31290,32,F,0,27.7,83,0,0,0
D31291,39,F,1,25.1,78,1,1,0
D31292,47,F,0,23.1,73,0,1,0
D31293,33,F,0,14.0,55,1,0,0
D31294,60,M,0,14.7,55,0,1,0
D31295,62,M,0,22.2,71,0,1,0
D31296,35,M,0,19.8,63,0,0,0
D31297,68,F,1,26.0,77,0,0,1
D31298,58,F,1,33.9,103,0,0,1
D31299,50,M,0,25.7,85,0,1,0
D31300,58,F,0,25.9,82,0,1,0
D31301,50,M,1,22.6,83,0,1,0
D31302,44,F,0,21.0,61,0,0,0
D31303,27,M,1,27.2,87,1,0,1
D31304,44,F,1,24.9,86,0,1,0
D31305,31,F,0,24.6,85,0,1,0
D31306,41,M,0,26.2,76,0,1,0
D31307,43,F,0,27.1,86,0,0,1
D31308,34,F,1,24.7,69,1,1,0
D31309,35,M,0,23.4,68,0,1,0
D31310,55,M,0,17.4,62,0,0,0
D31311,33,F,1,20.6,61,0,0,0
D31312,61,M,1,23.9,79,0,0,1
D31313,37,F,1,31.3,93,0,0,1
D31314,46,F,0,21.6,68,0,1,0
D31315,41,F,0,26.9,81,1,1,1
D31316,42,F,1,24.3,74,0,1,0
D31317,50,M,0,19.0,60,0,0,0
D31318,41,F,0,23.7,64,0,1,0
D31319,44,M,1,22.7,80,0,0,1
D31320,36,M,1,26.7,88,0,1,0
D31321,35,F,0,23.0,67,0,1,0
D31322,41,M,0,25.1,80,0,1,0
D31323,53,F,1,23.9,71,1,0,0
D31324,60,M,0,26.5,86,1,0,1
D31325,40,F,0,17.7,55,0,0,0
D31326,68,M,1,23.5,73,0,0,1
D31327,56,M,0,34.5,118,0,0,0
D31328,33,M,0,20.5,72,0,1,0
D31329,79,M,1,33.3,101,0,1,1
D31330,32,M,1,26.6,82,0,1,0
D31331,66,F,0,22.8,70,0,1,0
D31332,37,M,1,21.7,58,0,1,0
D31333,38,F,1,27.7,93,0,0,0
D31334,49,M,0,22.3,79,1,1,1
D31335,63,F,1,24.3,74,0,0,1
D31336,20,F,0,20.6,62,0,1,0
D31337,41,M,0,23.5,84,0,0,0
D31338,55,M,0,23.3,79,1,0,1
D31339,69,M,1,26.6,89,0,0,0
D31340,35,M,0,26.9,91,0,0,0
D31341,38,M,0,31.3,99,1,0,0
D31342,30,F,0,29.7,92,0,1,0
D31343,65,M,0,25.0,68,0,1,0
D31344,25,F,0,20.8,66,1,1,0
D31345,29,M,0,22.8,74,0,1,0
D31346,35,F,1,23.9,68,0,0,0
D31347,58,M,1,30.4,110,0,1,0
D31348,49,M,1,21.7,72,0,0,0
D31349,56,M,1,27.3,85,0,0,0
D31350,57,M,0,22.1,79,0,1,0
D31351,50,M,0,24.5,78,0,0,0
D31352,44,M,1,23.0,79,0,0,0
D31353,36,M,0,20.9,61,0,1,0
D31354,46,M,0,23.2,77,1,1,0
D31355,42,M,1,31.8,96,1,1,1
D31356,30,F,1,22.8,80,1,1,0
D31357,62,F,0,24.5,80,0,0,1
D31358,47,M,1,25.1,91,0,0,0
D31359,60,M,0,27.6,89,1,0,0
D31360,50,M,0,29.5,100,0,0,0
D31361,59,F,1,28.9,92,0,1,0
D31362,39,F,0,32.0,89,1,1,0
D31363,39,M,0,28.8,101,0,1,0
D31364,54,M,0,22.0,61,1,0,1
D31365,47,M,0,24.0,79,0,1,0
D31366,38,M,0,25.9,90,0,0,0
D31367,30,F,0,22.0,70,0,1,0
D31368,36,M,1,26.2,83,0,1,0
D31369,36,F,0,23.2,74,0,1,0
D31370,29,F,0,14.2,55,0,0,0
D31371,51,F,0,16.6,55,0,1,0
D31372,47,F,0,21.8,68,0,1,0
D31373,39,M,0,19.0,70,1,0,0
D31374,20,M,1,26.3,84,1,0,0
D31375,45,M,0,21.6,63,0,1,0
D31376,54,M,0,30.6,94,0,0,1
D31377,48,F,0,24.4,73,0,1,0
D31378,35,M,1,24.9,86,0,0,0
D31379,53,F,1,22.9,72,1,1,1
D31380,29,F,0,29.6,88,0,0,0
D31381,35,M,0,18.3,62,0,1,0
D31382,37,F,0,27.7,83,1,1,1
D31383,38,M,1,24.4,69,0,1,0
D31384,21,F,1,20.4,68,0,1,0
D31385,20,M,0,16.5,55,0,1,0
D31386,33,M,0,24.1,84,0,0,0
D31387,39,F,0,23.9,76,0,0,0
D31388,43,M,0,25.1,85,1,0,0
D31389,35,F,0,22.5,62,1,1,0
D31390,58,F,0,22.8,77,0,0,0
D31391,38,M,1,20.9,67,0,0,0
D31392,41,M,1,22.2,70,0,1,0
D31393,22,M,0,15.3,55,0,1,0
D31394,41,M,1,20.8,60,0,1,0
D31395,51,F,1,19.9,58,0,0,0
D31396,35,F,0,18.0,55,0,1,0
D31397,47,F,0,27.2,97,0,0,0
D31398,32,F,1,22.9,71,0,0,0
D31399,70,F,0,25.0,75,0,1,0
D31400,49,M,0,26.4,74,0,1,0
D31401,58,F,1,23.8,72,0,1,0
D31402,20,F,0,17.2,55,0,0,0
D31403,39,F,1,28.1,86,0,1,0
D31404,25,F,1,24.0,71,0,0,0
D31405,34,F,0,28.3,86,0,0,0
D31406,66,M,1,15.9,55,0,1,0
D31407,60,M,1,31.6,97,1,0,0
D31408,20,M,1,22.5,69,0,0,0
D31409,53,M,0,20.9,67,0,1,0
D31410,58,F,1,22.5,74,0,0,0
D31411,20,M,0,22.0,75,0,1,0
D31412,46,M,0,21.0,72,0,1,0
D31413,63,M,1,27.0,82,0,0,1
D31414,35,M,0,26.5,79,1,0,0
D31415,46,F,1,24.0,82,0,0,0
D31416,32,M,0,17.8,58,0,1,0
D31417,34,M,1,22.5,81,0,0,0
D31418,25,M,1,32.4,108,0,0,0
D31419,63,M,1,30.4,116,0,0,0
D31420,46,M,0,16.2,60,1,1,0
D31421,43,F,0,14.5,55,0,1,0
D31422,42,F,0,32.5,97,0,1,0
D31423,39,F,0,23.9,76,0,1,0
D31424,20,M,0,26.9,81,1,0,0
D31425,53,F,1,26.9,93,0,1,0
D31426,45,F,1,22.7,71,0,0,0
D31427,30,F,0,26.8,90,0,1,0
D31428,50,F,0,21.7,70,0,0,0
D31429,30,F,1,22.4,70,0,0,0
D31430,25,F,0,21.7,69,0,0,0
D31431,53,F,0,26.0,79,0,0,0
D31432,59,F,0,23.8,74,0,1,1
D31433,40,M,0,24.7,78,0,0,0
D31434,41,F,0,28.6,94,0,0,0
D31435,33,F,1,31.3,96,0,1,0
D31436,48,F,0,24.1,70,0,1,0
D31437,20,F,1,19.2,59,0,0,0
D31438,68,M,0,26.0,80,0,0,1
D31439,29,M,0,21.5,75,0,0,0
D31440,49,M,0,19.1,55,0,0,0
D31441,51,F,0,21.6,71,0,1,0
D31442,37,M,0,25.4,81,0,1,0
D31443,58,M,0,19.4,69,0,0,0
D31444,39,F,1,25.4,83,1,0,0
D31445,64,F,1,22.9,76,1,0,1
D31446,20,M,0,25.3,71,0,1,0
D31447,55,F,0,20.1,55,0,0,0
D31448,53,F,0,14.4,55,0,0,0
D31449,22,M,1,22.9,71,0,0,1
D31450,58,F,0,18.9,55,1,1,0
D31451,43,F,0,19.6,65,0,0,0
D31452,43,M,0,17.7,59,0,0,0
D31453,25,F,0,21.4,61,1,1,0
D31454,60,M,0,24.8,85,0,0,1
D31455,52,F,0,23.7,79,0,0,0
D31456,30,M,1,22.0,68,0,1,0
D31457,51,M,0,29.1,99,1,0,1
D31458,30,M,0,25.2,92,0,0,0
D31459,33,F,0,19.4,66,0,1,0
D31460,48,M,0,26.8,94,0,0,0
D31461,41,M,0,20.8,69,0,0,0
D31462,42,M,0,19.3,70,0,1,0
D31463,63,F,0,24.2,77,0,0,1
D31464,42,F,1,25.9,83,0,0,0
D31465,61,F,0,27.7,85,0,1,0
D31466,29,M,1,24.2,80,0,0,0
D31467,31,M,0,29.0,102,0,0,0
D31468,30,M,1,29.9,97,1,1,0
D31469,39,M,1,18.4,58,0,0,0
D31470,48,M,0,21.0,63,1,1,0
D31471,55,M,0,23.3,81,0,1,0
D31472,50,F,0,21.9,64,0,0,0
D31473,51,M,0,29.4,95,0,1,0
D31474,20,F,0,24.5,81,0,0,0
D31475,44,F,0,20.7,56,0,0,0
D31476,50,F,0,26.2,77,0,1,0
D31477,58,F,0,15.3,55,0,0,0
D31478,44,M,0,23.0,76,0,1,0
D31479,36,M,0,18.3,65,0,1,0
D31480,48,F,0,19.4,61,1,0,0
D31481,63,M,0,25.3,86,0,1,0
D31482,40,M,0,19.5,63,0,1,0
D31483,20,M,0,21.2,76,0,1,0
D31484,20,M,0,19.7,64,0,0,0
D31485,33,M,0,21.4,74,0,1,0
D31486,42,F,1,21.5,59,0,0,0
D31487,70,M,0,34.8,118,0,0,1
D31488,33,M,0,15.9,55,0,1,0
D31489,41,M,0,22.4,72,0,1,0
D31490,39,F,0,19.6,67,0,1,0
D31491,55,M,1,18.5,67,0,0,1
D31492,56,F,0,23.4,69,0,1,0
D31493,23,F,1,25.6,62,1,1,0
D31494,27,F,1,19.8,61,0,0,1
D31495,54,M,0,22.2,73,0,1,0
D31496,46,F,1,26.0,89,0,1,0
D31497,49,F,0,27.2,79,1,0,0
D31498,58,M,0,34.2,103,0,1,0
D31499,44,M,0,29.6,99,0,1,0
D31500,51,F,0,22.0,73,0,1,0
D31501,34,M,0,22.4,77,0,1,0
D31502,45,F,0,26.9,82,0,1,0
D31503,58,F,0,22.2,68,0,1,0
D31504,40,M,0,20.0,60,0,0,0
D31505,26,F,0,20.3,70,0,1,0
D31506,29,F,0,22.2,59,0,1,0
D31507,49,F,0,26.8,96,1,1,0
D31508,32,M,1,27.7,102,0,1,0
D31509,38,M,1,23.0,67,0,1,0
D31510,34,F,0,22.5,68,0,0,0
D31511,28,F,1,31.7,102,0,0,0
D31512,57,F,0,19.1,55,0,0,0
D31513,52,F,0,21.6,68,0,0,0
D31514,38,M,0,22.8,74,0,1,0
D31515,38,M,0,26.6,89,0,1,0
D31516,39,M,0,20.0,66,0,0,0
D31517,31,M,1,23.7,72,0,0,1
D31518,38,M,0,24.0,82,0,1,0
D31519,21,M,1,23.2,74,0,1,0
D31520,47,M,1,24.5,75,0,1,0
D31521,55,F,1,24.9,86,1,0,0
D31522,20,M,1,19.8,73,0,1,0
D31523,56,M,0,24.1,80,0,1,0
D31524,62,F,0,19.5,58,0,0,0
D31525,56,F,0,25.3,83,0,1,0
D31526,60,F,0,36.2,124,1,1,0
D31527,41,M,0,17.7,65,0,0,0
D31528,59,F,0,24.0,71,0,0,0
D31529,54,M,0,25.3,82,0,0,0
D31530,33,M,0,22.5,66,0,1,1
D31531,44,F,1,24.8,73,0,0,0
D31532,20,M,1,26.0,86,0,1,0
D31533,47,M,0,23.7,81,0,0,0
D31534,30,M,0,21.7,76,0,0,0
D31535,32,F,0,23.0,64,1,1,0
D31536,57,M,1,28.1,88,1,0,1
D31537,64,M,1,26.0,85,0,0,1
D31538,26,M,0,24.8,87,1,0,0
D31539,20,M,0,27.3,87,0,1,0
D31540,29,F,1,23.6,70,0,1,0
D31541,22,F,0,18.1,55,0,1,0
D31542,40,M,0,20.6,78,1,1,0
D31543,57,F,0,22.3,70,0,0,0
D31544,24,M,0,20.9,68,0,0,0
D31545,41,M,0,19.2,55,0,0,1
D31546,48,F,1,23.5,74,0,0,1
D31547,59,F,0,16.6,55,0,1,0
D31548,43,M,0,19.8,66,0,0,0
D31549,41,F,0,28.2,78,0,0,0
D31550,69,F,0,25.9,95,0,0,0
D31551,26,F,0,16.1,60,0,0,0
D31552,20,M,0,24.2,88,0,1,0
D31553,53,M,0,33.2,99,0,0,0
D31554,41,M,0,20.3,61,0,0,0
D31555,40,F,0,23.3,67,1,1,0
D31556,39,F,1,27.1,84,0,1,0
D31557,45,F,0,26.2,76,0,1,0
D31558,62,F,0,21.8,71,0,0,0
D31559,34,F,1,20.0,59,0,1,0
D31560,31,M,1,19.2,69,0,1,0
D31561,43,M,1,24.8,77,1,1,1
D31562,32,F,1,27.2,87,0,1,0
D31563,28,F,0,21.7,59,0,1,0
D31564,27,M,0,25.2,77,0,1,0
D31565,31,M,0,26.7,97,0,1,0
D31566,37,M,0,26.5,87,0,0,0
D31567,39,M,1,27.5,81,0,0,0
D31568,41,F,1,23.4,69,0,0,0
D31569,46,F,0,24.9,70,1,0,1
D31570,20,F,1,28.4,81,0,0,0
D31571,21,M,0,22.6,74,0,1,0
D31572,64,F,0,19.5,62,0,0,0
D31573,33,M,0,23.0,74,0,1,0
D31574,58,F,1,29.7,99,0,1,0
D31575,63,F,1,29.6,94,1,1,0
D31576,50,M,0,27.7,102,1,1,1
D31577,74,F,0,21.1,72,0,1,1
D31578,56,F,1,27.2,93,0,1,1
D31579,24,M,1,22.4,80,0,0,0
D31580,41,F,0,18.1,65,0,1,0
D31581,26,F,0,27.1,91,0,0,0
D31582,20,F,0,14.0,55,1,0,1
D31583,20,M,1,33.8,100,0,1,0
D31584,28,M,0,18.3,67,0,1,0
D31585,44,M,0,26.0,79,0,0,0
D31586,30,F,0,16.0,55,0,1,0
D31587,59,F,0,28.3,99,0,1,0
D31588,59,M,0,21.5,71,0,0,0
D31589,49,M,1,24.2,69,0,0,0
D31590,42,F,0,21.8,73,0,1,0
D31591,28,F,1,21.7,67,1,0,0
D31592,20,F,1,31.9,98,0,0,0
D31593,48,M,1,19.8,63,0,1,0
D31594,37,M,0,21.0,75,0,1,0
D31595,37,M,0,26.6,86,0,0,0
D31596,48,F,0,32.0,109,0,0,0
D31597,32,M,0,27.6,93,0,0,0
D31598,20,F,0,20.7,71,1,1,0
D31599,37,F,0,20.8,74,1,1,0
D31600,48,F,0,25.7,86,0,1,0
D31601,73,F,0,16.4,55,0,1,0
D31602,36,M,0,21.1,71,1,0,0
D31603,20,F,0,26.5,84,0,0,0
D31604,30,M,0,27.7,86,0,0,0
D31605,37,M,1,33.5,112,0,0,0
D31606,31,F,0,27.0,91,0,1,0
D31607,29,F,1,24.2,79,0,1,0
D31608,37,M,0,27.3,86,0,1,0
D31609,28,F,1,23.9,74,1,1,0
D31610,50,F,1,27.6,93,0,1,1
D31611,40,F,0,25.8,79,0,0,1
D31612,42,M,0,25.4,83,0,0,0
D31613,66,M,0,17.5,55,0,0,0
D31614,46,M,0,30.0,99,0,1,0
D31615,20,M,0,15.9,55,0,0,0
D31616,66,M,0,21.3,63,1,1,0
D31617,36,M,0,25.5,75,0,1,0
D31618,70,M,0,19.8,56,1,1,1
D31619,34,M,1,18.4,63,0,0,0
D31620,51,F,0,27.3,87,1,0,0
D31621,29,F,0,24.6,87,0,1,0
D31622,28,F,0,21.3,60,0,1,0
D31623,57,M,0,31.2,102,1,1,1
D31624,28,F,0,20.4,55,0,1,0
D31625,36,F,0,26.4,73,1,1,0
D31626,20,M,1,30.3,97,0,1,0
D31627,35,F,0,30.9,93,0,1,0
D31628,30,F,0,25.1,76,0,0,0
D31629,62,F,1,29.9,89,0,0,1
D31630,41,F,1,23.0,67,1,0,0
D31631,31,F,1,26.4,79,0,0,0
D31632,48,M,0,20.9,65,0,1,0
D31633,44,F,1,21.2,67,0,0,0
D31634,35,M,0,27.6,85,0,1,0
D31635,60,F,1,23.6,74,0,1,0
D31636,43,F,0,27.4,80,0,1,0
D31637,58,F,1,30.7,101,0,0,0
D31638,39,M,0,20.4,74,0,0,0
D31639,49,F,0,26.4,82,1,0,0
D31640,42,M,0,23.1,70,0,0,0
D31641,31,F,1,25.2,78,0,0,0
D31642,52,M,0,16.6,57,0,1,0
D31643,37,F,0,24.1,76,1,1,0
D31644,30,M,1,15.1,55,1,1,0
D31645,51,F,0,22.3,71,1,0,1
D31646,39,F,1,28.8,100,0,1,0
D31647,49,M,0,21.1,70,0,1,0
D31648,81,M,1,23.3,75,0,1,1
D31649,52,M,0,24.1,83,0,1,0
D31650,61,F,0,24.4,70,0,0,0
D31651,28,M,0,24.2,80,0,0,0
D31652,53,F,1,25.4,82,0,0,0
D31653,66,M,0,29.3,104,0,1,0
D31654,38,F,0,25.0,91,0,1,0
D31655,47,M,1,22.1,72,1,0,1
D31656,20,M,0,20.0,59,1,1,0
D31657,45,F,1,18.9,61,1,1,0
D31658,55,F,0,25.8,86,1,0,1
D31659,42,F,0,18.7,71,0,0,0
D31660,54,F,0,14.7,55,0,1,0
D31661,59,M,0,23.3,71,1,0,0
D31662,58,M,1,25.3,86,0,1,0
D31663,36,F,0,24.1,83,0,0,0
D31664,66,M,0,18.8,64,1,0,0
D31665,32,F,0,27.2,88,0,1,0
D31666,85,F,0,28.5,91,1,0,1
D31667,41,F,0,27.0,82,0,1,0
D31668,47,M,1,20.4,63,0,0,0
D31669,50,M,0,22.0,67,0,1,0
D31670,50,F,0,24.3,71,0,0,0
D31671,36,M,0,22.2,71,0,1,0
D31672,46,F,0,26.7,70,1,1,0
D31673,52,M,1,22.8,90,0,1,0
D31674,43,M,0,23.5,82,0,1,0
D31675,35,M,0,24.7,75,0,1,0
D31676,28,F,1,23.3,65,0,0,0
D31677,44,F,0,23.3,70,1,1,0
D31678,34,F,0,19.6,61,1,1,0
D31679,34,F,0,16.8,55,0,0,0
D31680,28,F,1,25.3,77,0,0,1
D31681,41,M,0,22.0,65,0,0,0
D31682,50,M,0,23.2,81,0,1,0
D31683,55,F,1,22.8,80,0,0,0
D31684,48,M,0,14.0,55,0,0,0
D31685,58,M,1,25.3,88,0,0,0
D31686,71,F,0,30.1,85,0,1,0
D31687,32,F,0,28.5,81,0,1,0
D31688,29,M,0,19.6,67,0,0,0
D31689,40,M,0,24.4,86,0,1,0
D31690,52,M,0,20.4,74,0,1,0
D31691,28,M,0,21.6,75,0,0,0
D31692,47,M,0,17.6,67,0,0,0
D31693,66,M,1,20.9,63,0,0,0
D31694,23,M,0,21.0,56,0,1,0
D31695,26,M,0,23.5,69,0,0,0
D31696,43,F,0,22.9,68,0,1,0
D31697,44,F,0,19.0,61,0,0,0
D31698,35,F,0,27.7,92,0,1,0
D31699,42,M,0,18.5,61,0,1,0
D31700,49,M,0,26.8,90,0,0,0
D31701,44,F,0,18.2,55,0,1,0
D31702,52,M,0,22.9,83,0,0,0
D31703,72,M,0,22.7,64,0,1,0
D31704,52,F,0,25.9,95,1,0,0
D31705,44,F,0,24.2,77,1,1,0
D31706,42,F,0,25.8,85,1,1,0
D31707,56,M,0,25.1,77,1,0,0
D31708,29,M,0,19.1,65,1,0,0
D31709,26,M,1,20.2,62,1,1,0
D31710,44,F,1,24.6,82,0,0,0
D31711,20,M,1,29.2,95,0,0,0
D31712,59,M,0,24.0,76,0,0,0
D31713,39,F,0,25.0,77,0,0,0
D31714,76,F,0,28.2,84,0,0,1
D31715,42,M,1,25.9,85,0,1,0
D31716,20,F,0,27.5,88,1,1,0
D31717,41,F,1,29.0,100,0,0,0
D31718,58,M,1,32.7,104,0,0,1
D31719,40,M,0,30.1,101,0,1,0
D31720,47,F,0,30.6,108,0,0,0
D31721,33,M,1,22.2,74,0,0,0
D31722,48,F,0,16.4,55,0,0,0
D31723,44,M,0,24.0,65,0,0,0
D31724,46,F,1,20.8,66,0,0,0
D31725,24,F,0,18.0,55,0,0,0
D31726,31,F,0,26.8,68,1,0,0
D31727,42,M,0,19.0,65,0,1,0
D31728,39,M,1,22.5,70,0,1,0
D31729,47,F,0,23.9,76,0,0,0
D31730,77,M,0,21.1,72,0,1,0
D31731,68,F,0,25.6,81,0,0,0
D31732,61,M,1,25.4,65,0,0,0
D31733,31,M,1,21.9,67,1,0,0
D31734,68,F,1,18.9,62,0,0,0
D31735,47,F,0,19.1,55,0,0,0
D31736,59,M,0,17.7,64,0,1,0
D31737,40,M,1,20.0,62,0,1,0
D31738,48,F,0,27.7,73,1,1,1
D31739,38,F,0,26.0,84,0,1,0
D31740,48,F,0,17.6,55,0,0,0
D31741,44,M,0,22.7,78,0,0,0
D31742,51,M,1,18.2,61,0,0,0
D31743,52,M,0,19.8,67,0,1,0
D31744,35,F,0,20.0,57,0,1,0
D31745,52,F,0,21.3,55,1,0,0
D31746,42,F,0,25.0,80,1,1,0
D31747,57,F,0,27.6,82,0,1,0
D31748,20,M,0,19.0,57,0,0,0
D31749,36,M,0,22.9,77,0,0,0
D31750,36,M,0,23.5,78,1,1,0
D31751,69,M,0,22.7,75,0,1,0
D31752,35,M,0,29.3,88,0,1,0
D31753,38,M,0,26.3,85,0,1,0
D31754,53,M,0,23.0,76,0,0,0
D31755,51,M,1,25.9,88,0,1,0
D31756,44,F,0,24.9,70,0,1,0
D31757,50,F,1,24.2,73,1,0,1
D31758,50,F,0,25.0,71,0,1,0
D31759,26,M,0,19.5,67,0,0,0
D31760,24,M,0,28.1,89,0,0,0
D31761,46,F,0,25.9,78,1,1,1
D31762,42,M,1,21.2,65,0,0,1
D31763,40,F,0,24.1,75,0,0,0
D31764,37,F,0,16.0,55,0,1,0
D31765,33,F,1,18.2,66,0,1,0
D31766,23,F,1,17.6,55,0,1,0
D31767,37,M,1,30.2,108,0,0,0
D31768,42,M,1,24.2,83,0,1,0
D31769,37,F,0,26.3,88,0,1,0
D31770,29,F,0,17.6,55,0,1,0
D31771,47,M,1,24.3,80,0,0,0
D31772,40,M,1,29.7,83,0,0,0
D31773,52,F,0,21.3,65,1,0,0
D31774,49,M,1,24.5,77,0,1,0
D31775,28,M,0,20.6,61,1,0,0
D31776,65,F,0,18.1,55,0,1,0
D31777,45,F,0,25.2,84,0,0,0
D31778,54,M,1,17.8,61,0,0,1
D31779,39,M,1,21.2,68,0,0,0
D31780,57,M,0,15.6,55,0,1,0
D31781,59,M,0,22.0,59,0,1,0
D31782,33,F,0,26.6,91,0,1,0
D31783,32,M,0,21.9,71,0,1,0
D31784,40,F,1,29.0,92,0,1,0
D31785,50,F,0,22.5,57,1,1,0
D31786,20,M,0,18.7,64,0,1,0
D31787,42,F,0,25.2,74,1,1,1
D31788,58,F,1,32.0,100,0,1,0
D31789,54,M,0,26.9,91,0,1,0
D31790,20,F,0,17.7,55,0,1,0
D31791,39,F,0,27.5,80,0,0,0
D31792,34,F,0,18.5,68,1,0,1
D31793,56,M,1,25.4,91,0,0,0
D31794,49,M,0,26.5,100,0,1,0
D31795,41,F,0,16.9,55,0,1,0
D31796,41,F,0,30.4,90,0,0,0
D31797,49,M,1,18.6,72,0,1,0
D31798,62,M,1,20.9,74,1,1,0
D31799,57,M,1,25.0,84,0,1,0
D31800,58,F,0,31.1,95,0,1,0
D31801,45,F,1,29.1,91,1,0,0
D31802,20,M,0,26.9,82,0,1,0
D31803,36,M,0,26.6,86,0,1,0
D31804,59,F,0,19.9,60,0,0,0
D31805,48,M,1,22.0,65,1,0,0
D31806,56,M,0,29.7,91,0,1,0
D31807,45,M,0,18.9,61,0,1,0
D31808,48,M,1,26.3,80,0,1,0
D31809,20,F,1,28.8,85,1,0,0
D31810,53,F,1,30.7,89,0,1,0
D31811,31,F,1,23.7,68,0,0,0
D31812,42,M,0,23.2,80,1,1,0
D31813,45,M,1,25.4,89,0,0,0
D31814,41,M,0,23.5,75,0,0,0
D31815,42,F,0,22.4,82,0,0,0
D31816,39,M,0,17.6,59,0,1,0
D31817,45,M,1,25.2,85,1,1,0
D31818,53,M,1,26.1,81,0,1,0
D31819,33,F,1,27.4,81,0,0,0
D31820,66,F,1,19.9,58,0,1,1
D31821,47,F,0,21.0,68,0,1,0
D31822,61,F,1,25.4,85,0,0,1
D31823,44,F,0,24.9,74,1,1,0
D31824,41,F,0,24.8,76,1,1,0
D31825,35,F,0,17.3,55,0,1,0
D31826,40,F,0,24.7,88,0,1,0
D31827,20,M,0,23.1,65,1,1,0
D31828,27,M,0,24.3,89,0,0,0
D31829,49,M,1,28.1,86,0,0,0
D31830,30,M,0,17.9,68,1,1,0
D31831,35,F,1,20.0,56,0,1,0
D31832,37,M,0,23.5,80,0,1,0
D31833,30,F,1,20.5,62,0,1,0
D31834,45,M,0,23.3,81,0,0,0
D31835,49,F,0,21.5,71,0,1,0
D31836,49,M,0,24.1,88,0,1,0
D31837,70,F,0,20.6,58,1,0,0
D31838,32,M,0,20.7,74,0,0,0
D31839,53,M,0,25.9,78,1,0,0
D31840,25,F,1,22.0,66,0,0,0
D31841,32,M,1,22.3,67,0,0,0
D31842,37,F,0,23.3,72,1,1,0
D31843,50,M,0,20.1,55,0,1,0
D31844,38,F,0,28.9,89,1,0,1
D31845,42,F,0,24.3,85,0,1,0
D31846,35,M,0,20.3,58,0,1,0
D31847,42,M,1,21.9,68,0,1,0
D31848,55,M,0,24.2,73,0,1,0
D31849,63,M,0,19.1,61,0,0,0
D31850,39,M,0,20.6,61,0,0,0
D31851,47,M,1,18.6,55,0,0,0
D31852,29,F,0,19.9,57,0,1,0
D31853,48,M,0,30.4,96,0,1,0
D31854,35,F,1,24.3,84,0,1,0
D31855,42,F,0,23.9,70,1,1,0
D31856,63,M,0,22.4,66,1,0,0
D31857,65,M,0,17.2,62,0,1,0
D31858,70,F,0,25.1,85,1,0,0
D31859,43,F,1,30.1,98,0,0,0
D31860,31,M,0,19.2,73,0,0,0
D31861,50,F,0,24.9,79,0,0,0
D31862,46,F,1,30.4,98,0,1,0
D31863,45,M,0,19.5,69,0,0,0
D31864,46,M,1,22.3,81,0,0,0
D31865,38,M,1,20.0,58,0,1,0
D31866,24,F,0,18.8,57,1,1,0
D31867,52,M,0,18.2,56,0,0,0
D31868,46,F,0,25.7,91,0,0,0
D31869,37,M,1,24.1,72,0,0,0
D31870,37,M,0,27.6,91,0,1,0
D31871,56,M,1,28.9,105,0,0,0
D31872,63,F,1,32.7,100,0,0,1
D31873,71,F,1,21.5,72,0,1,0
D31874,57,M,0,22.1,72,0,1,0
D31875,42,M,0,23.5,75,0,1,0
D31876,53,F,0,24.1,72,1,1,0
D31877,50,M,0,24.5,80,0,1,0
D31878,53,M,1,29.2,88,0,0,0
D31879,56,F,1,27.7,88,0,0,0
D31880,30,M,1,26.5,83,0,1,0
D31881,63,M,1,21.5,70,0,0,1
D31882,48,M,0,19.9,59,0,0,0
D31883,63,F,0,19.4,58,0,0,0
D31884,48,F,0,25.1,71,0,0,0
D31885,64,F,0,22.0,70,0,0,0
D31886,68,M,1,29.0,94,1,1,0
D31887,41,M,1,25.9,80,0,1,0
D31888,26,M,1,29.0,95,0,0,0
D31889,36,F,0,22.2,76,1,0,0
D31890,43,F,0,23.3,74,0,1,0
D31891,34,M,0,24.7,84,0,0,0
D31892,49,F,1,19.4,57,0,0,0
D31893,43,F,1,25.3,80,1,1,0
D31894,25,F,1,29.6,90,1,1,0
D31895,32,M,1,17.9,62,0,0,0
D31896,54,M,0,26.2,93,0,1,0
D31897,42,F,0,29.0,92,0,0,1
D31898,41,M,1,26.0,68,0,0,0
D31899,44,M,0,20.6,61,0,1,0
D31900,56,M,1,21.4,76,0,0,0
D31901,41,F,0,21.5,67,1,1,0
D31902,46,F,0,22.2,66,0,1,0
D31903,27,M,0,28.5,89,0,0,0
D31904,65,F,0,21.4,70,0,0,1
D31905,22,M,0,21.5,72,0,0,0
D31906,42,F,0,17.8,57,0,1,0
D31907,37,M,0,21.2,68,0,1,0
D31908,20,M,0,18.0,61,0,0,0
D31909,41,M,1,31.2,98,0,0,0
D31910,20,F,0,19.3,63,0,0,0
D31911,42,F,1,21.2,65,0,0,0
D31912,59,M,0,30.6,97,0,1,1
D31913,41,M,1,30.8,102,1,0,1
D31914,34,F,0,20.0,69,0,1,0
D31915,48,M,0,26.2,83,0,0,0
D31916,42,F,1,21.7,73,0,0,1
D31917,26,F,0,19.1,55,0,0,0
D31918,48,F,1,26.0,71,0,0,0
D31919,85,M,0,27.9,108,0,1,1
D31920,49,F,0,20.3,60,0,1,0
D31921,67,M,0,27.4,86,0,0,0
D31922,48,F,1,23.0,62,0,1,0
D31923,35,M,0,26.3,81,0,0,0
D31924,27,M,1,21.2,62,0,1,0
D31925,32,F,0,25.6,84,0,1,0
D31926,53,M,0,22.8,75,0,1,0
D31927,46,F,0,27.5,84,0,1,0
D31928,63,M,0,29.7,94,0,1,1
D31929,34,M,0,28.9,79,0,1,1
D31930,63,M,0,27.4,95,0,1,0
D31931,57,M,1,21.6,77,0,1,0
D31932,32,F,1,18.9,55,0,0,0
D31933,49,F,1,23.4,81,0,0,0
D31934,28,F,0,22.0,64,1,1,0
D31935,38,F,0,22.3,60,0,1,0
D31936,49,M,1,26.8,95,1,0,0
D31937,56,M,0,25.6,84,0,1,0
D31938,60,M,1,27.1,87,0,0,1
D31939,50,M,1,28.0,95,0,1,0
D31940,52,M,0,21.3,72,0,1,0
D31941,39,M,0,23.4,73,0,1,0
D31942,28,F,0,19.0,64,0,1,0
D31943,38,F,1,23.4,77,0,0,0
D31944,53,M,1,22.9,72,1,1,0
D31945,46,M,0,25.5,79,0,0,0
D31946,56,F,0,24.5,70,1,0,0
D31947,45,F,0,23.3,66,0,0,0
D31948,40,F,0,24.8,73,0,0,0
D31949,49,M,0,22.1,68,0,1,0
D31950,29,M,0,27.8,91,0,1,0
D31951,36,F,0,26.6,91,0,0,1
D31952,34,M,0,24.0,73,0,1,0
D31953,24,M,0,25.7,81,0,1,0
D31954,35,M,1,26.4,82,1,1,0
D31955,54,F,0,19.6,61,0,1,1
D31956,20,M,0,16.1,55,1,1,0
D31957,58,F,0,28.0,91,1,0,1
D31958,51,M,1,29.6,93,1,1,1
D31959,34,F,0,33.4,97,0,0,0
D31960,42,F,1,27.6,93,0,0,1
D31961,20,F,0,22.5,69,0,0,0
D31962,50,M,1,21.6,63,0,0,0
D31963,60,M,0,26.8,80,0,0,0
D31964,49,F,0,19.8,55,0,0,0
D31965,59,F,0,27.2,85,0,1,0
D31966,49,F,1,20.9,64,0,1,0
D31967,61,F,0,17.3,55,0,0,0
D31968,54,M,1,31.7,108,0,0,0
D31969,59,M,1,24.7,78,1,0,0
D31970,47,F,0,22.2,60,0,1,0
D31971,37,F,1,24.1,65,0,1,0
D31972,44,F,1,21.3,73,0,0,0
D31973,47,M,0,22.7,74,0,1,0
D31974,60,M,1,28.0,81,1,1,0
D31975,48,M,0,18.3,67,1,0,0
D31976,50,M,1,22.0,68,0,0,0
D31977,50,F,1,26.1,85,0,0,0
D31978,21,M,0,16.8,55,0,1,0
D31979,37,M,1,27.5,81,1,0,0
D31980,38,F,1,21.1,59,0,0,0
D31981,45,F,0,26.1,88,1,0,0
D31982,20,M,0,33.5,103,0,0,0
D31983,34,M,0,20.3,65,0,0,0
D31984,46,M,1,26.4,89,0,0,0
D31985,37,M,1,20.3,73,0,1,0
D31986,35,M,0,23.5,83,0,1,0
D31987,43,M,0,22.7,70,0,1,0
D31988,50,M,1,18.5,60,0,0,0
D31989,40,F,0,27.9,87,0,1,0
D31990,47,M,1,19.4,69,1,1,0
D31991,38,F,0,20.7,55,0,1,0
D31992,20,M,1,25.1,70,1,1,0
D31993,41,M,0,26.0,89,1,0,0
D31994,36,F,0,22.5,66,1,1,0
D31995,61,F,1,26.0,68,0,0,0
D31996,33,M,0,27.0,75,0,1,0
D31997,35,F,0,26.6,86,0,0,1
D31998,50,F,0,23.8,75,1,1,0
D31999,60,M,0,20.0,66,0,1,0
D32000,52,M,0,25.2,75,0,1,0
D32001,45,M,0,21.7,83,0,0,0
D32002,42,M,0,20.9,70,0,1,0
D32003,45,F,0,22.7,63,0,1,0
D32004,44,M,1,23.8,81,0,1,1
D32005,50,F,0,22.6,69,0,1,0
D32006,50,F,1,23.1,64,0,1,0
D32007,61,M,1,25.9,85,0,0,1
D32008,38,F,0,20.7,74,0,1,0
D32009,50,F,0,20.1,66,0,0,0
D32010,50,M,0,26.5,89,0,0,0
D32011,39,F,1,27.2,93,1,0,0
D32012,20,F,0,20.3,67,0,0,0
D32013,49,F,1,20.3,59,0,0,0
D32014,39,F,0,21.2,66,1,1,1
D32015,45,F,0,23.4,65,0,0,0
D32016,48,M,0,21.3,55,0,0,0
D32017,28,F,0,31.6,108,0,0,0
D32018,51,F,1,30.5,97,0,0,0
D32019,47,F,0,27.3,83,0,0,0
D32020,58,M,1,25.9,87,0,0,0
D32021,33,M,1,24.0,75,0,0,0
D32022,27,F,0,28.0,91,1,0,0
D32023,48,M,0,26.9,90,0,1,0
D32024,29,F,0,18.8,64,1,1,0
D32025,25,F,1,29.5,90,0,0,0
D32026,63,M,0,25.6,79,1,0,0
D32027,58,F,1,31.1,99,1,0,0
D32028,55,F,1,28.2,94,0,0,0
D32029,29,M,1,26.2,93,0,0,0
D32030,44,F,1,25.1,73,1,0,1
D32031,40,F,0,24.4,79,0,0,0
D32032,20,M,1,29.2,101,0,0,0
D32033,47,M,0,20.7,73,0,1,0
D32034,53,F,0,24.8,76,0,1,0
D32035,34,M,0,24.4,76,0,0,0
D32036,47,F,0,23.3,77,0,1,0
D32037,38,F,0,25.4,77,0,0,0
D32038,27,M,1,28.2,97,0,1,0
D32039,42,M,0,22.0,75,0,0,0
D32040,61,F,0,17.9,55,0,1,0
D32041,28,M,0,23.7,67,0,0,0
D32042,42,M,1,20.4,73,0,1,0
D32043,44,M,0,23.1,76,1,0,0
D32044,41,F,0,28.6,91,0,0,0
D32045,34,M,0,21.4,69,0,0,0
D32046,37,M,1,26.2,86,0,0,1
D32047,43,M,0,26.1,73,1,1,0
D32048,46,F,1,18.8,61,0,0,0
D32049,54,M,1,24.8,86,0,0,0
D32050,39,M,1,20.1,66,0,0,0
D32051,27,M,0,20.6,73,1,1,0
D32052,24,M,0,20.4,69,0,1,0
D32053,58,F,1,24.8,77,0,1,0
D32054,41,F,1,31.5,101,0,1,0
D32055,40,M,1,25.4,83,0,1,0
D32056,47,M,1,29.5,86,0,0,0
D32057,33,M,1,25.2,66,0,0,0
D32058,25,F,1,19.3,58,0,0,0
D32059,63,M,1,22.7,74,0,0,0
D32060,37,M,0,25.5,76,0,1,0
D32061,32,M,0,18.1,59,0,1,0
D32062,41,M,1,25.4,79,0,1,0
D32063,35,M,1,25.6,87,0,1,0
D32064,44,F,0,23.4,72,0,0,0
D32065,31,M,1,25.6,83,0,0,0
D32066,57,M,0,23.2,69,0,0,0
D32067,28,M,0,22.0,68,0,1,0
D32068,44,M,0,26.3,81,0,1,0
D32069,39,M,1,21.6,64,0,0,0
D32070,53,M,1,24.0,71,0,0,1
D32071,42,F,0,24.4,74,0,1,0
D32072,35,F,0,25.3,88,0,0,0
D32073,70,M,0,34.0,119,0,1,0
D32074,26,F,0,24.7,75,0,1,0
D32075,38,F,1,17.0,55,0,0,0
D32076,31,F,0,30.2,98,1,0,0
D32077,41,M,0,27.1,83,1,1,0
D32078,33,M,1,21.6,74,0,1,0
D32079,26,M,0,23.4,76,0,0,0
D32080,24,F,0,23.8,82,0,1,0
D32081,38,M,1,28.7,88,0,0,0
D32082,65,F,0,28.1,84,0,1,0
D32083,50,M,1,29.7,97,1,1,1
D32084,48,F,0,24.8,81,1,0,0
D32085,47,F,1,25.4,92,0,0,0
D32086,31,F,0,22.7,77,0,0,0
D32087,26,F,0,20.7,62,0,1,0
D32088,47,F,0,23.7,82,0,1,0
D32089,49,F,0,24.9,73,1,1,0
D32090,26,M,0,24.9,85,1,0,0
D32091,55,F,1,26.3,80,0,0,1
D32092,39,M,0,26.7,89,0,1,0
D32093,21,F,1,18.1,55,1,1,0
D32094,68,M,0,30.1,104,0,1,0
D32095,41,F,0,24.2,65,0,1,0
D32096,71,F,1,29.4,97,0,0,1
D32097,34,F,1,24.5,78,0,0,0
D32098,52,F,1,18.2,57,0,0,0
D32099,59,M,1,27.2,90,0,0,0
D32100,59,F,0,28.7,89,0,0,0
D32101,30,M,0,28.7,105,0,1,0
D32102,47,M,0,21.3,74,0,1,0
D32103,46,F,0,25.5,80,1,0,1
D32104,28,M,0,19.2,68,0,1,0
D32105,29,F,0,22.1,70,1,1,0
D32106,38,M,0,15.8,55,0,1,0
D32107,43,M,1,18.6,64,1,1,0
D32108,38,F,1,31.5,103,1,0,0
D32109,63,F,1,21.9,67,0,0,0
D32110,61,M,0,17.1,55,0,0,0
D32111,44,M,0,18.5,66,0,1,0
D32112,43,M,1,24.5,81,0,1,0
D32113,41,M,0,17.5,59,0,1,0
D32114,43,M,1,28.6,88,0,0,1
D32115,53,F,0,25.4,79,0,0,1
D32116,39,M,0,28.9,108,1,0,0
D32117,30,M,0,30.8,93,0,1,0
D32118,57,F,0,25.4,70,0,0,0
D32119,58,F,0,23.6,68,0,1,1
D32120,38,F,0,20.3,55,1,1,0
D32121,50,M,1,27.0,89,0,1,0
D32122,22,F,0,27.4,80,0,1,0
D32123,40,M,1,22.2,76,0,1,0
D32124,40,M,0,20.1,71,0,1,0
D32125,60,F,1,24.8,65,1,1,0
D32126,32,M,1,26.3,82,0,0,0
D32127,48,M,1,29.7,106,0,0,0
D32128,50,M,0,25.2,80,0,0,0
D32129,33,M,1,24.9,67,0,0,0
D32130,26,M,0,21.1,56,0,1,0
D32131,35,F,1,19.6,61,0,0,0
D32132,49,F,0,21.9,69,0,0,0
D32133,61,F,0,21.5,62,1,1,1
D32134,52,F,0,30.9,97,1,0,0
D32135,67,M,0,24.3,76,0,0,1
D32136,47,M,0,23.5,68,0,0,0
D32137,20,F,0,21.3,66,0,1,0
D32138,20,M,0,22.4,72,1,1,0
D32139,20,M,0,24.9,85,0,1,0
D32140,57,M,0,24.2,83,0,0,0
D32141,62,M,0,22.0,77,0,0,1
D32142,76,F,0,25.1,78,1,0,1
D32143,49,M,0,20.6,68,0,0,1
D32144,42,M,0,24.4,77,0,0,0
D32145,26,F,1,28.1,93,0,0,0
D32146,33,M,0,17.3,55,1,1,0
D32147,61,F,1,28.4,91,0,1,0
D32148,59,M,0,21.2,73,0,0,0
D32149,43,M,1,23.1,68,0,1,0
D32150,20,F,0,18.4,55,0,1,0
D32151,24,M,0,24.6,75,0,1,0
D32152,52,F,1,30.8,96,0,0,0
D32153,27,M,0,21.1,66,0,1,0
D32154,44,F,0,20.5,72,1,1,0
D32155,42,F,0,16.7,55,0,0,0
D32156,30,M,0,27.0,89,0,1,0
D32157,52,F,0,22.0,72,1,0,0
D32158,37,F,1,24.0,77,0,0,0
D32159,30,M,0,24.0,72,0,1,0
D32160,49,M,0,16.1,55,0,0,0
D32161,44,F,0,18.9,62,0,1,0
D32162,33,F,0,25.4,87,0,0,1
D32163,43,M,0,20.2,57,1,0,0
D32164,21,M,0,18.4,59,0,1,0
D32165,31,M,0,14.0,55,0,1,0
D32166,42,F,0,14.0,55,0,1,0
D32167,70,F,0,29.5,84,0,1,1
D32168,47,F,1,22.8,75,0,0,0
D32169,43,M,0,20.9,62,0,0,0
D32170,20,M,0,24.5,80,0,1,0
D32171,53,M,0,15.9,55,0,0,0
D32172,39,M,0,26.5,85,0,0,0
D32173,30,F,0,23.9,75,1,1,0
D32174,20,F,0,17.0,61,1,1,0
D32175,46,M,0,21.8,70,1,0,0
D32176,45,M,1,22.6,76,1,0,0
D32177,43,F,0,25.0,68,0,0,0
D32178,54,F,1,25.4,80,0,0,0
D32179,23,M,0,21.7,66,1,0,0
D32180,37,F,1,22.0,66,0,1,0
D32181,42,M,1,25.1,81,0,1,0
D32182,39,F,1,24.3,70,0,1,0
D32183,60,M,0,31.5,92,0,1,0
D32184,53,M,0,24.1,84,1,1,0
D32185,23,M,0,18.7,55,0,0,0
D32186,30,F,0,23.7,74,0,1,0
D32187,71,M,1,21.1,73,0,1,1
D32188,59,M,1,27.4,89,1,1,1
D32189,34,F,0,20.6,55,0,0,0
D32190,46,F,1,29.3,88,0,0,0
D32191,38,M,0,17.9,55,1,0,0
D32192,64,M,0,24.0,76,1,0,0
D32193,69,M,0,26.7,101,1,0,1
D32194,59,M,0,26.5,92,0,0,0
D32195,60,F,0,22.1,69,1,0,0
D32196,50,M,0,23.4,88,0,1,0
D32197,64,F,0,21.7,80,0,0,0
D32198,20,M,0,20.7,71,1,0,0
D32199,39,M,0,27.2,79,0,0,0
D32200,53,M,0,16.1,55,0,1,0
D32201,37,M,0,25.3,75,0,1,1
D32202,62,F,1,22.9,68,0,1,1
D32203,36,F,1,20.7,62,0,1,0
D32204,27,M,0,15.6,56,0,0,0
D32205,20,M,0,26.9,81,0,0,0
D32206,62,F,0,20.5,55,0,0,0
D32207,71,M,0,25.8,86,0,1,1
D32208,61,F,0,23.7,74,0,1,0
D32209,26,M,1,25.3,84,0,0,0
D32210,47,F,1,21.4,79,0,1,1
D32211,62,M,0,16.5,55,0,1,0
D32212,59,M,0,18.8,64,0,1,0
D32213,34,M,0,25.9,87,0,1,0
D32214,31,M,1,19.1,55,1,1,0
D32215,47,F,0,27.0,93,0,0,0
D32216,45,M,1,24.4,70,0,0,0
D32217,59,M,0,23.8,79,1,0,1
D32218,31,F,0,26.8,88,1,0,0
D32219,44,M,0,26.0,82,0,0,0
D32220,39,M,1,16.6,55,0,1,0
D32221,59,F,0,29.7,103,0,1,0
D32222,48,F,1,27.7,94,0,0,0
D32223,41,M,1,21.7,72,0,1,0
D32224,32,F,1,31.2,104,0,0,1
D32225,55,M,1,25.7,88,1,1,0
D32226,31,M,0,14.1,55,0,1,0
D32227,42,M,0,25.2,88,0,1,0
D32228,52,F,1,31.9,102,0,0,0
D32229,38,M,1,23.2,70,0,0,0
D32230,23,F,0,27.2,82,1,0,0
D32231,59,F,0,22.9,77,0,1,0
D32232,44,M,1,28.7,92,0,1,0
D32233,47,F,1,21.1,55,0,0,0
D32234,60,F,0,27.4,91,0,1,0
D32235,37,M,1,20.6,58,0,0,0
D32236,64,M,0,27.9,94,0,1,1
D32237,60,M,0,25.7,86,1,0,0
D32238,24,F,1,22.9,60,1,0,0
D32239,36,F,0,27.6,97,1,0,0
D32240,71,M,0,18.2,59,0,1,1
D32241,41,M,1,23.8,83,1,0,0
D32242,74,M,0,25.4,77,0,1,0
D32243,20,F,1,28.0,87,1,0,0
D32244,39,F,1,19.5,64,0,0,0
D32245,46,M,0,28.4,90,0,0,0
D32246,46,M,0,24.6,76,0,1,0
D32247,34,M,0,19.7,58,0,0,0
D32248,25,M,0,26.5,93,0,1,0
D32249,47,M,0,21.3,73,0,0,0
D32250,23,M,0,14.0,55,0,1,0
D32251,65,M,1,22.3,74,0,0,0
D32252,59,F,0,24.1,78,0,0,0
D32253,57,M,1,16.4,62,0,0,0
D32254,68,F,0,27.6,86,0,0,0
D32255,20,F,1,19.4,55,0,0,0
D32256,40,F,1,21.8,74,0,0,0
D32257,20,F,0,16.9,56,0,1,0
D32258,26,F,0,26.1,85,0,0,0
D32259,48,F,1,32.8,100,0,0,0
D32260,38,F,0,18.0,60,1,1,0
D32261,45,F,0,19.6,62,0,1,0
D32262,50,F,0,22.1,74,0,1,0
D32263,40,F,1,18.1,55,0,0,0
D32264,39,M,1,33.7,112,1,0,0
D32265,78,F,0,20.4,63,0,1,0
D32266,21,F,1,18.2,61,0,0,0
D32267,59,M,0,24.3,85,0,1,1
D32268,56,F,0,15.0,55,0,1,0
D32269,40,F,1,25.9,80,0,0,1
D32270,33,M,1,26.2,76,0,0,0
D32271,41,F,0,22.0,65,1,1,0
D32272,56,F,0,27.4,78,1,0,0
D32273,21,F,1,22.2,75,1,0,0
D32274,65,M,0,22.2,82,0,1,0
D32275,62,F,1,20.0,62,0,0,0
D32276,48,F,0,26.9,70,0,0,0
D32277,20,F,0,21.3,67,0,1,0
D32278,43,M,0,20.6,80,0,1,0
D32279,25,M,0,23.5,69,1,1,0
D32280,42,F,0,23.9,72,0,0,0
D32281,65,F,0,24.9,82,0,0,0
D32282,37,M,0,23.1,68,0,1,0
D32283,31,F,0,22.1,67,0,0,0
D32284,66,M,0,20.0,71,0,1,0
D32285,53,M,0,22.8,73,0,0,0
D32286,36,F,1,21.4,71,0,1,0
D32287,69,M,1,25.7,83,0,0,0
D32288,43,F,1,30.1,88,0,0,1
D32289,32,F,0,29.7,95,0,0,0
D32290,52,F,0,20.7,67,0,1,0
D32291,48,F,1,26.1,82,1,1,0
D32292,27,F,1,22.3,64,0,1,0
D32293,80,F,0,23.8,82,0,0,0
D32294,20,F,0,24.4,78,0,1,0
D32295,36,F,1,25.5,78,0,1,0
D32296,48,F,1,26.6,98,0,0,0
D32297,24,M,0,22.5,67,0,1,0
D32298,45,M,1,27.4,86,0,0,0
D32299,65,M,1,24.5,85,1,1,0
D32300,24,F,1,23.9,78,0,1,0
D32301,39,M,0,14.0,55,0,0,0
D32302,44,F,0,22.6,72,0,1,0
D32303,43,M,0,14.0,55,0,1,0
D32304,28,F,0,19.4,55,0,0,0
D32305,55,M,0,23.0,63,1,0,1
D32306,50,F,1,25.4,70,0,1,1
D32307,32,M,1,27.5,88,1,1,0
D32308,51,F,1,23.9,72,0,0,0
D32309,35,F,1,35.8,113,0,0,0
D32310,20,F,0,24.2,73,1,0,0
D32311,33,M,0,27.3,90,0,0,0
D32312,20,F,0,16.4,55,0,1,0
D32313,25,M,0,25.7,98,0,0,0
D32314,23,F,0,26.6,80,0,1,0
D32315,65,M,1,31.9,102,0,1,0
D32316,43,F,0,27.3,93,0,0,0
D32317,40,M,1,22.4,68,0,1,0
D32318,49,M,1,25.7,83,0,0,0
D32319,65,F,1,19.0,55,0,0,0
D32320,35,F,0,25.9,83,0,1,0
D32321,70,F,1,29.6,89,0,0,1
D32322,20,F,1,24.0,64,0,1,0
D32323,44,M,1,26.1,82,1,1,0
D32324,53,F,0,17.2,57,0,0,0
D32325,66,F,0,28.5,80,0,0,0
D32326,27,M,0,19.3,70,0,1,0
D32327,36,M,1,17.0,55,0,1,0
D32328,40,M,1,28.8,103,1,1,0
D32329,68,M,1,28.7,90,0,1,1
D32330,80,F,0,15.2,55,0,1,0
D32331,53,M,0,24.5,77,0,1,0
D32332,46,M,1,25.4,89,0,1,0
D32333,42,F,0,27.1,97,0,1,0
D32334,53,F,1,26.0,72,0,1,0
D32335,71,F,0,24.6,78,1,0,1
D32336,55,F,0,21.8,55,0,0,0
D32337,69,F,0,23.2,72,0,1,0
D32338,57,M,0,23.2,79,0,0,0
D32339,44,M,0,22.4,70,1,1,0
D32340,35,M,0,23.1,77,0,1,0
D32341,45,M,1,16.7,55,0,0,0
D32342,49,M,0,26.7,81,1,1,1
D32343,42,M,0,26.1,95,0,0,0
D32344,31,M,0,21.2,70,1,1,0
D32345,57,F,0,21.6,60,0,1,0
D32346,41,F,0,20.7,72,0,0,0
D32347,43,M,0,22.0,80,0,1,0
D32348,49,F,1,28.7,97,1,1,1
D32349,51,M,0,24.6,71,0,0,0
D32350,46,F,0,20.0,61,0,1,0
D32351,34,F,0,22.6,64,0,1,0
D32352,37,F,0,25.0,87,0,1,0
D32353,40,M,0,18.0,68,0,0,0
D32354,39,M,0,24.8,82,0,1,0
D32355,42,F,1,20.1,71,0,1,0
D32356,48,M,1,24.2,70,0,0,0
D32357,34,F,1,26.0,83,0,0,0
D32358,59,F,1,23.0,78,1,1,0
D32359,31,M,0,23.8,78,0,0,0
D32360,20,M,1,23.0,69,0,0,0
D32361,21,M,0,21.4,88,0,1,0
D32362,46,F,1,20.0,72,0,0,0
D32363,54,M,0,27.3,90,1,0,0
D32364,43,M,1,27.4,80,0,1,0
D32365,32,F,0,27.6,81,0,1,0
D32366,58,F,0,20.0,55,0,0,0
D32367,43,M,0,14.0,56,0,1,0
D32368,27,M,0,24.8,72,0,0,0
D32369,33,F,1,31.0,102,0,0,0
D32370,59,M,0,23.1,74,1,1,1
D32371,27,M,0,15.7,55,1,1,0
D32372,20,M,0,19.4,66,0,0,0
D32373,47,F,1,24.5,73,1,1,0
D32374,59,M,1,25.1,73,1,1,1
D32375,52,F,0,22.5,66,0,1,0
D32376,35,F,0,14.6,55,0,1,0
D32377,52,M,1,21.8,79,0,1,1
D32378,60,M,1,25.6,84,0,0,0
D32379,38,M,0,19.6,61,0,1,0
D32380,47,F,0,29.9,91,0,0,0
D32381,26,F,0,19.2,55,1,0,0
D32382,50,F,0,22.4,63,0,1,0
D32383,22,M,1,26.6,73,0,0,0
D32384,53,F,0,24.7,81,0,1,0
D32385,56,M,0,25.1,85,0,0,0
D32386,30,F,0,26.6,94,0,1,0
D32387,59,F,0,24.3,80,1,1,0
D32388,26,F,0,21.5,73,1,0,0
D32389,53,F,0,24.6,64,0,1,0
D32390,73,M,0,21.1,64,1,0,1
D32391,53,F,0,23.4,75,1,0,1
D32392,20,F,0,27.4,89,1,1,0
D32393,52,F,0,19.2,62,0,0,0
D32394,60,M,0,26.5,83,0,0,0
D32395,51,M,0,18.9,61,1,1,0
D32396,49,F,0,22.2,74,0,1,0
D32397,26,M,1,26.9,91,0,1,0
D32398,33,M,0,28.0,97,0,1,0
D32399,33,M,0,27.7,95,0,0,0
D32400,22,F,0,22.9,74,0,1,0
D32401,39,F,1,25.2,82,0,1,0
D32402,68,F,0,19.8,56,0,0,0
D32403,58,F,1,26.1,88,0,0,0
D32404,20,F,0,19.6,63,0,0,0
D32405,47,F,0,23.0,78,0,1,0
D32406,42,F,0,17.6,55,0,1,0
D32407,41,M,0,32.3,112,0,0,0
D32408,40,F,0,20.9,62,1,1,0
D32409,26,M,0,25.0,69,1,0,0
D32410,51,F,0,17.9,55,0,0,0
D32411,34,M,0,27.3,85,1,1,0
D32412,44,M,0,21.6,67,0,1,0
D32413,43,M,1,23.5,70,0,0,0
D32414,51,F,0,26.3,81,0,1,0
D32415,30,F,0,25.3,77,0,0,0
D32416,47,F,1,23.1,69,0,0,0
D32417,20,M,1,23.1,69,0,1,0
D32418,33,M,0,22.6,74,1,1,0
D32419,70,M,0,20.6,63,0,1,1
D32420,43,F,1,20.2,62,0,1,1
D32421,42,F,0,24.9,72,0,0,0
D32422,31,M,0,25.0,80,0,1,0
D32423,55,M,0,36.1,109,0,1,0
D32424,53,M,1,24.5,74,0,1,1
D32425,45,M,0,24.4,69,0,0,0
D32426,43,F,1,21.1,68,0,0,0
D32427,50,M,0,24.7,74,0,1,0
D32428,67,M,0,34.0,107,0,0,0
D32429,48,F,0,23.8,67,0,1,0
D32430,42,M,0,21.7,72,0,1,0
D32431,47,M,0,23.6,78,1,0,1
D32432,52,M,0,28.3,94,0,0,0
D32433,20,F,0,22.2,71,1,0,0
D32434,46,F,0,27.8,95,0,0,1
D32435,20,F,0,27.4,84,0,1,0
D32436,45,M,0,15.2,55,0,0,0
D32437,37,M,0,23.7,82,0,1,0
D32438,40,F,1,29.3,91,1,0,0
D32439,24,M,0,22.6,74,0,1,0
D32440,45,M,0,20.9,56,1,0,0
D32441,46,F,0,27.3,84,0,0,0
D32442,27,M,0,26.3,86,0,0,0
D32443,58,M,1,25.9,89,0,0,0
D32444,46,M,1,27.8,97,0,0,0
D32445,55,F,0,19.1,58,0,1,0
D32446,49,M,1,30.4,103,0,1,0
D32447,39,F,0,28.5,75,0,1,0
D32448,53,F,0,26.8,89,0,1,0
D32449,59,M,0,27.9,84,0,1,0
D32450,53,F,1,29.0,87,0,0,0
D32451,37,F,0,23.0,62,0,1,0
D32452,74,F,0,23.9,76,0,0,0
D32453,46,F,0,26.9,92,0,1,0
D32454,23,F,0,19.4,55,0,0,0
D32455,40,F,1,24.2,71,1,1,1
D32456,69,F,0,24.5,78,0,0,0
D32457,22,M,0,24.8,85,0,1,0
D32458,24,F,0,21.6,63,0,1,0
D32459,20,F,0,18.5,55,0,1,0
D32460,49,F,0,22.4,82,0,0,0
D32461,39,M,1,22.8,72,0,1,0
D32462,38,M,0,26.0,92,0,0,0
D32463,41,M,0,32.3,107,0,0,0
D32464,20,F,0,15.7,55,0,1,0
D32465,48,F,0,28.4,96,0,0,0
D32466,37,F,0,26.8,83,0,0,0
D32467,20,F,0,26.3,81,0,1,0
D32468,81,F,0,24.9,74,1,0,1
D32469,53,M,0,26.7,96,0,0,1
D32470,26,F,1,21.8,63,0,0,0
D32471,34,F,0,14.0,55,0,1,0
D32472,53,M,1,30.0,100,0,0,0
D32473,54,F,1,28.0,86,0,1,1
D32474,51,M,1,27.9,94,0,0,0
D32475,47,F,0,17.4,55,0,1,0
D32476,48,M,0,25.8,85,0,0,0
D32477,68,M,1,19.1,61,1,0,0
D32478,66,F,1,24.6,73,0,0,0
D32479,49,M,0,27.4,91,0,1,0
D32480,25,F,0,19.1,58,0,1,0
D32481,20,F,1,26.4,83,1,0,0
D32482,31,M,0,16.8,55,0,1,0
D32483,27,F,0,23.0,68,1,0,0
D32484,20,M,0,25.0,91,1,0,0
D32485,58,M,0,27.9,91,0,1,0
D32486,56,F,0,14.0,55,0,1,0
D32487,42,M,0,20.9,72,0,0,0
D32488,45,F,0,30.0,101,0,1,0
D32489,28,F,0,27.4,85,1,1,0
D32490,33,M,0,21.0,64,0,1,0
D32491,29,F,1,30.8,100,1,1,1
D32492,72,F,0,18.8,55,0,1,1
D32493,33,F,0,24.9,71,0,1,0
D32494,34,F,0,23.3,81,0,1,0
D32495,59,M,0,20.2,65,0,1,0
D32496,33,F,0,26.5,71,0,0,0
D32497,25,F,1,23.3,60,1,0,0
D32498,33,F,0,21.2,68,0,1,0
D32499,20,M,1,23.7,61,0,0,0
D32500,59,F,0,24.1,78,1,1,0
D32501,55,F,1,30.2,86,0,0,0
D32502,39,M,0,21.6,66,0,0,0
D32503,39,M,1,24.4,86,0,1,0
D32504,32,M,0,24.9,78,0,0,1
D32505,57,M,0,20.3,72,0,1,0
D32506,32,M,0,17.6,57,0,1,0
D32507,38,F,1,31.5,97,0,0,0
D32508,34,F,1,27.8,84,0,0,0
D32509,26,M,1,27.7,87,0,0,0
D32510,30,F,1,26.0,76,1,0,0
D32511,56,F,0,21.0,74,0,0,0
D32512,29,F,0,24.7,78,0,1,0
D32513,40,M,0,27.0,86,0,1,0
D32514,31,F,0,24.6,81,0,1,0
D32515,48,F,0,26.5,77,0,1,0
D32516,24,M,0,20.6,67,0,0,0
D32517,50,F,0,15.7,55,0,0,0
D32518,31,F,0,19.6,74,0,0,0
D32519,36,M,0,26.5,94,0,1,0
D32520,62,M,0,22.0,73,0,1,0
D32521,40,F,0,14.0,55,0,1,0
D32522,53,M,1,30.2,91,0,0,0
D32523,44,F,1,18.5,57,1,0,0
D32524,47,M,0,23.1,78,0,0,0
D32525,43,M,1,21.6,73,0,1,0
D32526,50,F,0,17.7,55,0,0,1
D32527,51,F,0,18.8,64,1,1,0
D32528,31,M,1,23.9,72,0,1,0
D32529,59,F,1,22.0,67,1,1,0
D32530,22,M,1,21.8,67,0,0,0
D32531,30,F,0,27.1,91,1,1,0
D32532,28,M,0,21.6,80,0,0,0
D32533,29,M,1,31.3,113,0,0,0
D32534,50,M,1,24.5,91,0,1,0
D32535,32,M,1,26.7,87,0,1,0
D32536,34,M,0,24.8,83,1,0,0
D32537,33,F,0,21.6,69,0,0,0
D32538,34,M,1,22.5,71,0,0,0
D32539,57,F,0,24.0,69,1,1,0
D32540,67,M,0,26.8,92,0,0,0
D32541,49,F,1,26.7,88,0,1,0
D32542,31,M,0,21.0,65,0,1,0
D32543,27,M,0,26.1,80,0,0,0
D32544,27,F,1,24.9,80,0,0,0
D32545,20,M,1,22.3,68,0,1,0
D32546,26,M,0,22.3,78,0,1,0
D32547,52,M,0,29.8,101,1,0,0
D32548,30,M,0,26.5,72,0,1,0
D32549,57,F,1,27.0,82,0,0,0
D32550,35,F,0,24.8,78,0,1,0
D32551,27,F,0,20.2,64,0,1,0
D32552,39,M,0,30.5,106,0,1,0
D32553,48,M,1,30.5,95,0,0,0
D32554,48,F,0,29.0,93,0,0,0
D32555,20,F,0,22.1,68,0,1,0
D32556,26,M,0,17.3,55,0,1,0
D32557,37,F,1,18.2,55,0,0,0
D32558,47,F,0,22.4,78,1,1,0
D32559,35,M,0,31.3,100,1,0,0
D32560,33,F,0,27.3,98,0,0,0
D32561,60,M,0,29.4,99,0,1,1
D32562,47,M,0,20.8,62,0,0,0
D32563,51,F,0,23.0,78,0,1,0
D32564,40,M,0,24.5,82,0,1,0
D32565,31,F,0,18.8,55,0,0,0
D32566,38,F,0,24.0,77,0,1,0
D32567,64,M,0,27.3,91,0,0,0
D32568,42,M,0,29.2,88,1,0,1
D32569,40,M,0,22.3,83,0,1,0
D32570,74,F,1,31.5,96,1,1,0
D32571,21,M,1,26.1,82,0,0,0
D32572,39,M,0,26.4,81,0,1,0
D32573,30,M,1,19.2,57,0,0,0
D32574,32,M,0,21.4,69,0,0,0
D32575,76,F,0,19.5,58,0,1,0
D32576,46,F,1,26.6,71,1,0,0
D32577,53,F,0,21.4,68,0,1,0
D32578,32,F,0,25.4,77,0,0,0
D32579,35,M,0,20.7,61,0,0,0
D32580,44,F,0,23.5,75,1,0,0
D32581,46,M,0,28.5,92,0,1,0
D32582,30,F,0,19.5,57,1,0,0
D32583,43,F,0,29.6,92,0,0,0
D32584,42,F,0,28.9,93,0,1,1
D32585,49,M,0,28.7,94,0,1,0
D32586,24,F,0,22.5,67,0,0,0
D32587,36,M,1,25.5,76,0,0,0
D32588,28,F,0,19.9,55,1,0,0
D32589,56,F,0,26.8,93,0,0,0
D32590,35,F,0,21.3,64,1,1,0
D32591,59,F,1,21.6,71,0,0,0
D32592,33,M,1,18.0,59,0,0,0
D32593,58,M,1,27.1,89,0,1,0
D32594,39,M,0,25.6,82,0,1,0
D32595,44,M,1,31.6,108,1,0,1
D32596,58,F,1,25.8,71,0,1,0
D32597,49,M,0,24.4,83,0,0,0
D32598,46,M,1,24.6,81,1,0,0
D32599,31,F,0,28.5,85,0,1,0
D32600,50,F,0,29.7,101,1,1,0
D32601,24,M,1,24.3,81,0,1,0
D32602,46,F,1,30.2,101,0,1,0
D32603,24,F,1,23.3,77,0,1,0
D32604,34,M,0,14.0,55,1,1,0
D32605,59,F,0,23.1,72,0,0,0
D32606,35,M,0,26.9,85,0,0,0
D32607,29,M,1,20.1,77,0,0,0
D32608,47,F,0,19.2,62,1,0,0
D32609,50,F,1,21.3,68,0,0,0
D32610,32,F,0,24.5,73,0,1,0
D32611,20,F,0,26.0,81,0,0,0
D32612,55,M,1,25.7,87,0,0,0
D32613,51,F,1,20.4,68,0,1,0
D32614,53,M,0,26.1,86,0,1,0
D32615,46,M,1,25.8,86,0,0,0
D32616,42,F,0,25.0,71,0,0,0
D32617,50,M,1,24.1,79,0,1,0
D32618,35,F,0,22.6,66,1,0,0
D32619,43,F,0,22.5,76,0,1,0
D32620,34,M,0,23.4,74,0,1,0
D32621,37,M,1,22.0,78,0,1,0
D32622,36,M,0,23.0,84,0,0,0
D32623,27,M,0,24.7,81,0,0,0
D32624,30,F,1,22.0,77,0,0,0
D32625,49,M,1,24.7,72,0,1,0
D32626,64,M,0,26.6,83,0,0,1
D32627,51,M,1,26.0,95,1,0,0
D32628,22,F,0,23.1,69,0,0,0
D32629,73,F,0,21.1,64,0,1,0
D32630,38,M,1,21.5,71,0,1,0
D32631,20,M,1,20.8,63,1,1,0
D32632,38,M,1,27.5,86,0,0,0
D32633,51,F,0,21.2,64,0,0,0
D32634,52,F,1,25.4,85,0,1,0
D32635,30,F,0,27.3,84,0,0,0
D32636,85,M,0,24.1,81,0,1,1
D32637,50,F,0,19.4,63,0,0,0
D32638,40,M,0,20.8,67,1,0,1
D32639,20,F,1,25.1,81,0,0,0
D32640,33,M,1,19.9,55,0,0,0
D32641,20,M,0,19.6,61,1,1,0
D32642,37,F,1,23.9,70,0,0,0
D32643,51,M,1,30.8,94,0,1,1
D32644,47,F,0,23.2,79,1,0,0
D32645,46,M,0,26.1,73,0,0,0
D32646,48,F,0,29.8,85,0,1,0
D32647,45,F,1,17.9,60,0,1,0
D32648,37,M,0,21.9,64,0,1,0
D32649,48,M,1,24.3,87,0,0,0
D32650,38,M,1,24.1,76,0,0,0
D32651,32,F,0,14.0,55,0,0,0
D32652,48,F,1,24.1,75,0,1,0
D32653,21,F,0,24.6,73,0,1,0
D32654,65,M,0,19.4,65,0,0,0
D32655,70,M,0,24.6,78,0,0,0
D32656,58,M,0,30.3,93,1,1,0
D32657,62,F,1,25.7,71,1,0,1
D32658,20,F,1,29.0,85,0,1,0
D32659,54,M,0,22.8,68,0,0,0
D32660,45,M,0,27.1,84,1,1,0
D32661,32,M,1,27.1,86,1,0,0
D32662,44,F,0,26.6,83,0,0,0
D32663,46,F,1,26.8,90,1,1,0
D32664,27,F,0,22.2,73,0,1,0
D32665,23,M,0,19.5,73,0,0,0
D32666,30,F,0,22.0,67,0,1,0
D32667,47,M,0,24.7,88,0,0,0
D32668,72,M,0,26.0,81,0,0,0
D32669,37,M,0,27.5,86,0,0,0
D32670,61,M,0,22.7,71,0,0,0
D32671,45,F,0,19.0,55,0,0,0
D32672,49,M,0,22.8,77,0,1,0
D32673,31,M,0,29.1,99,0,1,0
D32674,46,M,1,24.2,81,0,1,0
D32675,34,F,0,23.4,76,0,0,0
D32676,30,F,1,24.2,75,0,0,0
D32677,25,F,1,26.4,79,0,0,0
D32678,51,F,0,23.3,77,0,1,0
D32679,62,F,1,32.9,111,0,0,0
D32680,49,M,0,22.7,63,0,0,0
D32681,54,F,0,28.5,87,0,0,0
D32682,39,F,1,25.3,88,1,0,0
D32683,49,M,1,24.4,64,0,0,0
D32684,79,M,0,26.0,75,0,0,0
D32685,20,M,1,20.5,71,0,1,0
D32686,36,M,0,32.8,97,0,0,0
D32687,42,M,1,34.0,112,1,1,1
D32688,32,F,0,23.3,71,1,1,0
D32689,59,F,0,17.7,55,0,1,0
D32690,37,F,0,18.1,64,1,0,1
D32691,47,M,0,26.9,85,1,1,0
D32692,32,F,0,19.3,63,1,1,0
D32693,57,F,0,25.9,73,0,1,0
D32694,52,F,0,22.8,68,0,0,0
D32695,43,F,0,29.8,101,0,1,0
D32696,24,F,0,18.4,58,1,0,0
D32697,40,M,1,30.6,102,0,1,0
D32698,62,M,1,30.2,92,0,1,1
D32699,47,M,1,20.5,70,0,1,0
D32700,34,M,1,27.4,86,0,0,0
D32701,31,M,0,19.8,69,0,0,0
D32702,30,M,0,21.6,77,0,1,0
D32703,44,F,1,26.0,86,0,1,0
D32704,20,M,1,23.6,71,0,1,0
D32705,75,F,0,31.4,94,1,1,1
D32706,29,F,0,22.7,73,0,0,0
D32707,32,F,0,26.9,79,0,1,0
D32708,30,M,0,28.6,92,1,0,0
D32709,33,F,1,25.3,68,0,0,0
D32710,42,M,1,27.7,95,1,0,1
D32711,26,M,0,24.3,74,0,1,0
D32712,22,M,1,23.9,83,0,0,0
D32713,35,M,0,28.3,89,1,1,0
D32714,54,M,1,25.3,85,1,1,0
D32715,42,M,1,21.9,68,0,1,0
D32716,43,F,0,25.5,86,0,0,0
D32717,20,F,0,23.8,62,0,0,0
D32718,41,F,1,26.4,93,0,0,0
D32719,53,F,0,21.8,77,0,0,0
D32720,20,M,0,22.3,66,0,1,0
D32721,67,F,1,20.5,55,0,1,0
D32722,48,M,0,16.2,55,0,0,0
D32723,40,F,0,24.2,82,0,1,0
D32724,50,F,0,24.7,75,0,1,0
D32725,51,M,0,26.2,73,1,1,0
D32726,43,M,0,15.9,55,0,0,0
D32727,72,M,1,22.1,79,0,0,1
D32728,39,F,1,26.5,78,0,1,0
D32729,39,M,0,20.4,58,1,0,0
D32730,50,M,0,18.0,70,0,1,0
D32731,40,M,1,25.3,83,0,0,0
D32732,36,M,1,28.2,99,0,0,1
D32733,20,F,1,20.3,66,1,0,0
D32734,81,M,1,20.5,65,0,0,0
D32735,34,M,0,21.0,56,0,1,0
D32736,49,M,0,25.4,86,1,1,1
D32737,47,F,0,21.2,59,0,1,0
D32738,38,F,1,30.8,95,0,0,0
D32739,36,M,0,18.2,63,0,0,0
D32740,57,M,1,20.4,60,0,0,0
D32741,57,M,0,27.7,87,1,1,0
D32742,24,M,0,23.0,72,0,1,0
D32743,20,F,0,23.6,75,0,1,0
D32744,53,F,0,21.7,70,0,1,0
D32745,33,M,1,29.0,104,1,1,1
D32746,45,F,1,21.0,60,0,0,0
D32747,58,M,0,18.3,55,0,1,0
D32748,50,F,0,31.7,105,0,0,0
D32749,61,M,0,24.2,80,0,1,0
D32750,24,M,1,23.8,73,0,1,0
D32751,29,F,1,22.7,79,0,1,0
D32752,70,M,0,29.7,88,1,0,0
D32753,28,F,1,23.3,68,0,0,0
D32754,42,F,0,26.5,71,1,1,1
D32755,36,F,0,24.3,68,0,1,0
D32756,37,F,0,27.4,82,0,0,0
D32757,36,M,0,22.0,86,0,1,1
D32758,43,F,0,24.7,70,0,0,0
D32759,38,M,0,17.1,61,0,1,0
D32760,51,F,0,21.1,62,0,1,0
D32761,25,F,0,20.8,69,0,1,0
D32762,44,M,0,21.9,69,0,0,0
D32763,62,F,0,28.8,97,1,0,1
D32764,55,M,0,18.9,69,0,1,0
D32765,50,F,0,19.0,66,1,1,0
D32766,69,M,0,24.2,85,1,1,0
D32767,47,M,0,30.4,93,1,1,0
D32768,45,M,0,25.0,86,1,0,0
D32769,60,F,1,32.7,94,0,0,0
D32770,27,F,1,28.0,85,0,0,0
D32771,44,M,0,14.0,55,0,1,0
D32772,57,F,0,31.3,105,0,0,0
D32773,56,F,0,28.8,88,0,1,0
D32774,33,M,0,14.0,55,0,1,0
D32775,27,M,1,23.0,64,0,1,0
D32776,42,F,0,22.1,75,1,1,0
D32777,23,M,0,32.6,109,0,1,0
D32778,40,F,0,21.5,65,0,1,0
D32779,31,F,0,28.0,91,1,1,0
D32780,25,M,0,22.3,62,0,0,0
D32781,48,M,0,18.4,64,0,1,0
D32782,22,M,0,25.2,80,0,0,0
D32783,45,F,0,25.0,87,0,0,0
D32784,69,F,0,17.1,55,0,0,1
D32785,54,F,1,25.6,79,0,1,0
D32786,34,F,1,17.8,55,0,0,0
D32787,20,F,0,14.0,55,1,1,0
D32788,36,F,0,29.1,100,0,1,0
D32789,37,M,0,25.0,90,0,0,0
D32790,66,F,0,26.7,87,0,1,0
D32791,50,M,1,26.1,90,0,0,0
D32792,20,M,0,21.2,61,1,1,0
D32793,41,M,1,23.7,77,0,1,0
D32794,53,F,0,19.9,60,0,1,0
D32795,54,M,0,22.7,72,0,1,0
D32796,26,F,0,21.7,78,0,1,0
D32797,25,F,1,22.6,71,0,1,0
D32798,26,F,0,24.0,76,0,0,0
D32799,48,M,0,23.3,79,0,1,0
D32800,32,F,1,18.8,61,1,0,0
D32801,47,F,0,24.9,91,0,0,0
D32802,55,F,1,19.6,59,0,0,0
D32803,43,M,1,20.7,65,0,0,0
D32804,46,M,0,23.4,79,0,1,0
D32805,42,F,1,27.4,87,0,1,1
D32806,34,F,0,18.8,62,0,0,0
D32807,27,F,0,20.9,60,0,1,0
D32808,56,M,0,26.0,84,1,0,1
D32809,68,F,0,26.8,75,0,1,0
D32810,28,M,1,27.6,91,0,0,0
D32811,31,F,0,15.6,55,1,1,0
D32812,38,M,1,24.8,79,0,1,1
D32813,55,M,0,22.5,80,0,0,0
D32814,27,F,1,29.0,90,0,0,0
D32815,20,M,1,22.1,73,0,0,0
D32816,41,M,0,24.2,81,0,0,0
D32817,37,F,0,30.5,107,0,0,0
D32818,36,F,0,17.8,55,0,1,0
D32819,35,M,0,17.6,59,0,1,0
D32820,71,F,0,20.3,55,0,0,1
D32821,32,M,0,23.6,78,0,0,0
D32822,32,M,0,21.0,74,0,1,0
D32823,44,M,1,21.4,57,1,0,0
D32824,54,F,1,22.7,74,0,1,0
D32825,46,F,1,19.4,70,1,0,0
D32826,48,F,0,21.1,65,0,1,0
D32827,50,F,0,21.1,66,1,1,0
D32828,41,F,0,19.8,59,0,1,0
D32829,37,M,0,18.2,64,0,1,0
D32830,41,F,0,21.0,55,0,1,0
D32831,20,F,0,24.9,81,0,1,0
D32832,28,F,0,23.2,75,0,1,0
D32833,51,M,1,26.5,82,0,1,0
D32834,49,M,1,29.5,84,0,0,0
D32835,20,M,0,20.0,68,1,0,0
D32836,37,F,0,18.3,56,0,0,0
D32837,20,M,0,28.2,87,0,0,0
D32838,36,F,0,14.0,55,1,1,0
D32839,35,M,0,26.4,91,0,1,0
D32840,40,F,0,23.4,80,0,1,0
D32841,42,F,0,24.6,81,0,1,0
D32842,37,M,1,17.5,55,0,0,0
D32843,71,F,0,23.1,72,1,0,1
D32844,56,M,0,19.5,63,0,0,0
D32845,52,M,0,22.3,73,0,1,0
D32846,29,F,0,33.3,113,0,0,0
D32847,50,M,0,15.8,55,0,0,0
D32848,20,F,0,18.5,60,0,1,0
D32849,44,F,1,23.6,70,0,0,0
D32850,43,F,0,24.2,69,0,1,0
D32851,30,F,1,20.6,55,0,0,0
D32852,34,M,1,23.1,72,0,1,1
D32853,61,M,0,20.6,64,0,1,0
D32854,40,F,1,28.3,92,1,0,0
D32855,50,M,1,24.1,72,0,1,0
D32856,43,M,1,28.8,77,0,0,0
D32857,36,M,0,24.5,84,0,0,0
D32858,42,F,1,15.1,55,1,0,0
D32859,68,F,0,21.9,70,0,1,0
D32860,32,F,0,19.4,61,0,0,0
D32861,25,M,0,23.8,83,1,0,0
D32862,28,M,1,20.5,60,0,0,0
D32863,33,M,0,20.2,62,0,0,0
D32864,59,F,0,25.7,68,0,1,0
D32865,44,F,1,23.0,79,0,1,0
D32866,58,F,1,19.5,62,0,0,1
D32867,35,F,0,22.1,77,0,1,0
D32868,27,F,1,22.5,65,0,1,0
D32869,37,M,1,26.2,92,0,1,1
D32870,36,M,0,28.1,94,0,1,0
D32871,62,F,0,27.1,84,0,1,0
D32872,20,M,0,21.0,75,1,1,0
D32873,45,F,1,29.6,110,0,1,0
D32874,24,M,1,30.0,107,0,1,0
D32875,43,F,0,15.8,55,1,0,0
D32876,26,M,0,19.9,60,1,0,1
D32877,47,M,0,20.7,63,0,1,0
D32878,30,F,0,26.8,79,0,0,0
D32879,33,F,0,25.5,84,0,1,0
D32880,42,F,1,25.6,81,0,0,0
D32881,42,M,0,21.5,90,0,1,0
D32882,63,M,0,19.5,68,0,0,0
D32883,20,F,0,24.2,67,1,0,0
D32884,48,F,0,14.0,55,0,0,0
D32885,20,M,1,22.2,74,1,0,0
D32886,47,M,0,26.8,80,0,1,0
D32887,36,F,0,22.3,65,0,0,0
D32888,35,M,0,17.6,55,0,0,0
D32889,28,F,1,23.6,72,1,0,0
D32890,39,F,0,25.5,76,1,1,0
D32891,50,M,0,23.5,72,1,1,0
D32892,42,F,0,24.6,78,0,0,0
D32893,51,F,1,32.0,100,0,0,0
D32894,24,M,0,25.0,77,1,1,0
D32895,49,M,1,29.0,95,0,0,0
D32896,40,F,0,23.4,71,1,1,0
D32897,50,F,1,25.9,76,0,1,0
D32898,23,M,1,23.4,78,0,0,0
D32899,54,F,0,24.9,85,0,0,0
D32900,48,F,0,20.5,55,0,1,0
D32901,40,F,0,15.8,55,1,1,0
D32902,29,F,1,24.0,75,0,1,0
D32903,20,M,0,24.2,72,1,1,0
D32904,52,M,1,32.2,105,0,0,0
D32905,34,F,1,24.3,84,0,0,0
D32906,29,F,0,26.7,87,0,1,0
D32907,37,M,0,22.9,76,0,0,0
D32908,39,F,0,17.5,55,0,1,0
D32909,46,M,0,21.0,68,0,0,0
D32910,33,M,1,21.9,67,0,1,0
D32911,46,M,0,19.9,63,0,1,0
D32912,34,M,1,21.6,80,0,1,0
D32913,53,M,1,24.9,84,0,0,0
D32914,53,M,0,17.1,55,0,0,0
D32915,39,F,0,21.3,61,0,0,0
D32916,23,M,1,21.8,67,0,0,0
D32917,25,F,1,32.4,95,0,1,0
D32918,52,F,0,21.1,71,1,1,0
D32919,32,F,1,29.3,85,1,1,1
D32920,42,F,0,22.7,71,0,1,0
D32921,27,F,0,28.0,80,0,1,0
D32922,50,F,1,21.2,71,0,1,0
D32923,65,F,0,19.3,55,0,0,0
D32924,29,F,0,22.2,75,0,0,0
D32925,57,M,0,21.8,71,0,1,0
D32926,45,F,0,16.1,60,0,0,0
D32927,50,F,1,26.5,85,0,0,0
D32928,26,M,0,25.3,83,0,0,0
D32929,31,M,1,23.5,83,0,1,0
D32930,52,M,1,27.6,92,0,0,0
D32931,36,F,0,25.2,77,0,1,0
D32932,31,F,0,22.3,76,0,1,0
D32933,37,F,0,25.0,79,1,0,0
D32934,48,M,1,23.4,77,0,0,0
D32935,49,F,0,25.8,92,0,0,0
D32936,34,F,0,23.7,70,1,1,0
D32937,27,F,1,24.0,70,0,0,0
D32938,50,M,1,20.2,62,0,1,0
D32939,39,M,1,26.4,95,1,1,0
D32940,27,M,1,33.8,117,0,1,0
D32941,20,F,0,26.9,83,0,1,0
D32942,43,F,0,15.0,55,1,1,0
D32943,55,F,1,21.4,67,1,1,0
D32944,48,F,1,24.0,78,0,1,0
D32945,65,F,0,27.9,81,0,1,0
D32946,34,F,0,14.6,55,1,1,0
D32947,32,F,0,21.1,63,1,0,0
D32948,27,M,0,19.2,59,0,0,0
D32949,34,M,1,22.3,65,0,0,0
D32950,20,M,0,14.6,55,0,0,0
D32951,33,F,0,24.3,68,0,1,0
D32952,38,F,0,22.8,78,0,1,0
D32953,57,M,0,26.0,77,0,0,0
D32954,31,M,0,20.2,61,0,1,0
D32955,57,F,0,20.9,60,0,0,1
D32956,74,M,0,19.0,71,0,1,0
D32957,49,M,1,24.4,75,0,1,0
D32958,58,F,1,18.9,65,0,1,0
D32959,28,F,1,24.0,71,0,0,0
D32960,47,F,0,16.2,55,0,0,0
D32961,53,M,1,24.1,91,0,0,1
D32962,44,F,0,26.1,84,0,1,0
D32963,46,F,0,26.5,89,0,0,0
D32964,41,M,0,18.9,61,0,1,0
D32965,30,F,0,27.5,87,0,0,0
D32966,55,M,0,24.2,83,0,1,0
D32967,35,M,1,25.0,79,0,1,0
D32968,55,M,0,19.6,72,0,1,0
D32969,39,F,0,31.6,98,0,1,0
D32970,60,M,1,20.2,65,1,0,1
D32971,38,F,1,27.5,92,1,1,0
D32972,44,F,1,24.9,75,0,0,0
D32973,35,M,1,18.2,60,0,1,0
D32974,57,F,1,21.1,68,0,1,0
D32975,20,F,1,32.6,110,0,1,0
D32976,37,F,0,19.5,70,0,1,0
D32977,45,F,0,21.5,74,0,0,0
D32978,27,F,0,24.6,68,0,0,0
D32979,33,F,1,14.0,55,0,1,0
D32980,44,M,0,19.0,58,0,1,0
D32981,44,M,0,22.8,75,1,1,0
D32982,43,M,0,28.2,93,0,0,1
D32983,41,F,0,27.5,96,0,1,0
D32984,28,F,1,19.3,55,0,0,0
D32985,34,F,1,18.9,56,0,1,0
D32986,55,F,1,26.1,86,1,0,1
D32987,61,M,0,27.3,84,0,1,1
D32988,67,M,0,22.9,79,1,0,1
D32989,37,M,0,21.0,67,0,0,1
D32990,55,F,0,26.1,86,0,0,0
D32991,36,M,1,28.7,90,0,0,0
D32992,34,M,0,25.9,89,0,1,1
D32993,35,F,0,23.7,75,0,1,0
D32994,27,F,1,25.4,81,0,1,0
D32995,38,F,0,24.4,70,0,1,0
D32996,38,F,0,20.6,64,0,1,0
D32997,49,F,0,28.5,84,0,1,0
D32998,30,M,1,24.0,78,1,1,0
D32999,44,M,0,14.0,55,1,0,0
D33000,44,M,0,23.0,79,0,1,0
