month,mr_doses
2019-01,2441
2019-02,2448
2019-03,2445
2019-04,2599
2019-05,2388
2019-06,2383
2019-07,2262
2019-08,2292
2019-09,2375
2019-10,2624
2019-11,2441
2019-12,2469
2020-01,2440
2020-02,2381
2020-03,2529
2020-04,1214
2020-05,1118
2020-06,1145
2020-07,2342
2020-08,3003
2020-09,3174
2020-10,3310
2020-11,3159
2020-12,2504
2021-01,2607
2021-02,2613
2021-03,2578
2021-04,2718
2021-05,2598
2021-06,2521
2021-07,2450
2021-08,2426
2021-09,2597
2021-10,2786
2021-11,2568
2021-12,2683
2022-01,2619
2022-02,2648
2022-03,2548
2022-04,2833
2022-05,2595
2022-06,2647
2022-07,2525
2022-08,2473
2022-09,2695
2022-10,2890
2022-11,2570
2022-12,2647
2023-01,2734
2023-02,2688
2023-03,2821
2023-04,2952
2023-05,2782
2023-06,2713
2023-07,2598
2023-08,2583
2023-09,2812
2023-10,2891
2023-11,2682
2023-12,2812
2024-01,2766
2024-02,2783
2024-03,2747
2024-04,2996
2024-05,2807
2024-06,2820
2024-07,2628
2024-08,2622
2024-09,2773
2024-10,3062
2024-11,2763
2024-12,2858
2025-01,2858
2025-02,2889
2025-03,2891
2025-04,2999
2025-05,2812
2025-06,2851
2025-07,2743
2025-08,2703
2025-09,2928
2025-10,3055
2025-11,2871
2025-12,2939
