patient_id,group,age,sex,bmi,smoker,severity,temp_c,baseline_sbp,week8_sbp,sbp_drop,adr
BP001,Drug,34,M,31.1,No,Mild,36.6,144,136,8,No
BP002,Placebo,66,M,28.0,No,Moderate,36.7,154,156,-2,No
BP003,Drug,63,M,27.8,Yes,Moderate,36.6,163,147,16,No
BP004,Drug,72,M,28.7,Yes,Mild,36.7,144,136,8,No
BP005,Placebo,65,M,17.9,No,Moderate,36.6,155,143,12,No
BP006,Placebo,35,M,23.6,No,Severe,36.7,172,166,6,No
BP007,Drug,70,M,30.5,No,Moderate,36.6,160,154,6,No
BP008,Drug,74,M,29.8,No,Severe,37.4,168,160,8,No
BP009,Drug,61,M,30.0,No,Moderate,36.9,159,146,13,No
BP010,Placebo,45,F,28.1,No,Severe,36.8,177,178,-1,No
BP011,Drug,38,F,31.2,No,Mild,36.9,147,151,-4,No
BP012,Drug,33,F,28.3,No,Moderate,37.3,155,151,4,No
BP013,Drug,57,F,29.1,No,Mild,36.7,145,131,14,Yes
BP014,Placebo,68,M,23.2,No,Moderate,37.2,164,169,-5,No
BP015,Placebo,47,M,23.9,No,Mild,36.9,146,152,-6,No
BP016,Placebo,74,M,26.4,No,Moderate,37.5,164,168,-4,No
BP017,Drug,56,M,24.0,No,Severe,36.8,176,158,18,No
BP018,Drug,69,F,33.9,No,Severe,36.2,166,141,25,No
BP019,Placebo,60,M,29.4,No,Moderate,37.0,154,148,6,No
BP020,Placebo,55,M,26.8,Yes,Mild,36.7,141,135,6,No
BP021,Placebo,41,F,31.9,No,Severe,36.2,173,171,2,No
BP022,Drug,44,M,30.4,No,Severe,36.5,171,159,12,No
BP023,Placebo,43,F,22.4,Yes,Mild,36.4,143,143,0,No
BP024,Drug,67,F,27.9,No,Severe,37.2,171,152,19,No
BP025,Drug,40,F,28.8,No,Severe,36.8,167,141,26,No
BP026,Drug,40,M,29.7,Yes,Mild,36.7,140,118,22,No
BP027,Drug,48,F,30.0,No,Mild,36.7,145,141,4,Yes
BP028,Drug,50,F,23.3,No,Moderate,36.9,164,143,21,No
BP029,Placebo,47,M,25.1,No,Severe,36.5,167,166,1,No
BP030,Drug,49,M,26.0,Yes,Moderate,36.7,159,148,11,No
BP031,Drug,73,M,32.4,No,Moderate,37.1,158,140,18,Yes
BP032,Placebo,59,F,31.8,Yes,Severe,36.9,178,169,9,No
BP033,Drug,34,M,31.9,No,Moderate,37.0,151,139,12,No
BP034,Placebo,67,M,33.8,No,Moderate,36.9,152,154,-2,No
BP035,Drug,46,M,22.8,Yes,Moderate,36.5,154,144,10,No
BP036,Drug,36,M,20.3,Yes,Severe,37.5,190,166,24,Yes
BP037,Placebo,48,F,27.2,No,Moderate,36.8,163,139,24,No
BP038,Placebo,69,M,25.5,No,Moderate,36.7,152,162,-10,No
BP039,Placebo,51,M,30.3,No,Severe,36.2,174,160,14,No
BP040,Placebo,75,M,32.0,Yes,Mild,37.0,140,138,2,No
BP041,Placebo,42,F,27.8,No,Severe,36.8,167,157,10,No
BP042,Placebo,62,M,24.9,No,Mild,36.7,148,139,9,No
BP043,Drug,49,M,24.9,No,Mild,36.8,144,132,12,No
BP044,Drug,39,F,30.7,No,Moderate,36.9,164,154,10,Yes
BP045,Placebo,52,M,31.0,No,Severe,36.9,175,176,-1,Yes
BP046,Placebo,34,M,29.1,No,Mild,36.8,141,131,10,No
BP047,Drug,74,M,21.8,No,Moderate,36.9,150,137,13,No
BP048,Drug,73,M,32.4,No,Severe,36.5,167,155,12,No
BP049,Drug,36,M,25.0,No,Mild,36.3,140,133,7,Yes
BP050,Drug,74,F,29.5,No,Mild,36.6,140,123,17,No
BP051,Placebo,42,M,20.7,Yes,Moderate,36.8,154,143,11,No
BP052,Placebo,72,F,29.9,No,Severe,36.8,165,155,10,No
BP053,Placebo,44,F,31.2,Yes,Mild,36.9,141,146,-5,No
BP054,Drug,72,F,25.7,No,Moderate,37.0,158,134,24,Yes
BP055,Drug,65,M,27.7,No,Mild,36.6,148,143,5,Yes
BP056,Drug,42,F,26.7,No,Moderate,37.0,158,137,21,No
BP057,Drug,33,F,28.1,No,Severe,37.0,171,167,4,No
BP058,Placebo,45,M,19.5,No,Mild,36.4,145,144,1,No
BP059,Drug,40,M,22.2,No,Moderate,36.5,154,132,22,Yes
BP060,Drug,60,M,29.0,No,Severe,36.6,170,148,22,Yes
BP061,Drug,49,M,28.9,No,Moderate,36.9,163,148,15,No
BP062,Placebo,72,F,29.1,No,Moderate,37.5,157,166,-9,No
BP063,Drug,72,M,27.8,No,Mild,37.4,148,142,6,No
BP064,Placebo,72,M,23.6,No,Moderate,36.7,161,150,11,No
BP065,Drug,59,M,25.2,No,Moderate,36.3,159,135,24,Yes
BP066,Placebo,52,M,25.4,No,Mild,36.4,148,154,-6,No
BP067,Drug,39,M,29.8,Yes,Severe,37.0,170,153,17,No
BP068,Drug,46,F,23.4,No,Moderate,37.0,153,141,12,No
BP069,Placebo,54,M,24.8,No,Severe,37.4,169,162,7,No
BP070,Placebo,60,F,26.7,Yes,Moderate,36.6,150,143,7,Yes
BP071,Drug,52,M,21.9,Yes,Severe,36.5,174,167,7,No
BP072,Drug,69,M,25.3,No,Moderate,37.5,160,137,23,Yes
BP073,Placebo,36,F,25.5,No,Moderate,36.8,158,142,16,Yes
BP074,Placebo,57,M,26.2,No,Moderate,37.1,160,160,0,No
BP075,Drug,38,F,24.1,No,Moderate,36.9,152,135,17,No
BP076,Placebo,42,M,29.6,Yes,Mild,37.1,146,146,0,No
BP077,Placebo,57,M,24.8,No,Moderate,37.1,164,168,-4,No
BP078,Drug,65,F,31.4,No,Moderate,36.4,157,137,20,No
BP079,Drug,60,M,21.5,No,Mild,36.5,140,130,10,No
BP080,Drug,64,M,25.4,No,Moderate,36.5,156,152,4,No
BP081,Drug,44,M,25.7,No,Moderate,36.8,154,140,14,No
BP082,Placebo,43,M,26.9,No,Severe,37.5,171,170,1,No
BP083,Placebo,35,M,23.9,No,Moderate,36.8,158,149,9,No
BP084,Drug,55,M,24.9,Yes,Moderate,36.8,154,136,18,Yes
BP085,Drug,72,M,21.0,No,Moderate,36.8,160,137,23,No
BP086,Placebo,51,M,20.1,Yes,Severe,36.2,184,167,17,No
BP087,Drug,44,M,34.2,No,Mild,36.9,140,137,3,Yes
BP088,Placebo,73,F,27.9,No,Moderate,36.8,158,157,1,No
BP089,Drug,35,M,25.8,Yes,Moderate,36.7,164,145,19,Yes
BP090,Placebo,73,M,23.4,No,Severe,37.3,171,166,5,No
BP091,Drug,63,M,28.2,No,Severe,36.6,169,146,23,No
BP092,Placebo,48,M,24.2,Yes,Moderate,36.6,161,157,4,No
BP093,Placebo,48,M,25.4,Yes,Moderate,36.7,156,140,16,No
BP094,Placebo,33,M,31.2,No,Severe,36.5,169,162,7,No
BP095,Placebo,68,M,26.8,Yes,Mild,36.6,142,153,-11,No
BP096,Placebo,73,F,22.5,No,Mild,36.4,149,152,-3,No
BP097,Drug,57,M,21.0,No,Moderate,36.5,156,138,18,No
BP098,Drug,40,F,18.2,No,Severe,36.9,173,160,13,No
BP099,Placebo,72,F,18.2,No,Moderate,36.6,157,156,1,No
BP100,Placebo,33,F,27.7,No,Moderate,36.7,155,147,8,No
BP101,Placebo,75,M,24.8,No,Severe,37.4,165,168,-3,No
BP102,Drug,39,M,28.7,No,Moderate,36.8,158,146,12,No
BP103,Placebo,62,M,26.2,No,Moderate,36.8,162,157,5,No
BP104,Placebo,45,M,27.3,Yes,Mild,36.6,140,145,-5,No
BP105,Placebo,49,M,19.8,No,Moderate,37.0,155,153,2,No
BP106,Drug,48,F,25.0,No,Moderate,36.8,152,149,3,Yes
BP107,Drug,66,M,27.6,Yes,Severe,36.6,165,132,33,Yes
BP108,Drug,56,F,30.0,No,Moderate,36.7,152,126,26,No
BP109,Placebo,58,M,28.5,Yes,Severe,37.2,177,180,-3,No
BP110,Placebo,72,F,27.9,No,Moderate,36.5,163,167,-4,No
BP111,Drug,32,M,28.8,No,Moderate,36.7,150,143,7,No
BP112,Drug,71,M,24.2,No,Mild,36.9,149,123,26,No
BP113,Placebo,75,F,22.2,Yes,Severe,36.3,176,181,-5,No
BP114,Placebo,53,M,24.2,No,Mild,37.5,140,138,2,No
BP115,Placebo,69,M,25.0,No,Mild,37.1,146,157,-11,No
BP116,Placebo,65,M,28.8,No,Moderate,37.0,164,155,9,No
BP117,Placebo,74,M,30.2,No,Severe,37.2,176,154,22,No
BP118,Placebo,65,M,25.4,No,Severe,37.1,169,163,6,No
BP119,Drug,61,M,21.1,No,Moderate,36.3,162,147,15,No
BP120,Placebo,60,F,23.4,No,Moderate,36.5,153,161,-8,No
