patient_id,age,sex,weight_kg,crcl_ml_min,num_drugs,liver_disease,prior_adr,adr
P001,35,M,89.9,126,3,0,0,0
P002,47,M,60.9,70,2,1,1,0
P003,28,F,64.9,113,3,0,0,0
P004,32,F,80.1,160,5,0,1,0
P005,49,M,73.3,78,5,0,1,1
P006,43,F,54.8,73,3,0,0,0
P007,44,F,49.2,63,1,0,0,0
P008,85,F,38.0,16,9,0,0,1
P009,67,M,40.0,66,1,0,0,0
P010,82,M,70.7,60,6,0,0,0
P011,53,M,63.9,68,6,0,0,0
P012,71,M,62.2,44,9,0,0,1
P013,55,F,70.9,71,5,0,0,1
P014,25,F,82.6,153,3,0,0,0
P015,75,M,63.1,55,5,0,1,1
P016,21,F,81.6,160,1,0,0,0
P017,86,M,61.8,41,5,1,1,1
P018,19,M,60.5,110,2,0,0,0
P019,58,M,96.1,119,3,1,0,0
P020,60,M,65.5,52,3,0,0,0
P021,87,F,54.6,22,7,0,0,1
P022,39,M,66.2,122,7,0,0,0
P023,34,M,48.0,103,4,0,0,0
P024,56,M,64.1,61,6,0,0,0
P025,50,M,57.0,61,4,0,0,0
P026,90,M,66.0,39,8,0,0,0
P027,89,F,77.2,33,5,0,0,0
P028,66,M,38.0,38,5,0,0,1
P029,48,F,56.4,45,5,0,0,0
P030,73,M,67.3,54,6,0,0,0
P031,64,M,64.2,50,3,0,0,0
P032,31,F,58.4,100,4,0,0,0
P033,85,M,80.9,42,6,0,1,1
P034,87,F,75.3,40,10,0,0,0
P035,40,F,55.5,120,4,0,0,0
P036,49,M,57.8,76,7,0,0,0
P037,70,F,48.8,32,12,0,0,0
P038,32,M,65.3,90,2,0,0,0
P039,50,M,63.3,85,1,0,0,0
P040,30,M,63.8,106,1,0,0,0
P041,27,F,80.4,78,3,0,1,0
P042,48,M,68.7,114,3,0,0,0
P043,31,M,77.9,113,3,0,1,0
P044,27,F,66.0,153,2,0,1,0
P045,25,F,69.4,123,3,0,0,0
P046,57,F,69.5,51,2,0,0,0
P047,61,F,75.3,36,3,0,0,0
P048,67,F,65.5,53,7,0,1,1
P049,25,M,59.0,114,5,0,0,0
P050,74,M,62.0,75,4,1,0,1
P051,62,F,55.9,42,4,0,0,0
P052,35,M,54.7,90,2,0,0,0
P053,84,M,58.3,33,6,0,1,1
P054,19,M,64.0,160,1,0,0,0
P055,46,M,48.5,73,2,0,0,0
P056,65,M,66.7,59,4,1,0,0
P057,89,F,66.3,25,6,0,0,1
P058,61,F,84.3,60,4,0,0,0
P059,32,M,72.3,108,3,0,1,1
P060,71,F,80.8,74,7,0,0,0
P061,36,F,62.5,77,1,1,0,0
P062,53,F,75.9,83,4,0,0,0
P063,63,F,74.8,46,5,0,0,1
P064,84,M,50.8,40,4,0,0,0
P065,63,M,58.5,75,10,0,0,0
P066,44,F,63.8,72,6,1,0,0
P067,82,M,64.6,33,1,0,0,0
P068,38,M,69.1,143,5,0,0,0
P069,65,M,66.6,71,7,0,0,0
P070,77,M,54.1,48,5,0,0,0
P071,67,F,61.7,66,7,0,0,1
P072,28,M,61.7,110,4,0,0,0
P073,35,M,47.1,56,4,1,0,0
P074,45,F,71.2,68,1,1,0,1
P075,75,F,75.5,50,5,0,1,1
P076,32,M,62.6,82,6,0,0,0
P077,57,F,76.4,55,1,0,0,0
P078,82,M,66.2,41,3,0,0,0
P079,68,M,53.2,51,6,0,0,0
P080,82,F,63.2,79,5,0,0,0
P081,76,M,63.3,47,7,0,0,1
P082,75,F,58.0,32,6,0,0,1
P083,59,F,81.0,89,7,0,0,0
P084,22,M,56.8,152,2,0,0,0
P085,77,M,50.8,36,4,0,0,0
P086,37,F,60.9,72,1,0,0,0
P087,90,F,58.6,24,8,0,1,1
P088,43,M,46.7,84,5,0,0,0
P089,20,M,81.7,160,1,0,0,0
P090,75,M,78.3,56,6,0,0,0
P091,89,M,79.0,43,4,0,0,0
P092,37,M,54.2,68,2,0,0,0
P093,41,M,40.0,58,3,0,0,0
P094,37,F,65.6,95,3,0,1,0
P095,87,F,55.5,31,8,0,0,1
P096,29,F,57.4,67,3,0,0,0
P097,64,F,60.3,46,6,1,0,1
P098,65,M,62.2,58,8,0,0,1
P099,43,F,64.3,86,4,0,0,0
P100,78,M,56.8,32,6,0,0,1
P101,22,M,59.9,112,2,0,0,0
P102,52,F,66.8,110,5,0,0,0
P103,41,M,62.7,111,8,0,0,1
P104,22,M,66.1,116,2,0,0,0
P105,55,M,53.4,58,5,0,0,0
P106,81,F,92.5,62,4,0,0,0
P107,82,F,52.9,25,5,0,0,1
P108,69,F,93.4,66,6,0,1,0
P109,39,M,81.2,109,6,0,0,0
P110,66,M,54.7,55,3,0,0,1
P111,36,F,77.3,97,1,0,0,0
P112,64,F,84.3,86,9,0,0,0
P113,72,F,38.0,27,5,1,0,1
P114,89,M,42.2,23,5,0,0,1
P115,41,M,63.1,94,2,0,0,0
P116,63,F,67.2,64,4,1,0,1
P117,46,F,59.0,61,2,0,0,0
P118,73,F,79.7,40,4,0,0,0
P119,47,F,70.4,107,4,0,0,0
P120,79,F,54.6,42,7,0,0,1
P121,71,F,64.7,46,2,0,0,1
P122,30,F,57.3,96,2,0,0,0
P123,73,F,64.9,45,3,0,0,1
P124,42,F,46.0,72,4,0,0,0
P125,69,F,72.2,60,3,0,0,0
P126,85,F,61.6,44,7,0,0,1
P127,85,M,62.1,59,5,0,0,0
P128,33,F,54.8,70,4,0,1,0
P129,75,F,71.1,49,6,0,0,0
P130,46,M,57.1,118,4,0,1,0
P131,44,M,88.0,123,1,0,1,0
P132,62,F,47.1,44,2,0,0,0
P133,63,F,74.4,44,3,0,0,0
P134,77,M,62.7,53,4,1,0,0
P135,33,F,69.6,82,2,0,0,0
P136,26,M,67.0,138,1,0,0,0
P137,58,F,59.2,37,8,1,0,0
P138,43,F,51.5,48,4,0,0,0
P139,84,M,75.9,40,7,0,1,1
P140,85,M,71.6,32,4,0,0,0
P141,52,F,76.5,77,1,0,1,0
P142,46,M,80.5,155,5,0,0,0
P143,26,F,62.2,160,1,1,0,0
P144,63,M,50.8,43,5,0,0,0
P145,44,M,53.9,121,4,0,0,0
P146,49,M,64.9,97,1,0,0,0
P147,58,F,66.5,58,4,0,1,0
P148,36,F,64.2,82,3,0,0,0
P149,77,F,61.5,34,2,0,0,0
P150,89,M,74.8,59,4,1,0,0
P151,80,M,63.7,49,3,0,0,1
P152,21,F,53.8,110,2,0,1,0
P153,56,F,96.9,102,3,0,0,0
P154,18,M,59.8,99,1,1,0,0
P155,34,F,70.6,79,5,0,0,0
P156,57,F,54.0,44,4,0,0,0
P157,50,F,63.6,74,1,0,0,0
P158,39,M,68.9,110,1,0,1,0
P159,52,F,59.3,45,3,0,0,0
P160,29,F,73.7,143,4,0,0,0
P161,61,F,59.9,48,3,0,0,0
P162,20,F,57.2,107,1,0,0,0
P163,32,F,66.9,75,3,0,1,0
P164,76,F,81.3,43,6,0,0,0
P165,63,F,77.6,53,5,0,1,0
P166,75,M,66.5,42,6,0,1,1
P167,53,F,75.4,84,3,0,1,1
P168,48,F,60.4,101,2,0,0,0
P169,57,F,49.9,98,2,0,0,0
P170,53,M,70.7,108,2,0,0,0
P171,38,F,57.4,72,1,1,1,1
P172,37,F,68.9,104,1,0,0,0
P173,51,F,64.9,70,3,0,0,0
P174,74,F,62.2,37,3,0,0,1
P175,73,M,48.4,40,2,0,0,1
P176,53,F,69.8,83,6,1,0,1
P177,27,M,64.9,144,4,0,0,0
P178,43,M,70.6,85,3,0,0,0
P179,41,F,79.3,148,4,0,0,0
P180,49,M,67.7,117,2,0,0,0
P181,33,M,70.9,114,6,0,1,1
P182,81,M,58.6,33,7,0,0,1
P183,75,F,63.3,47,4,1,0,0
P184,31,F,57.5,76,4,0,0,0
P185,53,M,59.3,66,7,0,1,0
P186,32,F,81.9,160,1,0,0,0
P187,58,M,62.9,61,7,0,0,0
P188,82,M,64.7,33,2,0,0,0
P189,24,M,47.9,119,2,0,0,0
P190,89,M,74.5,43,7,1,0,0
P191,19,F,55.0,157,3,0,0,0
P192,65,M,48.1,45,5,0,0,0
P193,39,F,72.7,160,5,0,0,0
P194,61,F,53.2,38,1,0,0,0
P195,61,M,71.7,61,4,0,0,0
P196,42,M,74.7,84,3,0,0,0
P197,73,M,70.9,48,9,0,0,0
P198,66,F,63.3,41,3,0,0,0
P199,88,F,84.6,49,3,1,0,0
P200,34,F,69.7,110,2,0,0,0
P201,31,F,50.4,59,3,0,1,0
P202,55,F,50.6,43,4,0,0,1
P203,31,F,46.0,91,2,0,0,0
P204,22,M,49.7,94,1,0,0,0
P205,19,M,71.4,135,1,0,0,0
P206,64,M,59.2,52,5,0,0,0
P207,37,F,76.0,122,2,0,0,0
P208,19,M,61.7,160,1,1,0,0
P209,69,M,63.8,59,3,0,0,0
P210,59,M,62.6,57,5,0,0,1
P211,20,F,64.2,136,2,0,1,0
P212,89,F,53.8,21,7,0,0,0
P213,86,M,60.4,37,5,0,1,0
P214,63,F,63.7,101,3,0,0,0
P215,65,M,61.7,129,9,0,0,0
P216,45,M,53.8,142,2,0,0,0
P217,57,F,63.3,59,6,0,0,1
P218,66,M,76.8,74,4,0,0,0
P219,19,M,84.5,160,2,0,1,0
P220,46,F,60.4,67,5,0,0,0
P221,21,F,85.6,150,3,0,0,0
P222,73,F,65.3,49,4,0,0,0
P223,87,F,68.4,49,6,1,0,1
P224,60,M,52.8,54,4,1,0,0
P225,67,M,70.2,70,1,0,0,0
P226,45,F,79.9,113,5,0,0,0
P227,21,F,66.3,90,4,0,0,0
P228,78,M,81.3,58,12,0,0,0
P229,83,F,64.4,34,8,0,0,1
P230,19,F,54.3,95,3,0,0,0
P231,43,M,61.7,68,2,0,1,0
P232,81,F,72.6,38,4,0,1,0
P233,29,F,48.2,65,9,0,0,1
P234,60,F,49.3,43,4,0,0,0
P235,41,M,70.1,110,7,1,0,1
P236,52,F,61.9,62,4,0,0,0
P237,25,F,67.0,127,1,0,0,0
P238,68,F,57.1,39,1,0,0,0
P239,65,M,66.4,68,2,0,0,0
P240,83,F,60.9,36,1,0,1,1
P241,37,F,59.3,73,4,1,0,1
P242,44,M,80.8,112,7,0,0,0
P243,90,F,47.2,20,4,0,0,0
P244,26,M,78.5,112,3,0,0,0
P245,26,F,45.6,82,3,0,1,1
P246,71,M,56.1,53,5,0,0,0
P247,31,M,41.4,68,4,0,1,0
P248,41,F,62.8,117,1,0,0,1
P249,65,M,84.4,107,1,1,1,0
P250,42,M,71.2,104,1,1,1,0
P251,42,M,70.6,146,5,0,0,0
P252,40,F,84.0,103,4,0,0,0
P253,46,M,60.7,158,5,0,0,0
P254,58,F,62.8,66,5,0,0,0
P255,43,M,52.3,59,4,0,0,0
P256,63,M,54.4,62,8,0,0,0
P257,64,M,85.9,160,4,0,0,0
P258,55,M,64.7,59,5,1,0,1
P259,81,F,70.7,41,8,0,0,1
P260,53,M,38.0,61,6,0,0,0
P261,71,M,56.1,45,8,0,0,1
P262,21,M,49.6,87,2,0,0,0
P263,77,M,72.8,50,4,0,0,1
P264,32,F,52.6,71,4,1,0,0
P265,83,F,83.7,37,9,0,0,1
P266,88,M,73.6,27,9,0,0,0
P267,19,M,85.2,160,3,0,1,0
P268,59,F,76.5,54,4,0,0,0
P269,31,F,70.3,60,3,0,0,0
P270,71,F,84.4,48,3,0,0,0
P271,21,F,65.9,127,1,0,0,0
P272,45,F,69.5,75,5,0,0,0
P273,54,F,73.1,55,5,0,0,0
P274,79,M,80.4,54,5,0,0,0
P275,50,F,50.4,45,1,0,1,0
P276,41,F,74.2,160,1,0,1,0
P277,65,M,76.7,69,5,0,1,1
P278,27,F,57.5,88,2,0,0,0
P279,18,M,84.3,150,2,0,0,0
P280,33,F,42.1,106,1,0,0,0
P281,45,M,65.7,86,1,0,0,0
P282,61,F,56.3,40,6,0,0,0
P283,34,M,65.8,115,1,0,1,0
P284,70,F,60.3,46,4,0,1,1
P285,54,F,88.5,104,4,0,0,0
P286,38,F,90.8,112,5,0,0,0
P287,59,M,60.9,80,6,0,0,1
P288,21,M,79.4,160,3,0,0,0
P289,68,M,60.3,88,4,0,1,1
P290,42,F,78.2,94,4,0,0,0
P291,22,F,69.0,106,4,1,0,0
P292,26,M,64.7,146,3,0,0,0
P293,57,F,69.2,62,3,0,0,0
P294,27,F,84.0,108,4,0,0,0
P295,43,M,60.9,85,3,1,0,0
P296,74,F,67.2,45,2,0,0,0
P297,63,F,50.7,51,6,0,0,0
P298,86,F,63.1,50,4,1,0,0
P299,47,M,67.2,93,3,0,0,0
P300,35,F,64.2,81,5,0,0,0
P301,54,F,54.4,41,1,0,0,0
P302,47,F,74.7,58,3,0,0,0
P303,69,M,55.7,44,2,0,1,0
P304,31,F,61.7,159,2,0,0,0
P305,77,M,61.5,39,7,0,0,0
P306,64,M,38.0,40,8,0,0,0
P307,28,M,47.3,86,4,0,0,0
P308,60,F,74.1,62,2,0,0,1
P309,35,F,56.2,53,3,0,0,0
P310,64,M,80.1,82,5,0,1,0
P311,54,F,67.5,57,2,0,0,0
P312,37,F,69.7,77,1,0,0,0
P313,42,F,51.7,40,2,0,0,0
P314,63,F,66.9,70,3,0,0,0
P315,49,F,77.4,124,5,0,0,0
P316,24,F,42.2,64,4,0,1,1
P317,51,F,64.8,48,2,0,1,0
P318,89,F,62.1,23,4,0,0,1
P319,77,F,70.9,48,3,0,0,1
P320,87,F,75.5,39,5,0,0,0
P321,50,F,71.5,77,4,0,0,0
P322,49,M,71.9,105,2,0,0,0
P323,54,F,48.7,59,6,1,0,1
P324,48,M,58.2,90,3,0,1,1
P325,88,F,88.1,40,5,0,0,1
P326,31,F,57.3,75,2,0,0,0
P327,63,F,82.8,82,2,0,0,0
P328,47,M,71.6,75,4,0,1,0
P329,46,F,38.0,37,3,0,0,0
P330,30,F,64.0,138,1,1,0,0
P331,30,M,38.0,95,2,0,1,0
P332,87,F,73.0,39,5,0,0,1
P333,56,F,85.0,88,3,1,0,0
P334,64,M,52.1,38,2,0,0,0
P335,61,M,59.7,62,4,0,0,0
P336,77,M,63.7,56,2,0,0,1
P337,35,M,53.9,96,2,0,0,0
P338,54,F,69.6,77,1,0,0,0
P339,25,F,76.2,101,1,0,0,0
P340,69,M,64.9,51,1,0,1,0
P341,38,M,71.2,94,1,0,1,0
P342,40,M,68.3,120,3,0,0,0
P343,23,F,53.4,59,3,0,0,0
P344,90,M,50.1,23,6,0,0,0
P345,70,M,53.0,36,2,0,0,0
P346,71,M,67.5,60,3,0,0,0
P347,69,M,77.3,46,4,0,0,1
P348,68,F,55.6,43,2,0,0,0
P349,18,M,58.0,115,3,0,0,0
P350,19,F,54.5,62,4,1,0,0
P351,77,F,66.7,36,4,0,1,1
P352,84,F,77.8,41,1,0,0,0
P353,21,M,46.4,122,1,0,0,0
P354,20,F,55.7,72,1,0,1,1
P355,46,M,79.0,100,4,0,0,0
P356,56,M,72.8,111,4,0,0,0
P357,23,F,65.6,74,4,0,0,0
P358,52,M,63.5,64,5,0,0,0
P359,34,M,68.3,99,3,0,0,0
P360,53,M,83.1,90,3,0,1,0
P361,63,F,54.5,42,4,0,0,1
P362,23,M,74.2,113,1,0,0,0
P363,89,M,75.1,43,7,0,0,0
P364,54,F,83.0,74,4,0,0,0
P365,50,F,62.8,64,3,0,0,0
P366,56,F,60.7,69,3,0,0,0
P367,64,F,67.3,76,4,0,0,0
P368,47,F,67.8,63,4,0,0,0
P369,74,F,76.8,48,4,0,0,1
P370,33,F,64.5,99,4,0,0,0
P371,37,F,65.0,81,5,0,1,0
P372,42,M,73.7,110,1,0,0,0
P373,66,M,53.2,51,2,0,0,0
P374,53,F,68.0,73,2,0,1,0
P375,87,F,75.0,61,3,1,0,0
P376,25,M,64.1,93,1,0,0,0
P377,78,M,70.9,38,5,0,0,0
P378,18,M,73.7,160,4,0,0,0
P379,77,F,60.7,37,1,0,0,0
P380,39,M,76.8,160,3,0,0,0
P381,89,F,60.4,26,3,0,0,1
P382,63,M,74.9,64,8,0,0,0
P383,76,M,48.6,57,5,0,0,0
P384,86,F,55.1,40,7,0,0,0
P385,81,F,84.0,52,4,0,0,0
P386,26,F,61.3,74,3,0,0,0
P387,29,M,58.1,118,6,0,0,0
P388,60,F,62.7,46,4,0,0,0
P389,53,M,61.8,102,2,0,1,0
P390,74,M,65.0,46,3,1,0,0
P391,77,M,69.1,69,5,0,0,1
P392,30,M,74.7,93,2,0,1,1
P393,47,F,67.8,107,3,0,1,0
P394,59,M,47.1,48,4,0,0,1
P395,66,M,73.3,56,5,0,0,0
P396,45,M,50.4,65,3,0,0,0
P397,88,M,70.5,41,6,0,0,0
P398,34,F,90.9,160,4,0,0,0
P399,44,F,84.0,97,3,0,0,0
P400,83,M,65.6,54,10,0,0,1
