batch,binder_pct,disintegrant_pct,compression_kN,lubricant_pct,dissolved_30min_pct
B01,2.9,5.4,12.8,1.26,75.3
B02,3.7,2.1,14.4,1.22,71.3
B03,5.2,6.5,10.7,1.63,75.4
B04,3.1,4.0,12.8,1.73,70.4
B05,5.3,6.6,16.6,1.85,68.2
B06,2.4,4.8,15.5,1.89,71.2
B07,3.7,2.2,17.8,1.66,63.4
B08,5.4,2.2,15.8,1.06,63.2
B09,2.8,2.8,14.1,0.69,69.1
B10,3.2,2.4,17.8,1.94,59.7
B11,3.4,2.1,16.6,1.04,65.4
B12,2.8,4.6,13.6,0.84,74.6
B13,5.7,4.8,8.1,1.82,69.9
B14,4.2,4.0,18.2,1.07,65.9
B15,5.4,3.3,13.8,1.02,67.9
B16,4.1,2.4,16.0,1.18,66.6
B17,3.0,6.9,12.3,1.61,81.1
B18,3.1,5.3,13.7,1.34,73.2
B19,5.8,7.3,11.2,0.83,76.7
B20,2.8,6.7,13.3,1.12,79.4
B21,2.0,4.4,17.3,1.48,72.2
B22,4.5,2.4,15.1,0.82,65.5
B23,3.4,3.9,8.5,0.68,77.9
B24,3.9,7.7,11.8,1.32,82.0
B25,2.5,7.0,10.2,1.81,82.5
B26,4.0,4.8,17.6,1.83,64.8
B27,2.6,3.5,19.3,1.17,68.8
B28,4.5,5.4,11.2,0.78,76.4
B29,2.0,6.7,11.7,1.11,84.6
B30,4.3,5.0,19.0,1.16,68.2
B31,4.3,4.7,17.3,1.64,65.6
B32,4.4,4.2,14.6,1.5,69.3
B33,4.7,3.4,11.7,1.56,66.3
B34,3.5,4.0,12.6,1.5,75.6
B35,4.9,4.7,10.0,1.88,72.0
B36,5.2,2.6,19.6,0.89,61.6
B37,5.6,7.6,11.5,0.59,77.5
B38,4.3,7.3,14.9,0.98,77.7
B39,5.8,3.1,15.2,0.87,61.5
B40,5.3,3.4,13.3,1.47,63.1
