patient_id,age,weight_kg,crcl_ml_min,clearance_L_h
K01,70,72.3,75,4.32
K02,57,88.8,69,5.67
K03,75,58.4,52,3.53
K04,79,68.3,77,4.79
K05,63,61.5,104,6.34
K06,45,67.3,111,6.11
K07,29,47.9,76,4.0
K08,61,53.0,79,4.83
K09,25,47.0,94,5.48
K10,33,67.4,132,7.39
K11,57,88.4,92,5.72
K12,72,67.4,90,4.82
K13,42,64.8,84,4.6
K14,30,59.2,132,6.99
K15,65,56.9,71,4.29
K16,20,91.5,116,6.49
K17,41,72.2,92,5.68
K18,42,67.7,85,5.17
K19,71,78.7,73,4.72
K20,22,44.7,90,5.13
K21,45,60.5,75,4.46
K22,37,71.1,141,7.37
K23,47,81.9,82,4.81
K24,20,72.0,97,5.64
K25,62,74.3,73,4.33
K26,42,69.9,89,5.27
K27,63,55.1,56,3.77
K28,23,60.3,85,5.06
K29,66,57.2,58,4.36
K30,50,62.6,73,4.43
K31,69,52.0,51,2.52
K32,46,69.7,79,4.37
K33,84,54.1,44,2.63
K34,34,65.1,86,5.54
K35,80,68.1,88,5.12
K36,64,86.4,71,4.82
K37,59,65.5,54,3.49
K38,35,43.4,53,2.89
K39,26,88.2,150,8.03
K40,64,77.1,68,4.77
K41,79,67.7,46,3.86
K42,28,53.9,73,4.07
K43,26,61.9,89,5.25
K44,20,76.1,113,6.23
K45,69,91.3,71,5.0
K46,76,81.0,56,3.99
K47,37,85.9,125,6.68
K48,64,71.9,84,5.38
K49,84,60.2,50,3.19
K50,50,52.2,63,3.59
K51,62,80.6,91,5.29
K52,53,46.3,64,3.94
K53,52,68.4,86,4.83
K54,32,89.4,122,6.85
K55,43,81.1,147,7.21
K56,42,52.7,89,5.34
K57,38,83.4,96,5.56
K58,50,55.1,63,4.15
K59,73,47.5,38,2.95
K60,34,62.5,111,5.54
