patient_id,age,bmi,baseline_hba1c,adherence_pct,diabetes_years,responder
T001,46,29.2,10.1,94,2.3,1
T002,66,22.4,8.3,76,10.1,0
T003,67,27.5,6.8,58,2.0,0
T004,65,26.2,7.6,69,6.6,0
T005,32,24.9,8.5,68,8.1,0
T006,52,31.8,8.5,86,12.0,0
T007,60,24.1,9.1,92,3.2,1
T008,58,23.3,8.3,88,4.2,1
T009,58,22.9,6.8,52,4.6,0
T010,33,31.2,9.9,80,1.3,1
T011,65,24.4,11.3,64,1.8,0
T012,61,26.8,9.1,88,2.0,1
T013,51,33.2,9.3,67,5.4,1
T014,77,31.7,8.2,60,4.2,0
T015,44,23.4,9.4,91,3.9,1
T016,56,25.7,9.1,79,4.3,1
T017,32,24.2,12.4,92,4.5,1
T018,34,29.9,7.3,100,3.6,1
T019,76,20.7,7.4,74,12.2,0
T020,69,19.5,9.1,63,4.3,1
T021,31,25.6,9.3,56,10.0,0
T022,62,18.0,6.8,85,0.9,1
T023,40,28.1,7.1,83,16.9,0
T024,45,28.8,9.3,92,5.3,1
T025,36,25.9,8.3,100,2.4,1
T026,43,18.7,10.2,70,9.5,0
T027,41,32.9,9.5,69,4.4,0
T028,30,26.5,8.3,91,4.5,1
T029,55,24.2,11.9,49,10.2,1
T030,36,18.0,7.7,91,5.6,0
T031,34,31.8,7.8,91,4.9,1
T032,37,30.0,7.2,62,0.6,0
T033,42,24.8,9.7,70,2.3,0
T034,50,30.2,11.8,51,9.6,1
T035,32,28.8,9.4,89,9.3,1
T036,63,27.8,10.7,56,5.2,1
T037,49,28.4,6.9,76,4.8,0
T038,37,25.8,10.5,83,9.0,0
T039,72,19.3,10.1,70,2.1,0
T040,64,28.8,9.9,82,2.2,1
T041,46,22.1,8.6,98,2.1,1
T042,47,23.2,9.4,84,5.8,1
T043,62,19.6,8.3,62,3.9,0
T044,50,24.4,9.5,80,5.7,1
T045,65,24.9,8.6,54,17.7,0
T046,33,23.7,7.6,87,4.1,1
T047,76,28.7,8.4,63,5.9,0
T048,67,30.1,7.7,77,9.4,0
T049,34,29.3,10.9,87,4.3,0
T050,43,20.4,6.9,85,6.3,0
T051,79,23.9,8.1,85,2.1,1
T052,71,26.1,9.5,78,7.0,1
T053,33,24.4,8.5,65,10.1,0
T054,54,34.0,9.7,74,4.6,0
T055,30,28.3,8.0,70,3.1,1
T056,52,29.4,9.4,65,7.0,0
T057,65,36.0,9.3,72,2.1,1
T058,46,22.1,9.5,55,2.3,0
T059,55,23.3,10.1,79,3.1,1
T060,77,23.5,10.8,78,3.7,1
T061,67,30.7,8.7,61,15.5,0
T062,33,27.8,8.4,97,0.5,1
T063,80,26.4,9.0,85,1.4,1
T064,70,31.1,8.8,79,6.6,0
T065,30,26.9,7.5,52,9.2,0
T066,46,28.0,7.4,55,4.9,0
T067,62,21.4,7.0,92,17.2,0
T068,38,29.1,7.3,85,8.5,0
T069,41,30.7,7.1,100,3.3,1
T070,34,28.0,9.8,61,5.3,0
T071,40,22.4,9.4,92,22.1,1
T072,68,28.8,9.4,76,1.1,0
T073,64,24.7,7.4,61,3.1,0
T074,69,28.3,9.7,70,11.8,0
T075,46,33.9,8.3,74,5.8,0
T076,73,26.4,10.1,60,5.2,0
T077,56,26.9,8.1,83,7.9,0
T078,64,34.0,8.0,81,6.1,0
T079,55,18.0,8.1,75,5.6,1
T080,33,22.6,7.3,83,3.4,1
T081,43,20.3,10.0,79,3.5,0
T082,62,24.2,7.7,81,6.7,0
T083,68,27.9,8.1,76,7.6,0
T084,70,29.8,10.1,78,1.7,0
T085,51,26.3,6.8,72,5.3,0
T086,47,25.7,8.5,100,2.5,1
T087,70,21.0,8.1,79,5.5,0
T088,59,26.3,10.1,91,7.1,1
T089,41,27.2,8.3,74,10.6,0
T090,78,25.0,11.2,86,6.4,1
T091,32,28.5,8.1,78,4.2,0
T092,39,31.1,7.0,69,8.3,0
T093,49,27.3,10.3,80,4.8,0
T094,51,33.3,6.8,55,1.0,0
T095,51,23.6,9.0,91,2.7,1
T096,31,25.5,7.5,88,18.2,0
T097,80,23.4,10.3,88,14.0,1
T098,64,25.6,9.3,92,1.4,1
T099,65,18.0,7.3,67,3.9,0
T100,40,25.2,9.3,67,0.5,0
T101,32,22.8,8.3,73,2.7,0
T102,49,30.6,8.7,79,16.0,0
T103,73,29.3,8.5,70,2.4,0
T104,50,22.0,9.4,60,9.5,0
T105,74,33.2,10.0,74,5.5,1
T106,47,27.5,9.3,65,6.7,0
T107,69,25.8,9.8,90,6.7,1
T108,62,24.5,10.7,55,14.6,0
T109,63,27.5,7.3,79,1.7,1
T110,74,22.0,8.4,82,3.8,0
T111,35,24.7,11.0,94,3.7,1
T112,67,27.2,9.8,80,2.2,0
T113,67,25.1,10.1,91,6.1,1
T114,75,21.3,6.8,100,4.2,1
T115,53,29.6,8.6,76,7.7,1
T116,66,20.7,6.8,68,0.9,0
T117,78,24.9,9.0,97,15.0,1
T118,50,20.0,9.1,77,5.9,1
T119,77,25.8,7.5,70,2.8,0
T120,68,23.4,8.9,100,3.4,1
T121,61,27.8,10.5,61,3.1,1
T122,33,34.8,8.3,85,1.0,0
T123,47,24.8,8.4,68,6.6,1
T124,55,30.9,7.9,71,3.5,0
T125,77,28.7,7.5,60,7.5,0
T126,36,25.1,7.1,77,0.5,0
T127,56,21.2,10.4,64,4.2,0
T128,39,32.6,8.7,70,18.4,0
T129,36,25.9,8.4,86,6.6,0
T130,80,25.4,7.1,80,11.9,0
T131,38,29.3,7.9,51,4.5,0
T132,66,34.5,10.0,83,2.8,0
T133,62,26.2,10.6,54,7.6,0
T134,59,20.7,9.7,91,3.8,1
T135,46,23.3,9.7,92,6.8,1
T136,37,30.6,9.5,100,8.7,1
T137,33,33.2,8.1,86,5.2,1
T138,49,21.1,8.7,61,1.9,0
T139,40,30.0,6.9,59,2.4,0
T140,47,24.9,8.9,81,2.2,1
T141,73,22.4,9.3,71,1.8,0
T142,75,25.9,8.5,73,5.6,0
T143,45,28.0,6.9,60,6.6,0
T144,80,23.9,9.3,80,5.0,0
T145,56,25.8,9.0,100,7.0,1
T146,65,28.7,7.4,77,9.9,0
T147,51,36.0,9.3,78,3.4,0
T148,62,33.8,7.8,82,2.5,0
T149,58,24.0,7.5,75,9.1,0
T150,59,23.2,8.4,100,8.1,1
T151,32,36.2,9.6,50,8.5,0
T152,46,22.7,8.7,82,2.7,1
T153,52,24.5,8.4,83,2.4,0
T154,45,28.4,9.3,73,7.0,1
T155,62,28.7,9.8,84,10.8,1
T156,76,25.2,8.2,84,1.9,1
T157,53,18.0,7.0,86,3.2,0
T158,59,20.5,7.8,96,1.3,0
T159,35,25.7,10.1,51,0.7,0
T160,75,26.5,8.3,51,2.6,0
T161,73,28.2,8.4,74,4.5,1
T162,80,28.4,6.8,94,2.7,0
T163,54,20.5,9.4,85,5.4,1
T164,45,30.9,9.1,73,7.1,1
T165,57,24.9,10.6,100,16.9,1
T166,52,24.7,10.0,92,16.0,1
T167,76,26.3,8.2,100,1.9,0
T168,70,21.8,10.3,79,6.5,1
T169,72,21.4,10.4,66,13.1,0
T170,46,27.3,8.7,64,4.1,1
T171,43,25.8,7.9,76,6.0,0
T172,59,28.9,7.5,76,5.0,0
T173,80,33.3,7.8,88,4.4,0
T174,73,34.2,9.0,71,5.7,0
T175,46,30.2,9.5,60,2.5,0
T176,53,28.4,8.4,58,2.3,0
T177,62,27.8,9.6,95,1.7,1
T178,40,31.8,9.0,100,2.8,1
T179,62,33.3,7.9,57,11.3,0
T180,60,21.0,8.7,71,5.7,1
T181,51,25.2,9.3,78,0.6,1
T182,31,25.8,8.7,74,4.8,1
T183,65,24.5,8.2,30,6.8,0
T184,54,20.8,9.7,74,6.0,0
T185,40,33.0,7.8,92,17.5,0
T186,50,29.5,9.1,68,7.4,0
T187,46,20.8,10.3,89,2.9,1
T188,49,28.0,8.0,83,0.5,1
T189,57,27.9,11.0,93,5.6,1
T190,44,33.4,8.3,68,16.2,0
T191,34,24.6,7.6,100,6.8,1
T192,52,21.6,8.2,82,3.2,0
T193,50,26.6,10.9,88,1.8,1
T194,58,33.6,10.5,100,1.9,1
T195,40,25.4,6.8,72,4.8,0
T196,55,26.7,9.1,71,8.1,0
T197,53,25.4,9.6,70,0.5,0
T198,70,23.9,8.5,67,3.8,0
T199,35,27.8,8.9,91,5.3,1
T200,80,33.8,7.8,93,1.3,1
T201,55,28.2,7.8,77,2.8,1
T202,75,27.0,9.4,99,14.1,1
T203,49,30.1,6.8,65,2.5,0
T204,70,39.8,9.2,59,2.6,0
T205,33,31.3,9.8,69,14.4,0
T206,49,32.4,8.9,66,3.8,0
T207,66,26.3,9.7,90,4.4,1
T208,35,34.0,8.9,73,5.7,1
T209,80,27.3,9.0,98,11.4,1
T210,40,24.0,11.0,81,6.5,0
T211,64,31.0,7.9,74,5.8,0
T212,44,23.2,7.4,72,8.7,0
T213,46,28.3,8.7,72,3.2,1
T214,36,24.0,7.0,72,8.2,0
T215,74,33.0,8.7,100,3.4,1
T216,55,30.8,11.5,81,2.1,1
T217,50,28.9,7.6,78,6.8,0
T218,80,22.9,8.9,88,13.1,1
T219,58,31.7,7.9,53,12.4,0
T220,72,21.0,10.0,96,4.8,1
T221,46,21.8,9.3,100,1.3,1
T222,69,27.5,9.6,90,7.5,1
T223,40,22.5,10.4,85,8.4,1
T224,62,32.3,8.8,63,3.5,0
T225,80,19.3,7.4,66,1.8,0
T226,71,31.8,6.8,74,8.8,0
T227,62,27.6,9.6,85,6.5,1
T228,37,31.2,10.7,100,4.7,1
T229,80,18.0,6.8,57,2.2,0
T230,63,26.3,7.3,85,2.5,1
T231,37,31.1,9.7,64,6.2,1
T232,62,25.1,6.9,77,1.8,0
T233,38,28.1,7.8,100,8.2,1
T234,79,24.0,7.5,89,7.5,0
T235,72,21.6,9.5,67,6.9,1
T236,47,29.5,7.3,95,5.5,0
T237,31,20.5,9.1,79,3.7,1
T238,68,31.6,9.1,80,4.4,1
T239,68,25.5,9.1,83,24.0,0
T240,43,21.9,8.5,68,2.6,0
T241,50,29.4,6.8,82,2.1,0
T242,71,23.0,8.4,65,4.5,0
T243,76,29.7,7.9,87,2.6,0
T244,33,30.5,8.7,90,2.4,1
T245,44,29.3,9.2,82,4.5,1
T246,67,20.2,9.5,45,15.8,0
T247,66,34.8,8.3,89,3.2,0
T248,37,27.8,9.9,52,9.9,0
T249,33,22.5,9.4,100,10.9,1
T250,79,30.5,10.9,79,14.7,1
T251,53,24.1,11.6,93,10.6,1
T252,39,28.6,9.3,61,11.7,0
T253,71,20.5,8.6,66,7.3,0
T254,63,26.8,7.5,92,2.1,0
T255,80,27.7,11.1,69,5.6,1
T256,37,25.5,9.6,80,13.3,1
T257,47,28.2,6.9,90,2.5,0
T258,80,25.8,9.0,71,2.2,1
T259,31,32.1,7.9,85,2.4,1
T260,77,19.2,7.3,89,10.7,0
T261,47,28.3,8.3,69,19.2,0
T262,75,29.0,8.4,97,3.5,1
T263,67,29.7,9.7,54,9.3,0
T264,65,22.8,8.1,77,2.5,1
T265,31,22.0,10.0,69,1.1,1
T266,47,18.0,7.0,81,5.9,0
T267,78,24.0,9.1,75,11.6,1
T268,33,22.5,8.8,81,8.5,0
T269,80,29.9,7.7,61,11.5,0
T270,39,28.7,7.9,81,5.0,0
T271,45,30.3,7.8,72,22.3,0
T272,68,21.5,9.0,59,5.2,0
T273,67,31.0,9.5,85,8.2,0
T274,70,19.5,8.3,100,6.8,1
T275,59,21.7,8.7,72,9.4,0
T276,58,28.4,10.0,73,6.4,1
T277,31,18.1,8.9,94,8.5,1
T278,54,22.3,9.1,85,3.6,0
T279,41,30.3,9.7,77,4.9,1
T280,46,23.7,9.1,75,8.4,1
T281,46,26.9,7.0,77,6.1,1
T282,75,32.4,7.6,80,7.6,1
T283,42,29.0,11.6,74,1.5,1
T284,60,18.8,8.7,86,1.0,1
T285,50,27.9,7.5,61,6.2,0
T286,57,28.0,6.8,67,6.4,0
T287,56,26.1,9.6,93,4.6,1
T288,71,22.5,8.2,100,1.4,0
T289,30,37.7,9.2,94,3.1,1
T290,75,35.7,9.0,81,8.7,0
T291,30,28.1,10.2,100,3.6,1
T292,58,21.1,10.0,63,3.2,1
T293,60,27.9,9.6,67,12.1,0
T294,43,18.7,9.8,87,5.0,1
T295,74,26.9,8.4,75,11.0,0
T296,41,25.1,8.7,63,8.7,0
T297,36,32.0,8.3,55,3.7,0
T298,65,19.1,6.8,54,3.5,0
T299,31,26.1,9.0,90,12.5,1
T300,79,18.0,11.7,52,22.5,1
