patient_id,age,daily_doses,pill_count,monthly_cost_rs,pharmacist_counselling,sms_reminders,distance_km,lives_alone,pdc_percent
A001,79,3,8,1930,0,1,9.7,0,48.1
A002,47,1,8,2770,0,0,6.3,0,67.6
A003,45,2,3,340,1,0,4.7,1,87.3
A004,65,1,5,790,0,0,15.8,0,66.6
A005,41,1,6,170,0,0,5.8,0,76.6
A006,69,4,6,460,1,0,8.1,0,64.8
A007,57,1,8,1050,0,0,13.7,0,84.4
A008,81,2,6,820,0,0,7.7,1,57.4
A009,45,3,3,1070,1,1,6.3,1,72.5
A010,50,3,3,420,0,0,3.7,0,69.5
A011,62,1,3,450,1,0,2.6,0,88.6
A012,55,4,3,2330,1,1,22.9,0,57.7
A013,80,3,2,970,1,0,12.4,1,89.0
A014,60,1,5,800,0,0,6.0,0,79.4
A015,63,2,6,530,1,0,5.7,1,79.6
A016,35,3,3,280,1,0,10.9,1,71.1
A017,58,4,2,300,0,0,10.4,0,62.3
A018,37,2,2,260,0,0,4.9,0,76.2
A019,73,2,1,1220,0,0,6.5,0,65.5
A020,53,2,3,190,1,1,7.8,0,92.9
A021,50,1,2,340,0,1,11.1,0,76.8
A022,60,1,4,1300,0,1,8.5,0,78.7
A023,64,2,10,1580,1,0,19.7,0,73.3
A024,81,1,3,600,0,0,8.2,0,80.6
A025,34,2,3,850,0,0,0.4,0,60.0
A026,56,3,3,1920,1,0,3.2,0,74.0
A027,45,2,2,770,1,0,12.2,0,73.8
A028,60,4,4,2210,1,1,3.5,0,75.1
A029,47,2,1,1330,0,0,6.2,0,62.6
A030,32,1,6,1330,0,0,9.5,0,65.9
A031,34,1,2,1120,1,0,7.6,0,81.1
A032,34,3,1,470,1,0,4.6,0,76.4
A033,53,1,2,1050,1,1,25.4,0,83.4
A034,37,2,5,400,1,1,20.9,0,68.0
A035,43,2,3,290,1,0,4.1,1,72.2
A036,50,3,1,1920,1,1,12.4,0,62.0
A037,53,2,4,220,1,0,2.3,0,82.9
A038,52,1,1,460,1,0,6.2,0,90.5
A039,66,1,3,270,0,0,18.0,1,71.9
A040,59,4,4,180,0,1,10.3,0,68.6
A041,58,1,3,330,1,0,1.3,0,85.8
A042,35,2,2,960,1,0,9.6,0,93.7
A043,60,1,4,470,0,0,9.6,0,59.2
A044,78,1,3,440,1,0,5.5,1,78.3
A045,70,4,3,440,0,1,12.2,0,63.1
A046,79,1,3,380,1,0,3.5,0,99.3
A047,53,3,4,890,1,0,3.8,1,71.4
A048,84,1,8,1500,0,1,8.7,0,56.4
A049,32,3,4,1170,1,0,8.9,0,68.6
A050,68,1,2,420,0,0,25.3,0,73.7
A051,57,3,2,120,0,0,18.3,0,73.0
A052,78,1,7,1570,1,0,18.0,0,75.1
A053,73,3,7,60,0,0,2.8,0,76.1
A054,85,2,4,410,1,0,14.2,1,65.3
A055,74,3,5,70,1,0,8.0,0,71.0
A056,33,1,2,1080,0,0,1.9,0,90.4
A057,47,4,5,350,0,0,3.5,0,41.7
A058,66,1,5,250,1,0,4.1,0,86.5
A059,58,1,4,710,1,0,13.3,0,96.0
A060,83,2,4,50,0,0,10.9,0,77.5
A061,81,2,4,790,0,1,2.6,0,67.1
A062,84,2,2,980,0,0,5.7,1,65.0
A063,70,1,2,700,1,0,1.1,0,91.4
A064,58,1,1,680,1,1,2.9,0,100.0
A065,42,4,3,350,0,1,5.2,0,73.3
A066,72,1,7,1460,0,1,7.8,0,83.7
A067,83,2,7,610,0,0,20.0,0,65.7
A068,68,1,7,1220,0,0,2.0,0,80.9
A069,32,2,8,200,0,0,17.4,0,68.0
A070,49,2,1,430,1,0,7.9,0,80.4
A071,57,1,4,1090,0,0,3.3,0,71.7
A072,50,2,3,550,0,0,7.7,1,63.0
A073,69,1,8,1140,0,0,7.4,0,80.3
A074,83,3,5,690,1,1,1.2,0,94.3
A075,37,4,6,670,0,0,1.3,0,74.8
A076,32,3,6,1100,1,0,10.2,0,76.9
A077,73,3,1,920,0,1,19.7,0,61.8
A078,50,1,3,1470,1,1,21.1,1,94.7
A079,62,2,6,140,1,0,14.1,0,69.9
A080,35,1,3,890,0,0,9.2,1,82.8
A081,36,2,3,390,0,0,8.8,0,72.0
A082,67,1,2,1260,0,0,8.2,0,72.9
A083,53,1,1,390,1,0,6.8,0,100.0
A084,59,1,1,660,0,0,1.3,0,73.2
A085,81,2,5,1240,0,1,18.9,0,81.6
A086,72,4,6,1190,1,0,1.3,0,72.2
A087,51,1,3,2240,1,0,0.5,0,71.4
A088,76,2,3,1810,0,0,10.2,0,72.9
A089,80,2,5,520,0,1,3.7,1,67.6
A090,31,3,4,540,0,0,15.2,0,62.2
A091,77,1,2,720,1,0,14.6,0,82.0
A092,80,2,4,600,1,0,11.9,1,77.8
A093,73,4,2,710,1,1,7.1,0,77.0
A094,56,2,8,1680,0,0,16.6,0,65.5
A095,83,1,6,570,1,1,5.7,1,85.6
A096,49,2,4,900,0,0,7.5,0,74.0
A097,54,2,3,1190,1,0,5.8,1,61.1
A098,36,1,6,210,0,0,23.6,1,74.7
A099,79,2,7,790,0,1,8.1,0,84.6
A100,66,3,6,550,1,1,1.2,0,90.3
A101,31,2,3,530,0,1,11.2,0,69.1
A102,76,3,9,180,0,1,8.7,0,63.2
A103,50,3,3,560,0,0,20.0,0,56.3
A104,84,1,5,260,1,0,4.5,0,87.1
A105,63,2,5,750,0,0,4.4,1,68.5
A106,66,2,6,360,0,0,3.6,0,86.1
A107,41,1,4,320,0,0,10.0,0,75.1
A108,50,1,2,1070,0,0,5.2,1,84.0
A109,79,2,4,1420,1,0,4.9,0,68.3
A110,55,1,1,410,1,1,3.5,0,100.0
A111,60,2,2,1040,0,1,11.8,0,79.9
A112,42,2,7,720,0,0,0.8,1,75.7
A113,68,1,2,230,0,1,3.7,0,70.1
A114,78,3,9,190,1,1,3.0,0,81.3
A115,51,2,3,190,0,1,17.1,1,74.9
A116,42,3,4,420,1,0,3.3,0,75.8
A117,42,4,4,60,1,0,10.3,1,62.8
A118,84,4,6,1850,0,1,6.5,1,53.2
A119,66,1,9,660,0,1,1.9,0,85.8
A120,39,2,3,990,0,1,2.3,0,72.5
A121,65,1,4,610,0,1,4.7,1,97.3
A122,80,4,7,390,0,0,4.1,0,53.0
A123,53,1,3,510,0,1,6.9,0,81.9
A124,62,1,6,630,1,1,8.5,0,84.4
A125,75,1,6,100,0,0,13.4,0,83.2
A126,54,2,5,1200,0,1,4.6,1,77.3
A127,69,3,4,1600,1,0,15.0,0,66.3
A128,35,2,4,380,1,0,1.9,0,91.1
A129,34,3,1,1150,0,0,12.5,0,45.0
A130,50,2,6,1790,0,0,11.9,0,64.2
A131,65,4,5,1550,0,1,4.5,0,79.3
A132,76,1,5,440,1,0,7.0,0,79.2
A133,61,2,5,530,0,1,1.9,1,61.6
A134,81,2,2,190,0,0,7.1,1,75.0
A135,74,1,7,470,1,0,22.6,0,85.2
A136,83,2,5,180,0,0,12.4,1,60.3
A137,66,2,1,120,1,0,3.0,0,99.1
A138,45,2,5,520,0,0,3.7,0,64.5
A139,74,1,4,510,1,0,18.6,0,68.7
A140,34,3,3,330,0,1,5.6,0,74.6
A141,51,1,5,810,1,0,3.8,1,68.8
A142,36,1,1,420,0,1,4.2,0,81.8
A143,76,2,3,610,0,0,4.8,0,84.4
A144,61,2,4,430,0,0,7.3,0,87.0
A145,33,2,8,590,1,1,2.4,0,73.6
A146,80,1,3,2240,0,0,5.0,0,85.7
A147,36,2,4,970,0,0,10.9,0,70.0
A148,43,3,3,2290,0,0,8.7,0,44.9
A149,38,1,5,550,0,1,7.3,0,67.3
A150,40,2,2,410,1,0,10.7,0,81.1
A151,74,1,4,560,0,0,2.5,0,83.6
A152,43,1,4,2140,0,0,9.6,0,63.5
A153,68,2,6,500,0,1,0.9,0,77.4
A154,79,4,9,2050,0,0,3.6,0,47.9
A155,47,3,5,970,0,0,15.4,0,54.0
A156,42,3,5,570,0,0,10.7,1,58.9
A157,56,3,6,580,0,0,16.5,0,57.1
A158,36,4,4,790,1,0,2.3,0,78.5
A159,39,2,2,470,0,1,8.3,0,70.1
A160,66,1,4,1340,0,1,19.3,0,80.6
A161,39,1,1,770,1,0,11.4,1,62.1
A162,35,1,3,1640,1,1,13.2,0,90.7
A163,30,2,3,640,1,0,9.0,0,78.2
A164,69,3,3,1070,1,0,16.7,0,84.0
A165,48,2,3,280,0,0,5.5,0,81.4
A166,74,1,3,1180,0,0,6.0,0,72.1
A167,66,3,4,420,1,1,7.1,1,78.5
A168,40,2,1,1190,0,1,8.8,0,64.5
A169,80,2,1,1130,1,0,1.5,0,81.3
A170,43,1,2,420,1,1,12.8,0,90.2
A171,44,2,2,2310,1,0,3.5,0,72.6
A172,64,2,4,870,0,0,1.9,1,55.2
A173,78,1,5,460,1,0,9.8,0,85.7
A174,76,1,4,300,0,0,2.5,0,93.9
A175,77,3,5,350,1,0,3.2,0,89.7
A176,65,1,5,310,0,0,12.7,1,67.6
A177,56,2,2,360,0,0,34.2,0,66.0
A178,74,3,6,1350,0,1,4.3,1,61.1
A179,43,3,3,370,0,1,8.8,1,65.5
A180,72,1,4,660,1,0,2.8,0,85.7
A181,54,3,4,500,1,1,6.6,0,74.5
A182,38,1,4,820,0,1,8.4,0,89.9
A183,60,3,5,970,1,1,6.2,0,78.7
A184,49,2,5,750,0,0,9.7,0,53.1
A185,79,2,4,670,0,0,5.9,0,76.8
A186,48,2,5,880,0,1,0.5,0,80.5
A187,74,1,6,1190,0,0,11.3,0,77.8
A188,70,1,3,210,1,0,2.2,0,87.8
A189,71,1,5,460,0,0,11.0,0,90.0
A190,56,1,2,1840,0,1,11.6,0,70.9
A191,48,2,3,1050,0,0,18.5,0,52.7
A192,55,1,4,1140,0,1,2.5,0,77.3
A193,33,1,2,750,1,1,6.6,0,91.5
A194,62,2,5,450,0,0,1.5,0,82.5
A195,79,2,3,670,1,0,8.2,0,98.8
A196,35,2,7,1990,0,0,9.8,0,64.9
A197,71,3,5,990,0,1,4.4,1,71.9
A198,77,2,8,530,1,1,6.8,0,81.5
A199,48,4,3,1310,1,0,12.0,0,70.4
A200,32,4,2,460,1,0,11.1,0,67.2
A201,62,2,5,210,0,1,7.2,0,77.8
A202,31,3,2,790,1,1,4.2,0,83.2
A203,49,1,1,680,0,0,2.3,1,75.4
A204,43,2,4,1190,0,1,5.2,1,80.2
A205,80,1,4,730,0,0,12.3,1,81.2
A206,33,2,4,340,1,1,3.9,0,100.0
A207,53,1,4,890,0,0,10.7,0,77.8
A208,63,2,4,170,0,0,12.5,1,63.7
A209,75,3,3,2550,1,0,6.4,0,77.2
A210,61,1,3,250,0,0,0.8,0,85.0
A211,72,1,5,510,0,0,6.0,0,68.3
A212,79,3,2,540,0,1,1.6,0,73.9
A213,60,2,8,580,1,1,7.0,0,93.9
A214,34,2,4,880,1,0,8.1,0,84.8
A215,56,2,4,780,0,0,6.1,0,75.8
A216,83,4,5,1070,0,0,9.7,0,67.2
A217,82,2,1,530,1,1,8.8,0,72.6
A218,78,4,2,580,1,0,0.6,0,80.7
A219,40,1,3,1810,0,1,6.3,0,87.8
A220,66,3,4,1220,0,0,5.6,0,59.9
A221,78,2,4,860,1,0,4.3,1,70.9
A222,57,2,4,560,1,0,9.3,0,71.6
A223,72,4,4,1000,0,1,6.4,0,65.2
A224,32,2,6,790,1,1,5.3,0,86.0
A225,66,2,4,2020,1,1,9.1,0,78.0
A226,57,2,3,140,0,1,7.4,0,85.8
A227,36,2,1,230,0,1,4.0,0,94.4
A228,58,2,7,240,0,1,4.8,0,58.6
A229,30,2,3,940,1,1,7.1,1,81.5
A230,56,1,3,1030,0,0,5.8,0,83.8
A231,37,1,5,290,1,0,2.5,0,87.8
A232,37,1,3,1530,0,0,9.9,0,56.6
A233,38,2,3,250,0,0,15.0,0,70.0
A234,61,1,5,870,0,1,3.4,0,79.6
A235,52,2,2,990,0,0,4.0,1,70.5
A236,78,2,5,310,0,0,4.4,0,68.9
A237,54,3,6,240,0,0,2.4,0,74.9
A238,73,3,2,610,0,1,3.8,0,85.9
A239,47,3,1,920,0,0,3.1,0,61.3
A240,43,1,3,1340,0,0,3.8,0,71.8
A241,34,3,2,810,1,1,4.9,1,76.0
A242,60,4,3,1510,1,0,2.6,1,59.9
A243,37,2,2,770,1,0,15.0,0,77.6
A244,41,1,3,220,1,0,10.1,1,87.0
A245,75,2,1,680,0,1,25.1,0,78.1
A246,50,4,7,360,1,0,4.3,0,70.7
A247,49,1,4,560,1,1,6.9,0,100.0
A248,32,3,5,590,1,1,7.4,0,85.6
A249,58,2,7,1030,1,0,6.0,0,65.1
A250,31,1,5,820,1,0,9.8,0,93.5
A251,73,3,8,370,0,0,7.8,0,51.6
A252,45,2,3,310,0,0,6.1,0,69.8
A253,73,2,3,390,0,0,10.1,0,77.9
A254,78,1,5,470,0,1,20.7,1,81.2
A255,70,2,7,1860,0,0,9.3,0,53.5
A256,72,2,3,750,0,0,19.9,0,62.6
A257,59,2,2,330,1,0,0.7,0,89.5
A258,75,4,5,290,1,0,10.3,0,69.8
A259,69,3,5,490,0,0,2.9,0,67.3
A260,42,1,6,80,0,0,16.0,0,75.9
A261,81,3,5,70,1,1,9.2,0,91.5
A262,85,2,4,380,0,0,3.8,0,70.8
A263,43,4,2,410,1,0,17.8,0,68.3
A264,51,3,6,110,1,0,10.9,0,78.6
A265,72,2,11,290,0,0,14.2,0,57.1
A266,74,1,3,510,0,0,16.1,1,65.5
A267,45,2,5,680,0,0,24.5,0,45.2
A268,84,1,6,360,1,0,17.4,1,81.8
A269,62,2,6,640,0,0,0.9,1,69.0
A270,30,1,9,390,1,0,2.2,0,82.1
A271,39,4,2,620,1,0,2.3,0,77.5
A272,32,2,4,920,1,1,5.3,0,91.6
A273,32,3,3,570,1,0,8.2,0,94.5
A274,55,2,1,240,1,0,17.0,0,83.0
A275,67,4,4,740,1,0,3.9,0,75.9
A276,55,2,1,720,0,0,15.3,0,62.5
A277,34,1,12,510,0,0,10.4,0,78.8
A278,80,4,3,1310,0,1,8.4,0,64.7
A279,41,1,6,510,1,0,12.8,0,73.8
A280,54,2,7,560,0,0,4.5,1,60.0
A281,40,2,1,870,0,0,15.9,0,83.5
A282,75,4,3,600,0,1,10.8,0,84.4
A283,66,1,3,460,0,0,17.5,0,80.7
A284,53,2,3,1150,0,1,6.8,0,84.4
A285,77,3,6,260,0,1,3.7,0,65.1
A286,62,2,4,220,1,0,9.6,0,83.6
A287,49,3,4,1240,0,1,3.8,0,66.1
A288,32,2,4,560,0,0,3.9,1,63.7
A289,64,2,6,1400,0,0,3.1,0,70.4
A290,63,1,7,720,0,0,2.4,1,77.7
A291,67,1,4,670,0,1,9.8,0,91.9
A292,47,3,6,680,0,1,9.6,1,75.5
A293,32,1,2,310,0,1,5.9,0,100.0
A294,35,2,6,1140,1,1,0.8,1,63.1
A295,47,2,2,120,1,0,3.9,0,79.1
A296,68,1,4,990,1,0,12.8,0,88.5
A297,43,2,5,150,0,0,1.5,0,78.6
A298,80,2,3,540,0,1,13.6,0,78.7
A299,61,3,5,1270,1,0,5.5,0,66.2
A300,58,2,1,590,0,1,3.8,1,52.8
A301,82,2,7,630,0,0,5.8,0,59.6
A302,59,3,1,520,1,1,3.2,0,80.3
A303,74,2,3,390,0,0,3.7,0,88.8
A304,58,1,8,730,1,0,3.9,0,82.9
A305,35,2,3,520,0,0,10.2,0,69.9
A306,82,1,3,1760,1,0,6.7,0,75.2
A307,34,1,3,190,1,0,2.9,0,75.1
A308,42,3,5,560,0,0,5.1,0,61.8
A309,53,2,2,870,1,0,9.8,0,89.7
A310,32,4,6,240,0,0,2.9,0,54.2
A311,62,1,8,310,0,0,17.5,1,57.3
A312,33,3,1,320,0,1,9.8,1,83.2
A313,81,3,8,500,1,0,2.6,0,68.4
A314,39,2,2,1610,0,1,17.0,0,65.0
A315,36,1,8,910,1,0,6.6,1,65.0
A316,61,1,1,670,1,0,7.9,0,83.5
A317,70,4,6,260,1,1,10.8,0,66.9
A318,71,3,5,330,0,0,3.4,0,64.9
A319,43,2,3,130,1,1,12.6,0,95.2
A320,41,1,6,690,0,0,9.2,0,82.3
A321,72,1,2,920,0,0,8.6,0,89.6
A322,78,3,2,1120,0,1,5.3,1,80.8
A323,74,2,5,940,0,0,10.3,0,68.6
A324,84,1,8,1120,0,0,7.5,0,71.9
A325,68,2,4,370,0,0,5.8,0,74.6
A326,38,1,1,1140,1,1,19.4,1,86.7
A327,63,1,2,760,0,0,10.7,0,82.8
A328,31,3,3,660,0,1,8.4,0,82.6
A329,35,2,3,200,0,1,9.5,0,65.5
A330,85,2,7,760,1,0,1.6,0,90.9
A331,58,1,2,300,0,0,4.0,0,84.4
A332,57,1,3,1320,0,0,9.0,0,58.5
A333,34,4,1,2280,1,0,1.4,0,70.9
A334,80,1,6,1800,0,0,8.3,0,57.5
A335,45,4,5,320,0,0,5.1,0,67.0
A336,38,2,2,620,0,1,19.8,0,73.7
A337,63,2,1,400,0,1,14.5,1,70.9
A338,52,1,3,700,0,0,8.3,0,79.7
A339,38,1,1,190,0,0,4.3,1,76.5
A340,69,1,4,520,1,0,3.3,1,76.5
A341,63,1,5,1150,1,1,5.0,1,71.7
A342,45,1,5,180,1,0,2.0,1,68.1
A343,50,1,3,880,1,0,3.0,0,89.4
A344,75,2,2,450,1,1,7.3,1,83.7
A345,80,4,3,670,0,0,4.6,0,69.9
A346,54,2,3,580,0,0,0.7,0,79.4
A347,39,1,2,380,1,0,8.0,1,90.3
A348,71,3,3,930,1,0,3.9,1,72.1
A349,41,4,1,1320,0,0,6.4,0,64.2
A350,72,2,7,650,1,1,5.6,0,82.8
A351,84,2,8,1290,0,1,5.0,0,77.8
A352,64,1,2,680,1,0,1.3,1,95.3
A353,85,2,3,800,1,0,1.0,0,84.3
A354,81,2,5,140,0,1,7.3,0,70.0
A355,40,2,5,1260,1,0,5.5,0,78.3
A356,57,2,4,580,1,0,12.3,1,60.0
A357,36,3,2,620,0,1,9.9,0,88.9
A358,84,3,4,1200,0,1,8.8,0,71.5
A359,84,2,7,460,0,0,10.1,0,68.3
A360,40,1,6,380,0,0,0.7,0,77.9
A361,30,1,4,680,1,0,16.1,0,75.4
A362,66,3,2,500,0,0,6.0,0,64.1
A363,38,1,3,1250,0,1,1.0,0,95.8
A364,47,1,3,130,1,0,5.5,1,83.7
A365,57,2,4,2830,0,0,9.0,0,51.9
A366,56,2,5,1210,1,1,4.5,0,100.0
A367,35,3,2,1770,1,0,24.3,0,55.1
A368,52,1,3,480,0,0,11.5,0,85.2
A369,47,2,2,160,0,1,8.9,0,79.7
A370,85,2,7,120,1,1,2.4,0,85.0
A371,66,1,3,1250,0,0,10.9,0,69.6
A372,37,2,3,180,0,0,6.4,0,64.1
A373,73,1,3,1280,0,1,2.6,1,71.9
A374,60,1,5,220,0,0,16.0,0,68.7
A375,63,2,2,870,0,0,2.3,0,89.6
A376,58,2,5,720,1,0,3.3,0,97.4
A377,69,2,7,690,1,1,6.4,0,100.0
A378,63,2,1,140,0,0,13.2,0,79.6
A379,51,3,9,820,0,1,2.2,0,65.6
A380,36,2,3,290,1,1,28.8,0,77.3
A381,38,1,3,440,0,1,7.8,0,88.2
A382,56,3,4,760,0,1,7.5,0,54.7
A383,55,1,7,380,0,1,1.4,1,67.1
A384,78,2,8,2310,0,1,7.7,1,60.1
A385,54,1,2,240,1,0,11.2,0,76.3
A386,51,3,2,1030,0,0,33.8,0,53.0
A387,31,2,6,1090,1,1,8.4,0,75.8
A388,39,2,3,400,0,0,4.6,1,66.4
A389,67,1,1,1000,1,0,17.5,0,89.9
A390,32,2,5,600,1,0,13.8,0,73.4
A391,53,2,4,540,1,0,18.7,0,78.7
A392,33,1,2,670,0,0,3.6,0,59.0
A393,68,2,5,740,0,0,4.6,1,74.9
A394,79,2,3,1880,0,1,6.7,0,60.6
A395,68,2,3,1570,1,0,6.5,1,66.7
A396,62,2,5,380,0,0,6.6,0,72.4
A397,59,1,1,380,1,0,14.4,1,100.0
A398,36,1,1,1370,0,0,1.1,0,78.2
A399,62,2,3,850,0,0,4.1,0,76.1
A400,78,2,4,250,0,1,6.2,0,72.8
A401,31,1,4,1670,0,1,16.9,0,65.0
A402,80,2,8,430,1,0,15.2,0,55.1
A403,78,1,6,140,0,0,3.5,0,66.8
A404,53,1,3,650,0,0,3.9,0,84.8
A405,66,2,6,1480,0,0,18.5,0,63.9
A406,52,2,6,260,0,1,4.5,0,63.4
A407,83,2,2,70,0,1,4.4,0,100.0
A408,48,3,3,1290,0,0,2.8,1,63.4
A409,54,4,3,820,0,0,7.1,1,55.7
A410,58,1,4,890,0,0,2.5,0,83.8
A411,66,4,2,800,0,0,16.9,1,45.2
A412,70,3,6,1330,1,1,24.7,0,79.3
A413,54,3,1,780,0,0,5.3,0,84.8
A414,76,3,5,760,0,0,5.2,0,66.2
A415,31,4,1,230,1,0,3.9,0,71.4
A416,55,3,4,1460,0,0,0.4,1,63.8
A417,32,1,3,390,1,0,3.0,0,88.0
A418,53,2,5,1090,0,0,8.9,0,48.7
A419,30,1,3,170,1,1,1.4,0,100.0
A420,85,1,6,370,1,1,11.7,1,81.6
A421,63,3,4,1120,0,0,8.6,1,62.6
A422,79,2,3,770,1,1,13.8,0,87.6
A423,52,1,7,1290,1,1,5.9,0,82.7
A424,84,1,6,230,0,0,7.5,0,80.3
A425,44,3,4,430,0,0,7.7,0,57.8
A426,56,1,7,330,0,0,9.8,0,75.4
A427,70,1,3,370,1,0,2.7,0,92.6
A428,51,1,5,720,1,1,9.0,1,95.7
A429,72,1,1,120,0,1,1.9,1,82.5
A430,36,1,1,1490,0,0,10.3,1,66.3
A431,77,3,4,420,1,1,19.5,0,74.4
A432,36,3,1,690,1,0,2.7,0,76.3
A433,56,2,4,820,0,0,2.7,0,75.7
A434,61,1,5,700,0,0,7.2,0,79.5
A435,71,3,2,1350,0,0,4.2,0,70.7
A436,43,3,4,700,1,1,8.7,1,66.6
A437,83,1,3,10,1,0,8.0,0,84.9
A438,77,3,4,1020,0,1,11.4,1,74.2
A439,43,2,1,330,0,0,5.2,0,72.7
A440,61,3,3,490,1,0,7.9,0,83.1
A441,82,2,5,960,0,0,16.1,0,75.0
A442,85,3,1,580,0,0,1.3,0,69.7
A443,44,1,2,520,0,1,2.2,0,74.5
A444,46,4,5,480,1,1,5.5,0,72.1
A445,41,1,5,1040,1,0,4.0,0,86.2
A446,83,3,5,1030,1,0,10.5,0,68.4
A447,67,1,7,320,1,0,8.8,0,89.1
A448,44,1,3,220,0,1,6.8,0,90.8
A449,71,2,9,1390,0,1,10.3,0,59.1
A450,73,3,4,380,1,0,10.9,0,92.3
A451,37,1,7,1060,0,0,10.4,0,68.9
A452,31,2,2,720,0,0,15.3,0,56.0
A453,47,4,1,290,1,0,11.4,0,69.2
A454,85,3,6,170,0,0,21.6,1,57.2
A455,50,1,3,1180,1,0,9.1,0,92.7
A456,43,2,2,1100,0,0,9.8,0,43.7
A457,35,1,5,1890,1,0,3.8,0,79.2
A458,35,2,1,610,1,0,0.6,0,97.2
A459,85,3,3,610,1,0,9.0,0,88.4
A460,65,3,3,820,1,0,16.4,0,83.8
A461,64,2,4,450,0,1,4.6,0,67.1
A462,62,4,3,360,1,0,7.2,0,69.2
A463,59,3,4,780,0,0,14.3,0,73.4
A464,30,1,5,280,0,1,5.8,0,68.0
A465,79,2,3,820,1,0,4.7,0,69.7
A466,38,2,2,1330,1,1,18.8,1,79.6
A467,76,1,5,100,0,0,3.6,1,72.4
A468,33,2,3,1520,0,1,10.7,0,60.2
A469,69,2,5,1670,0,0,10.5,0,69.1
A470,54,1,4,270,0,0,0.6,1,83.6
A471,79,1,6,260,0,1,10.4,1,85.5
A472,60,2,3,600,1,1,24.6,0,76.4
A473,49,1,4,510,0,0,5.9,0,78.1
A474,60,2,7,410,1,1,2.8,0,87.3
A475,50,3,4,110,1,0,12.5,1,73.6
A476,53,4,6,410,1,1,14.4,0,66.9
A477,76,3,6,680,0,1,13.9,0,69.9
A478,62,3,4,670,1,1,11.1,0,92.7
A479,74,2,7,360,1,1,2.8,1,68.3
A480,31,3,4,1530,1,0,7.9,0,67.5
A481,74,2,2,1700,1,0,18.4,0,70.5
A482,35,2,4,130,0,0,4.2,1,71.2
A483,61,2,8,1090,0,0,22.9,0,47.2
A484,76,2,3,340,0,1,3.8,0,79.0
A485,55,2,4,1310,1,1,13.0,0,71.0
A486,56,2,5,330,0,0,10.8,0,65.0
A487,80,1,4,150,0,0,2.9,0,70.0
A488,32,3,3,330,1,0,2.3,0,85.2
A489,64,1,5,1920,1,1,3.7,0,93.4
A490,40,3,3,630,0,1,1.5,0,90.4
A491,71,2,1,170,1,0,3.5,0,80.9
A492,72,2,5,170,0,0,1.5,0,59.2
A493,70,3,10,1200,0,1,25.1,1,58.7
A494,35,2,5,800,0,0,4.5,0,60.5
A495,48,3,1,1150,1,1,0.6,0,93.8
A496,83,1,5,1610,1,1,10.5,1,65.0
A497,72,1,1,730,1,0,8.6,0,99.2
A498,42,1,5,880,0,1,7.0,0,61.1
A499,51,3,2,770,0,0,13.7,1,34.3
A500,31,3,3,1030,0,0,3.3,0,61.6
