patient_id,age,crcl_mL_min,nsaid,antiplatelet,liver_disease,prior_bleed,drug,major_bleed
H0001,71,92,1,0,0,0,A,0
H0002,59,50,0,0,0,0,A,0
H0003,72,37,0,0,0,0,B,0
H0004,69,73,0,0,0,0,B,0
H0005,44,41,0,1,0,0,A,0
H0006,63,39,0,1,0,0,A,0
H0007,79,73,0,1,0,0,A,0
H0008,78,39,0,0,0,0,A,0
H0009,48,57,1,0,0,0,B,0
H0010,76,121,1,0,0,0,B,0
H0011,50,70,0,0,0,1,A,1
H0012,77,63,0,1,0,0,A,0
H0013,64,12,0,1,0,0,A,0
H0014,47,78,0,1,0,0,B,0
H0015,75,55,0,0,0,0,A,0
H0016,69,157,0,1,0,0,B,0
H0017,92,12,1,0,0,0,A,0
H0018,66,119,1,1,0,0,B,0
H0019,75,75,0,0,0,0,A,0
H0020,90,54,0,0,0,0,A,1
H0021,52,94,0,0,0,0,B,0
H0022,52,75,0,1,0,0,B,0
H0023,47,106,1,1,0,0,B,0
H0024,42,107,0,0,0,0,B,0
H0025,64,83,0,1,0,0,A,0
H0026,83,29,0,0,0,0,A,0
H0027,48,52,0,0,0,1,A,0
H0028,64,37,0,0,0,0,A,0
H0029,30,78,0,0,1,0,B,0
H0030,85,23,0,0,0,0,A,0
H0031,56,62,1,0,0,0,B,1
H0032,60,75,0,0,0,0,B,0
H0033,53,110,0,1,0,1,B,0
H0034,76,75,1,0,0,0,A,0
H0035,63,47,0,0,0,0,A,0
H0036,64,81,1,1,0,0,B,0
H0037,44,109,0,0,0,0,B,0
H0038,48,47,0,0,0,0,A,0
H0039,74,39,0,0,0,0,A,0
H0040,65,101,1,0,0,0,B,1
H0041,74,97,0,1,0,0,A,0
H0042,68,39,0,0,1,0,A,1
H0043,60,53,1,0,0,0,A,0
H0044,68,30,0,0,0,1,A,0
H0045,67,70,0,0,0,0,B,0
H0046,92,58,1,0,0,0,A,1
H0047,44,107,0,0,0,0,B,0
H0048,49,80,0,0,0,0,B,0
H0049,53,44,0,0,0,0,A,0
H0050,80,75,0,0,1,0,A,0
H0051,63,70,0,0,0,1,A,0
H0052,64,78,1,0,0,0,A,0
H0053,58,30,0,0,0,0,A,0
H0054,60,114,0,0,0,0,B,0
H0055,41,99,0,1,0,0,B,0
H0056,52,117,0,0,0,0,B,0
H0057,84,62,0,0,0,0,A,0
H0058,80,57,1,0,0,1,A,1
H0059,62,78,1,0,0,0,B,0
H0060,60,108,1,0,0,1,B,1
H0061,51,115,0,0,0,0,B,0
H0062,60,155,1,0,0,1,B,0
H0063,49,68,0,0,0,0,B,0
H0064,74,127,0,1,0,0,B,0
H0065,69,67,0,0,0,0,A,0
H0066,77,101,0,0,0,1,A,1
H0067,62,62,1,1,0,0,A,1
H0068,58,41,0,0,0,0,A,0
H0069,53,50,0,0,0,0,A,0
H0070,66,108,0,0,1,0,B,0
H0071,69,99,0,0,1,0,A,0
H0072,86,36,0,1,0,0,A,0
H0073,48,46,0,0,0,0,B,0
H0074,48,71,0,0,0,0,B,0
H0075,69,73,0,1,0,0,A,1
H0076,62,55,0,0,1,1,A,0
H0077,51,17,0,0,0,0,B,0
H0078,76,41,1,0,0,0,A,1
H0079,64,88,0,1,0,0,B,0
H0080,71,61,1,0,0,0,A,0
H0081,74,41,0,0,0,0,A,0
H0082,60,85,0,0,0,0,B,0
H0083,85,64,1,0,0,0,A,1
H0084,68,97,0,0,0,1,B,0
H0085,67,64,1,1,0,0,A,0
H0086,56,75,0,0,0,0,B,0
H0087,59,79,0,0,0,0,B,0
H0088,37,90,0,1,0,0,B,0
H0089,60,72,0,0,0,0,A,0
H0090,66,150,0,0,0,0,B,0
H0091,66,39,0,1,0,0,A,0
H0092,75,110,0,0,0,0,A,0
H0093,53,55,0,0,0,1,B,0
H0094,70,126,0,0,0,0,B,0
H0095,65,67,0,0,0,0,A,0
H0096,61,118,0,1,0,0,B,0
H0097,79,52,0,0,0,0,A,0
H0098,66,113,0,1,0,0,B,0
H0099,86,61,0,1,0,0,A,0
H0100,43,91,1,1,1,1,B,0
H0101,80,113,0,0,0,0,A,0
H0102,53,18,0,0,1,1,A,0
H0103,58,66,1,1,1,0,B,1
H0104,65,91,0,1,0,0,A,0
H0105,66,45,0,0,0,0,A,0
H0106,48,62,0,0,0,0,A,0
H0107,95,71,0,1,0,0,A,0
H0108,89,67,0,0,0,1,A,0
H0109,64,89,0,1,0,0,A,0
H0110,51,74,1,0,0,1,B,0
H0111,61,42,0,0,0,0,A,1
H0112,70,112,0,1,0,0,B,0
H0113,37,19,1,0,0,0,B,0
H0114,58,46,0,1,0,0,A,1
H0115,62,45,1,0,0,0,A,0
H0116,71,68,1,0,0,0,A,0
H0117,39,91,0,1,0,0,B,0
H0118,74,65,0,0,0,0,A,0
H0119,54,70,0,1,0,0,B,0
H0120,82,118,0,0,0,0,B,0
H0121,47,127,0,0,0,0,B,0
H0122,43,95,0,0,0,0,B,0
H0123,67,23,0,0,0,0,B,0
H0124,68,61,0,0,0,0,A,0
H0125,75,88,0,1,0,0,B,0
H0126,41,150,0,1,0,0,B,0
H0127,53,50,0,0,1,1,A,0
H0128,69,101,1,1,0,0,B,0
H0129,71,72,0,0,0,0,B,0
H0130,68,93,0,0,0,0,B,0
H0131,59,23,1,1,0,0,A,0
H0132,56,150,1,1,0,1,B,0
H0133,82,76,0,0,0,1,A,0
H0134,73,87,0,0,0,0,B,0
H0135,49,91,0,0,0,0,B,0
H0136,72,51,0,0,0,0,A,0
H0137,61,76,0,0,0,1,A,0
H0138,43,113,1,0,0,0,B,0
H0139,54,69,0,0,0,0,B,0
H0140,67,72,0,1,0,0,A,0
H0141,51,85,0,0,0,0,A,0
H0142,64,112,1,0,0,0,B,0
H0143,56,65,0,0,0,1,B,0
H0144,78,78,0,0,0,0,A,0
H0145,42,98,0,0,0,0,B,0
H0146,59,67,0,0,0,0,B,0
H0147,83,73,0,1,0,0,A,0
H0148,46,121,0,0,0,0,B,0
H0149,60,80,1,0,1,0,B,0
H0150,83,12,1,1,1,0,A,1
H0151,64,100,0,0,0,0,B,0
H0152,60,106,0,0,0,0,B,0
H0153,63,87,0,0,0,1,A,0
H0154,70,88,0,0,0,0,B,0
H0155,38,124,1,1,0,0,B,1
H0156,57,69,0,1,0,0,B,1
H0157,93,83,0,0,0,0,B,0
H0158,48,28,0,0,0,0,B,0
H0159,56,97,0,0,0,0,B,0
H0160,86,64,1,0,0,0,A,0
H0161,79,62,0,0,0,0,A,0
H0162,52,118,0,1,0,0,B,0
H0163,32,94,1,1,0,0,B,0
H0164,54,59,0,1,0,0,B,0
H0165,84,61,0,1,0,0,A,0
H0166,86,70,0,0,0,0,A,0
H0167,56,62,1,0,0,1,A,0
H0168,71,73,0,0,0,0,B,0
H0169,87,99,0,1,0,1,A,0
H0170,67,51,0,0,0,0,A,0
H0171,61,61,0,0,0,1,A,0
H0172,70,79,0,0,0,0,A,0
H0173,74,12,0,0,0,0,A,0
H0174,58,31,1,1,0,0,A,0
H0175,57,103,0,1,0,1,A,0
H0176,50,65,0,1,0,0,A,0
H0177,49,71,0,1,0,0,A,0
H0178,53,120,0,0,0,0,B,0
H0179,68,79,0,1,0,1,A,0
H0180,74,66,0,1,0,0,A,1
H0181,48,93,1,0,0,0,B,0
H0182,59,91,1,0,0,0,B,0
H0183,53,64,1,0,0,0,B,0
H0184,55,91,0,0,0,0,B,1
H0185,73,12,1,0,0,0,A,0
H0186,71,57,1,0,0,0,A,0
H0187,63,82,1,0,0,0,A,0
H0188,48,80,0,0,0,0,A,0
H0189,52,103,0,0,0,0,B,0
H0190,69,83,0,0,0,0,A,0
H0191,56,71,0,0,0,0,B,0
H0192,62,102,0,0,0,0,A,0
H0193,74,62,0,0,0,0,B,0
H0194,60,70,1,0,0,0,A,0
H0195,95,49,1,0,0,0,A,1
H0196,57,136,0,1,0,0,B,0
H0197,72,56,0,0,0,0,A,0
H0198,58,47,0,1,0,0,A,1
H0199,55,49,0,0,0,0,A,0
H0200,76,74,0,1,0,0,A,1
H0201,60,60,0,1,0,0,B,0
H0202,90,37,0,1,0,0,A,0
H0203,86,97,1,1,0,0,A,0
H0204,58,66,0,1,0,0,A,0
H0205,48,79,0,0,1,1,B,0
H0206,69,46,1,0,0,0,A,0
H0207,49,79,1,0,0,0,A,0
H0208,47,109,1,0,0,0,B,0
H0209,47,42,0,1,0,0,A,0
H0210,63,88,0,0,0,0,A,0
H0211,62,102,0,0,1,0,B,0
H0212,73,64,0,0,0,0,B,0
H0213,77,87,0,0,0,0,A,0
H0214,87,59,0,1,0,0,A,0
H0215,61,101,0,1,0,1,B,0
H0216,52,90,0,0,1,0,A,0
H0217,65,65,0,0,0,0,A,0
H0218,47,128,0,1,0,1,B,0
H0219,35,109,0,1,0,0,B,0
H0220,65,121,0,1,0,0,B,0
H0221,78,76,0,0,0,0,A,1
H0222,67,38,0,1,0,0,A,0
H0223,64,76,0,1,0,0,A,0
H0224,55,133,1,0,0,1,B,0
H0225,46,55,0,0,0,0,B,0
H0226,69,70,0,0,0,1,A,1
H0227,57,77,0,0,0,0,B,0
H0228,63,76,0,0,0,0,A,0
H0229,57,99,0,0,0,0,A,0
H0230,65,49,0,0,0,0,A,0
H0231,67,88,0,1,0,0,A,0
H0232,40,94,1,0,0,1,B,0
H0233,82,96,0,0,0,0,B,0
H0234,95,51,1,0,0,1,A,0
H0235,69,65,0,0,0,0,B,0
H0236,69,60,0,0,0,0,A,0
H0237,61,26,0,1,0,0,A,0
H0238,46,70,0,1,0,0,B,0
H0239,51,122,0,1,0,0,B,0
H0240,44,87,0,0,1,0,B,0
H0241,82,62,0,1,0,0,B,0
H0242,54,102,0,0,0,0,B,0
H0243,74,56,0,0,0,0,A,0
H0244,51,43,0,0,0,0,A,0
H0245,88,77,1,0,0,0,A,1
H0246,59,83,0,1,0,0,A,0
H0247,80,53,0,0,1,0,A,1
H0248,25,108,1,0,0,0,B,0
H0249,66,87,1,1,0,0,A,0
H0250,62,45,1,0,0,0,A,1
H0251,49,128,0,0,1,0,B,0
H0252,65,89,1,1,0,1,A,0
H0253,67,88,0,1,0,0,A,0
H0254,81,48,1,0,0,0,A,0
H0255,73,87,1,0,0,0,A,0
H0256,61,88,0,0,0,0,A,0
H0257,67,66,1,1,1,0,A,0
H0258,74,38,1,0,0,0,A,0
H0259,56,80,0,0,0,0,B,0
H0260,51,99,0,1,0,0,B,0
H0261,71,75,0,0,0,0,A,0
H0262,49,92,0,1,0,0,A,0
H0263,54,100,0,0,0,0,B,0
H0264,64,35,0,0,0,1,A,0
H0265,71,133,0,0,0,0,A,0
H0266,39,110,0,0,0,0,B,0
H0267,43,114,0,0,0,0,B,0
H0268,85,77,0,0,0,0,A,0
H0269,61,40,0,0,0,0,A,1
H0270,72,87,0,1,0,0,A,0
H0271,58,16,0,0,0,1,A,0
H0272,50,128,0,1,0,1,B,0
H0273,54,61,0,0,0,0,B,0
H0274,58,128,0,0,0,0,B,0
H0275,65,78,0,0,0,0,A,0
H0276,57,56,0,0,0,0,A,0
H0277,41,121,0,0,0,0,B,0
H0278,52,123,0,1,0,0,B,0
H0279,63,94,0,0,1,0,B,0
H0280,67,109,0,0,0,0,B,0
H0281,57,47,0,0,0,0,A,0
H0282,69,120,0,0,0,0,A,0
H0283,84,71,0,1,0,0,A,0
H0284,76,56,0,1,0,0,B,0
H0285,60,89,0,0,0,0,A,0
H0286,62,68,0,1,0,0,B,0
H0287,57,135,0,0,0,0,B,0
H0288,69,42,0,0,0,0,A,0
H0289,64,39,0,0,0,0,B,0
H0290,77,91,0,0,0,0,B,0
H0291,78,85,0,1,0,0,B,0
H0292,48,46,0,0,1,0,A,0
H0293,57,67,1,0,1,0,B,0
H0294,82,101,0,0,0,0,A,0
H0295,79,76,1,0,0,0,A,0
H0296,69,86,1,0,0,0,B,0
H0297,67,72,0,1,0,0,A,0
H0298,62,67,0,0,0,0,A,0
H0299,83,46,0,0,0,0,A,0
H0300,65,74,1,1,0,0,A,0
H0301,95,67,0,1,0,0,A,0
H0302,75,35,1,0,0,1,A,0
H0303,84,22,0,1,0,0,A,1
H0304,71,68,0,0,0,0,A,0
H0305,63,76,0,0,0,0,A,0
H0306,77,102,0,0,0,1,B,0
H0307,52,117,0,0,1,0,A,0
H0308,73,68,0,0,0,0,B,0
H0309,88,29,0,0,0,0,A,1
H0310,42,103,0,0,0,0,B,0
H0311,64,70,0,1,0,0,A,1
H0312,62,56,0,0,0,0,B,0
H0313,42,38,0,0,0,0,A,0
H0314,69,61,0,0,0,0,A,0
H0315,71,70,0,0,0,0,B,0
H0316,82,45,0,0,0,0,A,0
H0317,68,46,1,0,0,0,A,0
H0318,64,101,0,0,0,0,B,0
H0319,66,87,0,0,1,0,B,1
H0320,70,57,0,0,0,0,A,0
H0321,59,102,0,0,0,0,B,0
H0322,59,39,0,0,0,0,A,0
H0323,69,29,0,1,0,0,A,0
H0324,61,93,0,0,0,0,B,0
H0325,71,48,0,0,0,0,A,1
H0326,66,81,1,0,0,0,B,0
H0327,44,89,0,1,0,0,B,0
H0328,62,77,0,1,0,0,B,0
H0329,72,80,1,0,0,1,A,1
H0330,82,75,0,1,0,1,A,0
H0331,72,31,0,1,0,0,A,0
H0332,76,12,1,0,0,0,A,0
H0333,67,106,0,0,0,0,B,0
H0334,51,101,0,1,0,0,B,0
H0335,81,92,0,0,0,0,A,0
H0336,58,115,1,0,0,0,B,0
H0337,50,18,0,0,0,0,A,0
H0338,56,128,0,0,0,0,B,0
H0339,76,115,1,0,0,0,A,0
H0340,72,88,1,0,0,0,A,0
H0341,63,65,0,1,0,0,B,0
H0342,56,68,0,0,0,0,A,0
H0343,87,12,1,0,0,0,A,0
H0344,56,87,1,1,0,0,B,1
H0345,95,94,1,0,0,0,A,0
H0346,69,85,0,1,0,1,A,0
H0347,68,79,0,0,0,0,B,0
H0348,84,86,1,0,0,0,A,1
H0349,76,60,0,0,0,0,A,0
H0350,63,72,0,0,1,0,B,0
H0351,56,69,0,1,0,0,B,0
H0352,73,119,0,0,1,0,B,0
H0353,60,80,0,0,0,0,B,0
H0354,72,70,0,0,0,0,A,0
H0355,72,128,0,0,0,0,B,0
H0356,52,75,0,0,0,0,B,0
H0357,58,78,0,0,0,0,B,0
H0358,54,91,0,0,0,0,B,0
H0359,81,122,1,0,0,0,A,0
H0360,61,36,0,0,0,0,A,0
H0361,72,54,0,0,0,1,A,1
H0362,92,62,1,1,0,0,A,1
H0363,66,115,0,0,0,0,A,0
H0364,42,107,0,0,0,0,B,0
H0365,42,95,0,1,0,1,A,0
H0366,78,53,0,0,0,0,A,0
H0367,77,78,0,1,0,0,A,0
H0368,60,123,1,0,0,0,B,0
H0369,64,81,0,0,0,0,A,0
H0370,51,68,0,1,1,0,B,1
H0371,90,34,0,0,0,0,A,0
H0372,67,86,0,1,0,0,A,0
H0373,58,62,1,0,0,0,A,0
H0374,59,95,0,0,0,0,B,0
H0375,78,44,1,0,0,0,A,1
H0376,61,78,1,1,0,0,A,0
H0377,82,75,0,0,0,0,A,0
H0378,87,58,0,1,0,1,A,1
H0379,49,96,0,0,0,0,B,0
H0380,37,114,0,0,0,0,B,0
H0381,82,64,0,0,1,0,A,0
H0382,72,23,0,1,0,1,A,1
H0383,50,74,0,0,0,0,B,0
H0384,41,97,1,0,0,0,B,0
H0385,62,57,1,1,0,0,A,0
H0386,78,38,0,1,0,0,A,1
H0387,60,64,0,0,0,0,B,0
H0388,46,101,0,0,1,0,B,0
H0389,75,88,0,1,0,0,A,0
H0390,41,111,1,0,0,1,B,0
H0391,30,83,0,0,0,0,B,0
H0392,58,45,1,0,0,0,B,0
H0393,76,100,0,0,0,0,B,0
H0394,65,128,0,0,0,0,B,0
H0395,54,70,0,1,0,0,B,0
H0396,38,65,0,1,0,0,B,0
H0397,52,77,0,0,0,0,A,0
H0398,53,69,0,0,0,0,B,0
H0399,47,92,1,0,0,0,B,0
H0400,80,87,0,0,0,0,B,0
H0401,48,100,1,0,0,0,A,0
H0402,72,80,0,0,0,0,B,0
H0403,72,38,0,0,0,0,A,0
H0404,83,160,0,0,0,0,B,0
H0405,60,87,0,0,0,0,A,0
H0406,74,85,0,0,0,0,A,0
H0407,54,63,0,0,0,0,A,0
H0408,75,92,0,1,0,0,B,0
H0409,78,56,1,0,0,1,A,0
H0410,63,74,0,0,0,1,A,0
H0411,79,54,0,0,0,0,A,0
H0412,66,78,0,0,0,0,A,0
H0413,65,44,1,0,1,0,B,1
H0414,62,26,1,0,0,0,A,0
H0415,69,79,0,1,0,0,B,0
H0416,74,57,0,0,0,1,A,0
H0417,68,98,1,0,1,0,A,0
H0418,83,65,1,1,0,0,A,1
H0419,71,46,0,0,1,0,A,0
H0420,72,31,0,0,1,0,A,0
H0421,76,108,1,0,0,0,B,0
H0422,61,93,0,0,0,0,B,0
H0423,68,48,0,0,0,0,A,0
H0424,67,84,0,0,0,0,A,0
H0425,55,35,0,1,1,0,A,0
H0426,57,65,0,0,0,0,A,0
H0427,30,94,0,0,0,0,B,0
H0428,78,134,0,1,1,0,B,0
H0429,85,76,0,0,0,0,A,0
H0430,73,68,0,0,0,0,A,0
H0431,68,67,1,0,0,0,A,0
H0432,72,122,0,0,0,0,B,0
H0433,58,125,0,0,0,0,B,0
H0434,29,117,0,1,0,1,B,0
H0435,59,115,0,0,0,0,B,0
H0436,60,86,0,0,0,0,B,0
H0437,63,73,0,0,0,0,A,0
H0438,63,48,0,0,0,0,B,0
H0439,53,79,0,1,0,1,A,0
H0440,78,82,0,0,0,0,A,0
H0441,50,78,1,0,0,0,A,0
H0442,56,88,0,0,0,0,B,0
H0443,88,59,0,0,0,0,A,1
H0444,58,72,0,0,0,0,A,0
H0445,45,63,0,0,0,0,B,0
H0446,55,78,0,1,0,0,B,0
H0447,74,31,0,1,0,0,A,0
H0448,81,34,0,0,0,0,A,0
H0449,89,81,0,0,0,0,A,0
H0450,38,54,0,0,0,1,A,0
H0451,65,59,0,0,0,0,A,0
H0452,71,70,0,0,0,0,B,0
H0453,74,53,0,0,1,0,A,0
H0454,40,44,1,1,0,0,A,0
H0455,84,107,1,0,0,1,A,0
H0456,71,45,0,0,0,0,B,0
H0457,53,69,0,0,0,0,A,0
H0458,60,28,1,1,0,0,A,1
H0459,71,106,0,0,0,0,B,0
H0460,53,64,0,0,0,0,A,0
H0461,55,145,0,0,0,0,B,0
H0462,70,84,0,0,0,1,A,0
H0463,80,73,1,1,0,0,A,0
H0464,82,15,0,0,0,0,A,0
H0465,83,51,1,1,1,0,A,1
H0466,71,45,0,0,0,0,A,0
H0467,66,67,0,0,0,0,A,0
H0468,58,77,0,0,0,0,A,0
H0469,94,70,0,1,0,1,A,1
H0470,73,31,0,0,0,0,A,0
H0471,85,12,0,0,0,0,A,1
H0472,28,99,1,0,0,0,B,0
H0473,39,105,0,0,0,0,B,0
H0474,59,79,0,1,0,0,B,0
H0475,53,68,0,0,0,0,A,0
H0476,52,76,0,0,0,0,B,0
H0477,60,136,1,1,0,0,B,0
H0478,65,78,1,0,0,0,A,0
H0479,58,131,0,0,0,0,B,0
H0480,73,53,0,0,0,0,A,0
H0481,35,81,1,0,0,0,B,1
H0482,60,73,0,0,0,0,B,0
H0483,81,89,0,0,0,1,A,0
H0484,70,71,0,0,0,0,B,0
H0485,67,108,0,0,0,0,B,0
H0486,69,123,0,1,0,0,B,0
H0487,29,128,0,1,0,0,B,0
H0488,41,105,0,0,0,0,B,0
H0489,47,27,0,0,0,0,B,1
H0490,55,113,1,0,0,0,B,0
H0491,77,66,0,0,0,0,A,0
H0492,61,137,0,1,0,0,B,0
H0493,51,87,0,1,0,0,A,0
H0494,58,76,1,0,0,1,A,0
H0495,50,37,1,0,0,0,A,0
H0496,66,80,0,0,0,1,A,0
H0497,78,49,1,0,1,0,A,1
H0498,59,95,0,1,0,0,A,0
H0499,67,44,1,0,0,0,A,1
H0500,63,75,0,1,0,0,B,0
H0501,60,22,1,0,0,0,A,0
H0502,67,101,1,0,0,1,B,0
H0503,51,91,0,0,0,1,B,0
H0504,85,50,1,1,0,1,A,0
H0505,70,70,0,0,1,0,A,0
H0506,60,160,0,0,0,0,B,0
H0507,59,133,1,0,0,0,B,0
H0508,55,112,0,0,0,1,B,0
H0509,71,71,0,1,0,1,B,1
H0510,67,57,1,1,0,0,A,1
H0511,71,104,0,1,0,0,B,0
H0512,70,39,0,1,0,0,A,0
H0513,69,57,0,0,0,0,A,0
H0514,67,24,0,0,1,0,A,1
H0515,76,64,0,0,0,0,A,0
H0516,88,39,0,0,0,0,A,0
H0517,55,148,0,0,0,0,B,0
H0518,74,61,0,0,0,0,A,0
H0519,81,18,1,1,0,1,A,1
H0520,56,100,0,0,0,1,A,0
H0521,68,61,0,0,0,0,A,0
H0522,84,23,1,0,0,0,A,1
H0523,75,60,0,0,0,0,A,0
H0524,62,74,1,0,0,0,A,0
H0525,52,128,0,0,0,0,B,0
H0526,57,87,0,1,0,0,B,0
H0527,78,38,1,0,0,0,A,0
H0528,80,37,0,0,0,0,A,0
H0529,45,74,0,0,0,0,B,0
H0530,67,81,0,0,0,0,B,0
H0531,79,38,0,1,0,1,A,0
H0532,72,94,0,0,0,0,A,0
H0533,60,104,0,0,1,1,B,0
H0534,54,63,0,0,0,0,B,0
H0535,73,48,1,0,0,0,A,0
H0536,63,34,1,0,1,0,A,0
H0537,60,91,0,0,0,0,B,0
H0538,73,74,0,0,0,0,B,0
H0539,46,82,0,1,0,0,B,0
H0540,75,95,0,0,0,0,A,0
H0541,80,120,1,0,0,0,B,0
H0542,63,71,1,0,0,0,A,0
H0543,68,96,0,0,0,0,B,0
H0544,50,89,0,0,0,0,B,0
H0545,68,96,0,0,0,0,A,1
H0546,57,56,0,0,0,0,B,0
H0547,56,64,0,1,1,0,B,0
H0548,66,66,1,0,0,0,A,0
H0549,63,84,1,1,0,0,A,0
H0550,61,69,0,0,0,0,A,0
H0551,57,160,0,0,0,0,B,0
H0552,65,113,0,0,0,0,A,0
H0553,45,44,1,0,0,0,A,0
H0554,67,87,0,0,0,0,A,0
H0555,60,69,1,0,0,0,B,0
H0556,76,76,0,0,0,0,A,1
H0557,81,73,0,1,0,0,B,0
H0558,64,80,1,0,0,0,A,0
H0559,57,127,0,1,0,0,B,0
H0560,77,84,0,1,0,0,A,0
H0561,73,38,1,1,0,0,A,0
H0562,67,92,1,1,0,0,B,0
H0563,67,96,0,0,0,0,A,0
H0564,61,66,0,1,0,0,B,0
H0565,86,112,0,0,0,0,B,0
H0566,77,90,0,0,0,1,A,0
H0567,50,62,0,0,0,0,A,0
H0568,57,86,0,0,0,0,A,0
H0569,74,74,0,1,0,0,A,0
H0570,56,118,0,1,0,0,B,0
H0571,72,40,0,0,0,0,A,1
H0572,48,101,0,0,1,0,B,0
H0573,69,53,0,0,0,0,A,1
H0574,70,118,0,0,0,0,B,0
H0575,70,13,0,1,0,0,A,0
H0576,82,85,0,1,0,0,B,0
H0577,67,26,0,0,0,0,B,1
H0578,55,85,0,1,0,0,B,0
H0579,82,27,0,0,0,0,A,0
H0580,45,39,0,0,0,0,B,0
H0581,71,61,0,0,0,0,A,0
H0582,78,12,0,0,0,0,A,0
H0583,54,102,0,0,0,0,B,0
H0584,63,69,0,1,0,0,A,0
H0585,74,36,0,0,0,0,A,0
H0586,74,51,0,0,0,1,A,0
H0587,63,124,0,1,0,0,B,0
H0588,60,92,0,0,0,0,B,0
H0589,45,127,0,0,0,0,B,0
H0590,83,82,0,0,0,0,A,0
H0591,56,115,0,0,0,0,B,0
H0592,72,63,0,1,0,1,A,1
H0593,48,103,1,0,1,0,B,0
H0594,75,100,1,1,0,0,B,0
H0595,70,69,0,0,0,0,A,1
H0596,71,62,0,1,0,0,A,0
H0597,56,59,0,0,0,1,A,0
H0598,57,118,0,0,0,1,B,0
H0599,62,32,0,0,0,0,B,0
H0600,68,78,0,0,0,0,A,0
H0601,59,79,0,0,0,0,B,0
H0602,88,67,0,0,0,0,A,0
H0603,92,12,0,0,0,1,A,1
H0604,57,101,1,0,0,0,B,0
H0605,83,67,1,1,0,0,A,0
H0606,85,100,0,1,0,0,A,0
H0607,78,105,0,0,0,0,A,0
H0608,66,139,0,0,0,1,A,0
H0609,56,80,1,0,0,0,B,0
H0610,60,53,0,1,0,0,A,0
H0611,58,68,0,1,0,0,A,0
H0612,45,64,0,0,0,0,B,0
H0613,64,113,0,1,0,0,B,0
H0614,72,71,0,0,0,0,A,0
H0615,59,53,0,0,0,0,A,0
H0616,57,42,0,1,0,0,B,0
H0617,74,79,0,0,1,0,A,0
H0618,60,87,0,1,0,0,B,0
H0619,62,39,1,1,0,0,B,0
H0620,62,72,0,1,0,1,A,0
H0621,38,108,0,0,0,0,B,0
H0622,48,97,1,0,0,0,B,0
H0623,55,120,1,0,0,0,B,0
H0624,88,72,0,0,0,0,A,0
H0625,72,69,0,0,0,0,A,0
H0626,46,89,1,0,0,0,B,0
H0627,81,42,0,0,0,0,A,0
H0628,84,53,0,0,0,0,A,0
H0629,72,40,0,0,0,0,A,0
H0630,59,27,0,0,0,0,A,0
H0631,62,99,0,1,0,0,B,0
H0632,84,71,0,0,0,0,A,0
H0633,64,18,0,1,0,0,A,0
H0634,77,79,1,0,0,0,A,0
H0635,53,108,0,1,0,0,A,0
H0636,84,160,0,0,0,0,B,0
H0637,29,109,0,0,0,0,A,0
H0638,82,78,0,1,0,0,A,0
H0639,44,63,0,0,0,0,A,0
H0640,68,51,0,0,0,0,A,0
H0641,79,23,1,0,0,0,A,1
H0642,53,64,0,0,0,1,A,0
H0643,54,60,0,0,0,0,B,0
H0644,68,39,0,0,0,0,A,0
H0645,74,31,0,1,0,1,A,1
H0646,88,108,0,1,0,0,A,0
H0647,57,105,1,0,0,0,A,0
H0648,72,65,1,0,0,0,A,0
H0649,80,100,0,0,0,0,A,0
H0650,54,95,0,1,1,0,A,0
H0651,56,54,0,0,0,0,B,0
H0652,64,123,1,0,1,0,B,0
H0653,79,100,0,0,0,0,A,0
H0654,77,90,0,0,0,0,A,0
H0655,69,78,0,0,0,0,B,0
H0656,58,52,0,0,0,0,A,0
H0657,57,125,0,0,1,0,B,0
H0658,75,127,0,0,0,0,B,0
H0659,60,69,1,0,0,1,A,0
H0660,57,38,1,0,0,0,A,0
H0661,54,71,0,0,0,0,B,0
H0662,63,104,0,1,0,0,A,0
H0663,47,97,1,1,0,0,B,0
H0664,79,64,0,0,0,1,A,0
H0665,71,22,0,1,0,0,A,0
H0666,95,21,0,1,0,0,A,1
H0667,81,80,0,0,0,0,A,0
H0668,48,78,0,0,0,0,A,0
H0669,58,26,1,1,0,0,A,1
H0670,80,66,0,0,0,0,B,0
H0671,61,75,1,1,0,0,A,0
H0672,86,38,0,0,0,0,A,0
H0673,85,96,0,1,0,0,B,0
H0674,65,74,0,0,0,0,A,1
H0675,69,57,1,0,0,0,A,0
H0676,43,51,0,0,0,0,A,0
H0677,60,95,1,0,0,0,B,0
H0678,54,71,0,0,0,0,B,0
H0679,70,26,0,0,0,0,A,0
H0680,64,106,0,1,0,0,B,0
H0681,62,50,0,1,1,0,A,0
H0682,65,83,0,0,0,0,A,0
H0683,53,101,0,0,0,0,A,0
H0684,51,88,0,0,1,0,A,0
H0685,77,64,0,1,0,0,A,0
H0686,59,24,1,0,0,0,A,0
H0687,40,83,0,1,0,1,A,0
H0688,71,115,0,0,0,0,B,0
H0689,72,57,1,1,0,0,B,0
H0690,90,65,0,0,0,0,A,0
H0691,85,81,0,0,0,0,A,0
H0692,66,73,0,0,0,0,A,0
H0693,46,97,0,0,0,0,B,0
H0694,70,24,0,1,0,0,A,0
H0695,67,42,0,1,0,0,B,1
H0696,81,68,0,1,0,0,A,0
H0697,57,60,1,0,0,0,A,0
H0698,68,82,1,0,0,1,B,0
H0699,69,100,0,0,0,0,B,0
H0700,56,62,1,0,0,0,A,0
H0701,92,85,1,1,0,0,A,1
H0702,77,58,0,1,0,0,A,0
H0703,63,71,0,1,0,0,A,0
H0704,81,95,0,0,0,1,A,0
H0705,41,142,1,0,0,0,B,0
H0706,59,62,1,0,0,0,B,0
H0707,65,83,1,0,0,0,B,0
H0708,51,46,0,0,0,0,A,0
H0709,52,72,0,0,0,0,B,0
H0710,57,108,0,0,0,0,B,0
H0711,73,98,0,0,0,0,A,0
H0712,50,76,0,0,0,1,B,0
H0713,78,43,0,0,0,0,A,0
H0714,55,35,1,0,0,0,A,0
H0715,52,143,1,0,0,0,B,0
H0716,59,110,0,0,0,0,B,0
H0717,71,27,0,0,1,1,A,1
H0718,48,66,0,0,0,1,B,0
H0719,63,90,0,1,0,0,B,0
H0720,72,73,0,1,0,0,A,0
H0721,64,70,0,0,0,0,A,0
H0722,49,105,0,0,0,0,B,0
H0723,72,82,0,1,0,1,A,1
H0724,79,67,1,0,0,0,B,0
H0725,54,73,0,0,0,0,B,0
H0726,57,45,0,0,0,1,A,0
H0727,62,74,0,0,0,1,A,0
H0728,82,81,0,0,0,0,A,0
H0729,72,51,0,0,0,1,A,1
H0730,91,19,1,1,0,0,A,0
H0731,58,46,0,1,0,0,A,1
H0732,79,77,1,0,0,0,A,0
H0733,58,40,0,1,0,0,A,0
H0734,73,37,0,0,0,0,B,0
H0735,44,120,0,1,1,0,B,0
H0736,38,89,0,0,0,0,B,0
H0737,56,117,0,1,0,0,B,0
H0738,74,62,0,0,1,0,A,0
H0739,36,130,1,0,0,0,B,0
H0740,63,88,0,0,0,0,A,0
H0741,68,88,1,0,0,0,A,0
H0742,77,29,0,1,0,1,A,0
H0743,50,68,0,0,0,0,B,0
H0744,60,62,0,0,0,0,B,0
H0745,72,99,0,0,0,0,B,0
H0746,58,78,0,0,0,0,A,0
H0747,50,44,1,1,0,1,A,1
H0748,62,113,0,1,0,0,A,0
H0749,70,134,0,0,0,0,B,0
H0750,92,61,0,0,0,0,A,0
H0751,59,76,1,0,0,0,B,1
H0752,59,55,0,1,0,0,B,0
H0753,63,75,1,1,0,1,A,0
H0754,69,76,1,0,0,0,B,0
H0755,71,40,0,0,0,0,A,0
H0756,91,93,0,0,0,0,B,0
H0757,75,66,0,1,0,0,B,0
H0758,69,97,0,0,0,0,A,0
H0759,67,63,0,1,0,0,A,0
H0760,54,77,0,1,0,0,A,0
H0761,75,56,0,1,0,0,B,0
H0762,73,17,1,0,0,1,A,1
H0763,70,67,0,0,0,0,A,0
H0764,44,100,0,0,0,0,B,0
H0765,49,98,1,0,0,0,B,0
H0766,52,102,0,1,0,0,B,0
H0767,71,64,0,1,0,0,A,1
H0768,67,83,0,0,0,0,A,0
H0769,75,77,0,0,0,0,A,0
H0770,79,44,0,1,0,0,A,0
H0771,58,106,0,1,0,0,B,0
H0772,54,57,0,0,0,0,A,0
H0773,68,60,0,0,0,0,B,0
H0774,66,77,0,0,0,0,B,0
H0775,68,81,1,1,0,0,A,0
H0776,68,60,0,0,0,0,A,0
H0777,77,38,0,0,0,0,A,0
H0778,56,65,0,0,0,0,A,0
H0779,41,64,1,0,0,0,B,0
H0780,62,132,0,1,1,0,B,0
H0781,67,93,0,1,0,0,A,0
H0782,83,52,1,0,0,1,A,1
H0783,95,53,0,1,0,0,A,0
H0784,68,41,0,1,0,0,A,1
H0785,71,68,0,0,0,0,A,0
H0786,79,27,1,0,0,0,A,0
H0787,32,98,1,0,0,0,A,0
H0788,66,61,0,0,0,1,A,0
H0789,38,91,1,0,0,1,B,0
H0790,51,107,0,1,0,0,B,0
H0791,61,64,1,0,0,0,B,0
H0792,73,107,0,1,0,0,B,0
H0793,81,44,0,0,0,0,A,0
H0794,77,91,0,0,0,0,A,0
H0795,60,47,0,0,0,0,B,0
H0796,64,61,1,0,0,0,B,0
H0797,82,73,1,0,0,0,A,0
H0798,58,81,1,1,0,0,B,0
H0799,77,15,0,1,1,0,A,0
H0800,70,120,0,0,0,0,B,0
H0801,43,140,0,0,0,0,B,0
H0802,82,145,0,1,0,1,A,0
H0803,45,31,0,0,0,0,B,0
H0804,68,68,0,0,1,0,A,0
H0805,61,135,0,0,0,0,B,0
H0806,40,107,1,0,0,0,B,0
H0807,50,70,0,0,0,0,A,0
H0808,50,67,1,1,0,0,B,0
H0809,70,80,0,0,0,0,A,0
H0810,66,106,0,0,0,0,B,0
H0811,66,62,0,1,0,0,A,0
H0812,54,99,0,0,0,0,B,0
H0813,57,81,0,0,0,0,B,0
H0814,57,50,1,0,1,0,A,0
H0815,62,100,0,0,0,1,A,0
H0816,69,32,0,0,1,1,A,1
H0817,82,19,0,0,0,0,B,1
H0818,50,67,0,0,0,0,B,0
H0819,66,37,0,0,0,0,A,0
H0820,62,76,0,1,0,0,B,0
H0821,52,133,0,1,0,0,B,0
H0822,60,43,0,0,0,0,A,0
H0823,80,105,0,0,0,0,A,0
H0824,72,63,0,0,0,0,B,0
H0825,60,152,0,0,0,0,B,0
H0826,68,47,0,0,0,0,A,1
H0827,54,109,0,0,0,0,B,0
H0828,58,64,0,0,0,1,B,0
H0829,56,86,0,1,0,0,A,1
H0830,58,53,0,0,0,0,B,0
H0831,71,26,0,0,0,0,A,0
H0832,63,66,0,0,1,0,A,0
H0833,70,71,1,0,0,1,A,0
H0834,58,56,0,1,0,0,B,0
H0835,60,81,0,1,0,0,B,1
H0836,26,134,1,1,0,0,B,0
H0837,55,89,0,0,0,0,B,0
H0838,61,60,0,1,0,0,B,0
H0839,63,80,0,0,0,0,B,0
H0840,70,99,0,1,0,1,A,0
H0841,80,37,0,0,0,0,A,0
H0842,54,101,0,0,0,1,B,0
H0843,66,52,0,0,0,1,A,0
H0844,48,127,0,0,0,0,B,0
H0845,73,54,1,0,0,0,A,0
H0846,67,55,0,0,0,0,A,0
H0847,64,123,0,0,0,0,B,0
H0848,49,67,0,0,0,0,B,0
H0849,52,154,0,0,0,0,B,0
H0850,72,76,0,0,0,0,A,0
H0851,57,75,0,1,0,0,B,0
H0852,76,74,0,0,0,0,A,0
H0853,65,42,0,1,0,0,A,0
H0854,50,96,0,1,0,0,B,0
H0855,57,33,1,0,0,0,B,1
H0856,84,40,0,1,0,0,A,0
H0857,85,48,0,0,1,0,A,0
H0858,68,60,1,1,0,0,A,1
H0859,79,80,0,0,0,0,B,0
H0860,56,86,0,0,0,0,B,0
H0861,48,95,1,0,1,0,A,0
H0862,59,52,0,1,0,0,B,0
H0863,59,96,0,0,0,0,B,0
H0864,58,98,0,1,0,0,B,0
H0865,82,74,0,0,0,0,A,0
H0866,70,103,1,0,0,0,A,0
H0867,84,78,0,0,0,1,A,0
H0868,52,40,0,0,0,0,A,0
H0869,50,87,0,0,0,0,B,0
H0870,72,43,1,0,0,0,A,0
H0871,72,53,0,0,1,0,A,0
H0872,63,85,0,0,1,0,B,0
H0873,48,103,0,0,1,0,B,0
H0874,79,62,1,0,0,0,A,0
H0875,77,79,0,1,0,1,B,0
H0876,63,66,0,0,0,0,A,0
H0877,95,46,1,1,0,0,A,1
H0878,57,93,0,0,0,0,A,0
H0879,61,37,0,0,0,1,A,1
H0880,53,94,0,0,0,0,B,0
H0881,59,59,0,0,1,0,B,0
H0882,85,82,0,1,0,0,A,0
H0883,41,81,0,0,0,0,A,0
H0884,65,90,0,0,0,0,A,0
H0885,62,80,0,0,0,0,B,0
H0886,90,87,0,1,0,0,A,1
H0887,50,60,0,0,0,0,A,0
H0888,71,59,0,0,0,0,A,0
H0889,60,52,1,0,0,0,A,0
H0890,76,47,0,0,0,0,B,0
H0891,63,50,0,0,0,0,A,1
H0892,48,50,0,1,0,0,B,0
H0893,80,84,0,0,0,0,A,0
H0894,92,29,0,0,1,1,A,1
H0895,65,87,0,1,0,0,A,0
H0896,67,69,0,1,0,0,B,0
H0897,51,132,0,1,0,0,B,0
H0898,54,91,0,0,0,0,A,0
H0899,66,76,0,0,0,0,A,0
H0900,48,114,0,0,0,0,B,0
H0901,58,57,1,0,0,0,B,0
H0902,52,102,0,0,0,0,B,0
H0903,73,65,0,0,0,1,A,0
H0904,62,83,0,0,0,0,A,0
H0905,79,59,0,1,0,0,A,0
H0906,65,120,0,0,1,0,B,0
H0907,64,53,0,1,0,0,A,0
H0908,65,61,0,0,0,0,A,0
H0909,62,84,1,0,0,0,A,0
H0910,62,35,0,0,0,0,A,0
H0911,61,64,0,1,0,0,A,0
H0912,67,63,0,0,0,0,A,0
H0913,55,58,0,1,0,0,A,0
H0914,51,65,0,0,0,0,A,0
H0915,59,58,1,0,0,0,B,0
H0916,79,67,1,1,0,0,A,0
H0917,60,87,0,1,0,0,B,0
H0918,65,43,0,1,0,1,A,1
H0919,60,138,0,1,0,1,B,0
H0920,53,68,0,1,0,0,A,0
H0921,68,28,0,0,0,0,A,1
H0922,44,67,1,0,0,0,B,0
H0923,54,74,0,0,0,0,B,0
H0924,56,69,0,0,0,1,A,0
H0925,71,93,0,0,1,0,B,0
H0926,83,38,0,0,0,0,A,0
H0927,64,57,0,0,0,0,A,0
H0928,75,89,1,1,0,0,A,0
H0929,58,107,0,0,0,1,A,0
H0930,31,93,0,0,0,0,B,0
H0931,45,73,0,0,0,0,B,0
H0932,51,96,0,0,0,0,B,0
H0933,67,97,1,0,0,0,A,0
H0934,36,65,0,0,0,0,B,0
H0935,69,81,0,0,0,0,A,0
H0936,62,84,1,0,0,1,B,0
H0937,55,14,0,0,0,0,A,0
H0938,67,79,0,0,0,1,A,0
H0939,74,69,1,1,0,0,A,0
H0940,86,106,1,0,1,1,A,1
H0941,73,108,1,0,0,0,A,0
H0942,61,46,0,1,0,0,A,0
H0943,68,91,1,0,0,0,A,0
H0944,48,94,1,0,0,0,B,0
H0945,63,45,0,0,0,0,A,0
H0946,52,30,0,0,0,0,B,0
H0947,69,51,0,0,0,0,A,0
H0948,34,104,0,0,0,0,A,0
H0949,65,52,0,1,0,0,A,0
H0950,71,57,0,0,0,0,A,1
H0951,71,86,0,0,0,0,A,0
H0952,46,103,0,0,0,0,B,0
H0953,75,98,0,0,0,0,B,0
H0954,83,28,0,0,0,1,A,0
H0955,59,77,1,0,0,0,B,0
H0956,66,160,0,0,1,0,B,0
H0957,63,51,0,0,0,0,A,0
H0958,68,40,0,0,0,0,A,0
H0959,57,102,0,0,1,0,B,0
H0960,37,75,0,0,0,0,A,0
H0961,52,62,0,0,1,0,B,0
H0962,57,81,0,0,1,0,B,0
H0963,69,81,0,1,0,0,A,0
H0964,55,76,0,0,0,0,A,0
H0965,69,128,0,1,0,0,B,0
H0966,36,97,0,0,0,0,B,0
H0967,73,60,0,0,0,0,B,0
H0968,73,44,1,0,0,1,A,0
H0969,36,102,0,0,0,0,B,0
H0970,80,76,0,0,0,0,A,0
H0971,65,95,0,0,0,0,B,0
H0972,57,75,0,1,0,0,A,0
H0973,79,50,0,0,0,1,A,0
H0974,81,103,1,0,0,1,A,0
H0975,69,78,1,1,0,0,B,0
H0976,69,78,1,0,0,1,A,0
H0977,44,98,0,0,0,0,B,0
H0978,63,133,0,0,0,0,B,0
H0979,66,96,0,1,0,0,A,1
H0980,67,88,1,0,0,0,B,0
H0981,49,83,0,1,0,0,B,0
H0982,72,103,0,0,0,0,B,0
H0983,47,141,0,1,0,0,B,0
H0984,61,75,0,0,0,0,B,0
H0985,84,47,1,0,1,0,A,1
H0986,63,118,0,0,0,0,B,0
H0987,74,87,0,0,0,0,B,0
H0988,84,68,1,1,0,0,A,1
H0989,72,94,0,0,0,0,B,0
H0990,95,60,0,0,0,0,A,0
H0991,66,61,1,0,0,0,A,0
H0992,66,115,1,0,0,1,B,0
H0993,46,31,0,1,0,0,A,0
H0994,49,55,0,1,0,0,B,0
H0995,55,104,0,0,0,0,B,0
H0996,59,148,0,0,0,0,B,0
H0997,66,77,0,0,0,0,A,0
H0998,56,94,1,0,0,0,B,0
H0999,68,43,1,0,0,1,A,0
H1000,51,55,0,0,0,0,B,0
H1001,59,70,0,1,0,0,B,0
H1002,64,94,0,0,0,0,B,0
H1003,57,118,0,0,0,0,B,0
H1004,53,75,0,0,0,0,A,0
H1005,79,75,1,0,0,0,A,0
H1006,65,69,0,1,0,0,A,1
H1007,65,75,1,1,0,1,B,0
H1008,82,89,1,0,0,0,A,0
H1009,70,64,0,0,0,0,A,0
H1010,52,83,0,0,0,0,B,0
H1011,71,96,0,0,0,0,A,0
H1012,63,77,0,0,0,0,A,0
H1013,59,87,1,0,1,0,B,0
H1014,56,137,0,0,0,1,B,0
H1015,66,68,0,0,0,0,B,0
H1016,39,94,0,0,0,1,B,0
H1017,53,86,0,0,0,0,B,0
H1018,73,54,0,0,0,0,A,0
H1019,75,95,1,0,0,0,B,0
H1020,69,72,0,0,0,0,B,0
H1021,67,37,0,0,0,0,A,0
H1022,44,61,0,0,0,0,B,0
H1023,63,33,0,0,0,0,B,0
H1024,68,24,0,0,0,0,A,0
H1025,72,66,0,0,0,0,A,0
H1026,95,36,0,0,0,0,A,0
H1027,83,28,0,0,0,0,A,0
H1028,61,83,0,1,0,0,A,0
H1029,61,102,0,0,0,0,B,0
H1030,94,96,0,0,0,0,A,0
H1031,80,13,0,0,0,0,A,0
H1032,59,44,1,1,0,0,A,1
H1033,77,45,0,0,0,0,A,0
H1034,47,45,1,0,0,0,B,0
H1035,56,93,0,1,0,0,B,0
H1036,64,56,0,0,0,0,A,0
H1037,78,91,0,0,0,1,A,0
H1038,47,84,0,1,0,0,B,0
H1039,73,116,0,0,0,1,A,0
H1040,71,91,1,0,0,0,B,0
H1041,43,98,1,0,0,1,A,0
H1042,70,49,0,0,0,0,A,0
H1043,55,53,0,0,0,0,B,0
H1044,66,82,1,0,0,0,B,0
H1045,69,87,0,0,0,0,A,0
H1046,42,119,0,1,0,0,B,0
H1047,56,100,0,1,0,1,A,0
H1048,66,82,0,0,0,0,A,0
H1049,51,75,0,0,0,1,A,0
H1050,72,59,0,1,0,0,B,0
H1051,65,71,0,0,1,0,A,1
H1052,58,32,0,0,0,0,A,0
H1053,40,106,1,1,0,0,B,0
H1054,56,79,0,1,0,0,B,0
H1055,71,12,0,0,0,0,A,0
H1056,59,71,1,1,0,0,A,1
H1057,43,40,0,0,0,0,A,0
H1058,60,84,0,0,0,0,A,0
H1059,56,35,0,0,0,0,A,0
H1060,54,108,0,1,0,0,B,0
H1061,65,60,0,0,0,0,B,0
H1062,65,59,0,1,0,0,A,0
H1063,62,42,0,1,0,1,A,0
H1064,55,110,0,1,0,0,B,0
H1065,50,12,0,0,0,1,A,0
H1066,44,79,0,0,0,0,B,0
H1067,56,86,0,1,0,0,B,0
H1068,71,111,0,1,0,0,A,0
H1069,95,12,0,0,0,0,A,0
H1070,61,116,1,0,0,0,B,0
H1071,72,70,0,0,0,0,A,0
H1072,81,96,1,1,0,0,A,0
H1073,71,66,0,0,0,1,A,0
H1074,71,71,0,1,0,0,A,0
H1075,61,22,0,0,0,0,A,0
H1076,51,76,0,1,1,0,A,0
H1077,91,37,0,0,0,0,A,1
H1078,63,71,0,1,0,0,B,0
H1079,80,68,0,0,0,0,A,0
H1080,41,129,0,0,0,0,B,0
H1081,85,73,0,0,0,1,A,0
H1082,55,59,1,0,0,0,A,0
H1083,62,67,0,0,0,0,A,0
H1084,72,68,0,0,0,0,B,0
H1085,59,85,0,0,0,0,A,0
H1086,95,52,0,1,0,0,A,1
H1087,66,58,0,0,0,0,A,0
H1088,52,90,0,0,0,0,B,0
H1089,58,35,0,0,0,0,A,0
H1090,56,49,0,1,0,0,A,0
H1091,72,40,0,1,0,0,A,0
H1092,68,26,1,1,0,0,A,1
H1093,65,36,0,0,0,0,A,0
H1094,45,79,0,1,0,0,B,0
H1095,37,110,0,0,0,0,B,0
H1096,69,43,0,0,0,0,A,0
H1097,55,78,0,0,1,0,A,0
H1098,65,89,0,0,0,0,A,0
H1099,58,47,0,0,0,0,B,0
H1100,69,30,0,0,0,0,A,0
H1101,70,67,0,0,0,0,A,0
H1102,66,122,0,1,0,0,B,0
H1103,61,106,1,0,0,0,B,0
H1104,59,62,0,1,0,0,A,0
H1105,80,58,0,1,0,0,A,0
H1106,54,49,1,0,0,0,A,0
H1107,79,60,0,1,0,0,A,0
H1108,75,33,0,1,0,0,B,0
H1109,85,65,0,1,0,0,A,0
H1110,73,62,0,0,0,0,A,0
H1111,46,86,1,0,0,0,B,0
H1112,43,115,0,0,1,0,B,0
H1113,74,99,1,1,0,0,B,0
H1114,79,24,1,0,0,0,A,0
H1115,61,128,0,1,0,0,B,0
H1116,54,73,0,1,0,0,B,0
H1117,83,59,0,0,0,0,A,0
H1118,71,67,0,0,0,0,B,0
H1119,67,84,1,0,0,0,B,0
H1120,66,92,0,0,0,0,B,0
H1121,49,68,0,0,0,0,B,0
H1122,53,74,0,0,0,0,B,0
H1123,45,91,0,0,0,0,B,0
H1124,64,55,1,0,0,0,A,0
H1125,71,87,0,0,0,0,A,1
H1126,69,101,0,0,0,0,A,0
H1127,49,117,0,0,0,0,B,0
H1128,49,90,0,1,0,0,B,0
H1129,53,109,0,0,0,0,B,0
H1130,52,98,0,0,0,0,B,0
H1131,62,66,0,0,0,1,A,1
H1132,60,91,0,0,0,0,B,1
H1133,86,48,0,1,0,0,A,1
H1134,62,59,0,0,0,0,B,0
H1135,79,70,1,1,0,0,A,0
H1136,43,132,1,0,0,0,B,0
H1137,43,63,1,0,0,0,A,0
H1138,51,110,0,0,0,0,B,0
H1139,56,87,0,1,0,0,A,0
H1140,60,26,1,1,0,0,B,0
H1141,61,67,0,1,0,1,A,1
H1142,64,67,0,1,0,0,B,1
H1143,75,79,1,0,0,0,B,0
H1144,47,136,0,0,0,1,B,0
H1145,79,49,0,0,0,0,A,0
H1146,45,152,0,0,0,0,B,0
H1147,59,96,0,0,0,0,B,0
H1148,58,49,1,0,0,1,A,0
H1149,86,58,0,0,0,0,A,1
H1150,67,69,0,0,1,0,A,0
H1151,41,30,0,0,0,0,A,0
H1152,80,95,0,0,0,0,A,0
H1153,51,48,0,0,0,0,A,0
H1154,51,41,0,0,0,0,A,0
H1155,52,63,0,0,0,0,A,0
H1156,54,84,0,1,0,0,B,0
H1157,58,68,0,1,0,0,B,0
H1158,56,67,0,1,0,0,A,0
H1159,55,87,0,1,0,1,B,0
H1160,58,77,0,1,0,0,B,0
H1161,50,105,0,0,0,0,B,0
H1162,61,39,1,1,0,0,A,0
H1163,69,67,0,1,0,1,B,1
H1164,66,90,0,0,0,0,B,0
H1165,86,69,0,0,0,0,A,0
H1166,81,39,1,1,0,0,A,0
H1167,52,110,0,1,0,0,A,1
H1168,94,93,0,0,0,0,A,0
H1169,83,67,1,0,0,0,A,1
H1170,76,55,0,0,0,0,A,0
H1171,79,55,0,0,0,0,A,0
H1172,58,68,0,1,0,0,A,0
H1173,59,105,0,0,0,0,B,0
H1174,77,77,0,0,0,0,A,0
H1175,71,38,1,0,0,0,A,0
H1176,70,57,0,0,0,0,A,0
H1177,74,28,1,0,1,0,A,1
H1178,58,103,0,1,0,0,B,0
H1179,85,91,1,1,0,0,A,1
H1180,60,63,1,0,0,1,A,1
H1181,75,63,0,0,0,0,A,0
H1182,95,16,1,0,0,0,A,0
H1183,61,97,0,0,0,0,A,0
H1184,56,65,0,1,0,0,B,0
H1185,77,12,0,0,0,0,A,1
H1186,39,36,0,0,0,0,B,0
H1187,48,51,1,1,0,0,A,0
H1188,89,72,0,0,0,0,A,0
H1189,80,60,1,1,0,0,A,0
H1190,77,83,0,0,0,0,A,0
H1191,65,85,1,0,0,1,A,0
H1192,55,108,0,0,0,1,A,0
H1193,73,85,0,1,0,0,B,0
H1194,62,68,0,0,0,0,A,0
H1195,56,77,0,0,0,0,B,0
H1196,66,80,1,0,1,0,B,0
H1197,55,105,0,0,0,0,B,0
H1198,65,95,0,0,0,0,B,0
H1199,66,104,0,1,0,0,B,1
H1200,78,32,0,1,0,0,A,0
