person_id,age,sex,waist_cm,family_history,activity,urban,diabetes
S0001,65,M,91,2,vigorous,0,0
S0002,33,M,89,0,sedentary,1,0
S0003,74,M,90,0,sedentary,1,0
S0004,41,M,83,1,mild,0,0
S0005,53,F,88,0,moderate,0,0
S0006,25,F,82,1,mild,1,0
S0007,59,M,58,2,moderate,0,0
S0008,40,M,81,0,vigorous,1,0
S0009,52,M,100,0,moderate,1,0
S0010,42,M,105,1,mild,1,0
S0011,34,M,84,1,vigorous,1,0
S0012,68,F,85,0,mild,1,0
S0013,49,M,87,0,sedentary,1,0
S0014,67,M,84,0,mild,1,0
S0015,20,M,96,1,mild,0,0
S0016,58,M,114,0,moderate,1,0
S0017,20,M,96,0,moderate,1,0
S0018,44,M,93,1,vigorous,1,0
S0019,43,F,75,2,vigorous,1,0
S0020,73,M,95,0,sedentary,1,0
S0021,20,M,89,1,mild,0,0
S0022,66,F,84,1,mild,1,0
S0023,33,M,94,0,sedentary,1,0
S0024,35,F,79,0,moderate,0,0
S0025,51,F,82,0,vigorous,1,0
S0026,49,F,94,0,moderate,1,0
S0027,49,F,96,0,moderate,1,0
S0028,32,M,78,0,mild,1,0
S0029,31,F,95,0,mild,0,0
S0030,66,M,91,1,moderate,0,0
S0031,42,M,77,0,mild,1,0
S0032,40,M,89,1,mild,0,0
S0033,72,M,88,1,moderate,1,0
S0034,36,F,77,2,vigorous,0,0
S0035,65,M,85,1,moderate,1,0
S0036,60,F,101,0,sedentary,1,1
S0037,35,M,102,0,moderate,0,0
S0038,42,F,92,1,mild,1,0
S0039,65,F,94,0,mild,0,1
S0040,73,F,89,1,moderate,0,1
S0041,41,M,110,0,moderate,0,0
S0042,31,M,70,1,vigorous,0,0
S0043,58,M,92,2,vigorous,1,0
S0044,41,M,94,0,moderate,0,0
S0045,41,M,90,0,moderate,1,0
S0046,60,F,99,1,moderate,0,0
S0047,23,F,79,0,moderate,1,0
S0048,65,F,88,1,moderate,1,1
S0049,41,M,107,0,sedentary,0,0
S0050,61,F,93,0,mild,1,0
S0051,63,F,74,0,moderate,1,0
S0052,47,M,104,0,mild,1,1
S0053,29,M,91,1,mild,1,1
S0054,26,F,59,0,moderate,1,0
S0055,69,M,80,0,moderate,1,0
S0056,74,M,79,2,sedentary,1,0
S0057,75,M,75,1,sedentary,1,1
S0058,71,M,99,0,moderate,1,0
S0059,43,M,88,1,sedentary,1,0
S0060,58,M,94,0,mild,1,0
S0061,52,F,88,2,sedentary,0,1
S0062,56,F,82,2,mild,0,1
S0063,27,F,92,2,sedentary,0,0
S0064,32,M,110,1,vigorous,1,0
S0065,68,F,103,1,vigorous,1,1
S0066,31,F,74,0,sedentary,1,0
S0067,42,M,83,1,sedentary,1,0
S0068,23,M,90,0,vigorous,1,0
S0069,55,M,71,0,sedentary,1,0
S0070,56,M,80,1,moderate,1,0
S0071,48,M,83,0,mild,0,0
S0072,67,F,79,0,sedentary,1,0
S0073,47,F,73,0,moderate,0,0
S0074,69,F,104,1,vigorous,1,1
S0075,72,M,103,2,moderate,1,0
S0076,43,F,86,0,mild,0,0
S0077,59,F,87,0,mild,0,0
S0078,70,F,80,1,sedentary,0,0
S0079,21,F,91,0,moderate,1,0
S0080,36,F,93,1,mild,0,0
S0081,53,M,89,0,moderate,0,0
S0082,24,F,70,1,moderate,0,0
S0083,73,F,85,0,moderate,0,0
S0084,60,F,88,0,mild,0,0
S0085,25,M,84,1,vigorous,1,0
S0086,40,F,90,1,mild,0,0
S0087,50,F,81,0,vigorous,1,0
S0088,38,F,98,0,moderate,0,0
S0089,60,M,95,0,mild,0,0
S0090,40,F,81,1,moderate,0,0
S0091,41,M,92,1,moderate,1,0
S0092,54,M,106,0,sedentary,1,0
S0093,66,M,106,1,sedentary,1,0
S0094,69,M,101,1,vigorous,0,0
S0095,62,M,105,0,vigorous,0,0
S0096,31,F,86,0,mild,1,1
S0097,41,M,101,1,sedentary,0,0
S0098,69,M,93,1,mild,0,0
S0099,31,F,94,1,moderate,1,0
S0100,62,M,100,0,moderate,0,1
S0101,36,M,103,2,moderate,0,0
S0102,72,F,96,0,mild,0,1
S0103,58,M,80,1,moderate,1,0
S0104,54,F,87,0,mild,0,0
S0105,59,M,85,1,moderate,1,0
S0106,60,M,97,1,mild,0,0
S0107,44,F,83,0,sedentary,1,0
S0108,65,F,92,1,mild,1,1
S0109,32,F,104,0,vigorous,0,0
S0110,38,F,90,0,moderate,0,0
S0111,73,F,94,1,moderate,0,1
S0112,44,F,70,1,mild,0,0
S0113,63,F,83,0,moderate,1,0
S0114,33,M,91,1,moderate,1,0
S0115,53,F,101,1,sedentary,1,1
S0116,68,M,115,1,moderate,0,0
S0117,49,M,108,1,mild,0,0
S0118,34,M,93,2,sedentary,1,1
S0119,33,F,83,1,sedentary,0,1
S0120,65,M,104,0,moderate,0,0
S0121,23,M,83,0,mild,0,0
S0122,29,M,76,0,moderate,1,0
S0123,62,M,118,0,vigorous,0,0
S0124,53,F,90,1,moderate,1,0
S0125,60,F,72,1,sedentary,0,0
S0126,33,F,94,1,mild,1,0
S0127,50,M,73,0,moderate,1,0
S0128,43,F,105,0,vigorous,0,0
S0129,55,F,56,1,mild,1,0
S0130,24,M,103,0,sedentary,0,0
S0131,66,F,91,1,moderate,0,0
S0132,37,F,57,1,sedentary,0,0
S0133,31,M,104,0,vigorous,1,1
S0134,23,F,78,0,moderate,1,0
S0135,27,M,102,0,moderate,1,0
S0136,21,F,86,1,mild,1,0
S0137,48,M,78,0,mild,1,0
S0138,51,F,99,1,mild,1,1
S0139,74,F,92,0,mild,0,1
S0140,63,M,84,1,moderate,1,0
S0141,31,M,113,1,mild,0,1
S0142,75,M,82,0,mild,0,0
S0143,36,F,92,2,moderate,0,0
S0144,34,F,75,1,vigorous,1,0
S0145,62,M,66,0,sedentary,1,0
S0146,21,F,77,1,mild,0,0
S0147,75,M,92,1,moderate,1,0
S0148,73,F,96,0,sedentary,1,1
S0149,60,M,74,0,moderate,0,0
S0150,40,M,85,0,mild,1,0
S0151,34,F,72,0,moderate,0,0
S0152,62,F,102,2,moderate,0,0
S0153,21,M,85,0,mild,0,0
S0154,63,M,108,0,vigorous,0,0
S0155,34,M,80,1,sedentary,1,0
S0156,31,M,89,1,mild,0,1
S0157,57,M,95,2,vigorous,1,0
S0158,59,M,96,0,moderate,1,0
S0159,32,M,105,1,mild,1,0
S0160,37,M,105,1,sedentary,1,0
S0161,29,F,81,0,sedentary,0,0
S0162,23,M,111,1,sedentary,0,0
S0163,30,M,95,1,sedentary,1,0
S0164,20,F,93,2,mild,0,0
S0165,38,M,92,1,mild,1,0
S0166,46,M,89,2,vigorous,0,1
S0167,56,M,80,0,mild,1,0
S0168,24,F,83,0,moderate,1,0
S0169,73,M,72,2,vigorous,1,0
S0170,53,M,67,0,mild,1,0
S0171,75,M,99,0,mild,0,0
S0172,49,M,79,1,sedentary,1,0
S0173,65,M,108,1,vigorous,1,0
S0174,63,M,99,0,vigorous,1,0
S0175,39,F,100,0,moderate,0,0
S0176,35,M,102,0,sedentary,0,0
S0177,43,M,99,1,moderate,0,0
S0178,70,F,104,1,mild,1,0
S0179,24,F,79,0,sedentary,0,0
S0180,54,F,99,0,sedentary,1,1
S0181,24,M,108,1,mild,1,0
S0182,23,F,83,1,sedentary,0,0
S0183,31,M,103,1,sedentary,1,0
S0184,36,F,96,1,vigorous,1,0
S0185,55,F,95,0,mild,1,0
S0186,57,M,100,0,sedentary,0,0
S0187,74,M,77,1,sedentary,1,0
S0188,25,M,85,0,sedentary,0,0
S0189,33,F,85,0,moderate,0,0
S0190,43,F,87,0,moderate,1,0
S0191,69,F,97,0,sedentary,0,0
S0192,40,M,90,1,moderate,1,0
S0193,62,F,80,2,sedentary,1,0
S0194,43,F,84,1,moderate,0,0
S0195,68,F,87,0,moderate,0,0
S0196,57,M,87,0,moderate,0,0
S0197,35,M,93,0,mild,1,0
S0198,35,F,83,1,mild,1,0
S0199,63,F,85,1,mild,1,0
S0200,50,M,91,0,sedentary,1,0
S0201,71,F,54,2,sedentary,1,1
S0202,20,F,78,1,sedentary,0,0
S0203,35,M,81,0,sedentary,1,0
S0204,27,M,90,0,moderate,1,0
S0205,50,F,86,1,sedentary,1,0
S0206,69,F,90,1,sedentary,0,0
S0207,45,M,95,0,vigorous,0,0
S0208,47,M,102,1,vigorous,1,0
S0209,50,M,114,2,sedentary,0,1
S0210,66,F,89,0,moderate,0,0
S0211,31,F,91,0,moderate,1,0
S0212,54,M,92,0,mild,0,0
S0213,29,F,93,0,sedentary,1,0
S0214,33,F,94,0,moderate,1,0
S0215,43,M,87,2,sedentary,0,0
S0216,21,M,109,0,sedentary,0,0
S0217,46,M,91,0,mild,0,0
S0218,66,F,99,0,mild,1,1
S0219,25,M,72,0,vigorous,1,0
S0220,38,F,80,1,sedentary,1,0
S0221,36,F,64,0,moderate,0,0
S0222,63,F,87,2,moderate,0,1
S0223,72,M,109,2,mild,0,0
S0224,48,M,83,0,moderate,1,0
S0225,46,F,83,0,vigorous,1,0
S0226,35,F,88,0,sedentary,0,0
S0227,31,F,99,0,moderate,1,0
S0228,69,F,68,1,mild,0,1
S0229,39,F,84,0,vigorous,0,0
S0230,62,M,91,1,sedentary,1,1
S0231,71,F,77,2,sedentary,0,0
S0232,28,M,93,0,mild,1,0
S0233,61,M,84,0,moderate,0,0
S0234,36,F,66,0,moderate,1,0
S0235,55,M,86,0,mild,1,0
S0236,22,M,97,1,moderate,1,0
S0237,64,M,95,1,moderate,1,0
S0238,37,M,102,0,mild,1,0
S0239,53,M,96,1,vigorous,0,0
S0240,42,M,97,0,moderate,0,0
S0241,61,F,69,1,sedentary,1,0
S0242,27,F,63,0,mild,1,0
S0243,47,F,92,2,sedentary,1,0
S0244,63,F,85,0,moderate,0,0
S0245,39,M,78,0,moderate,0,0
S0246,42,F,103,0,moderate,1,0
S0247,68,M,100,2,moderate,1,1
S0248,44,F,96,0,moderate,1,0
S0249,63,F,88,1,mild,1,0
S0250,46,M,100,0,sedentary,0,0
S0251,75,F,74,0,vigorous,0,0
S0252,55,F,99,2,mild,0,1
S0253,28,M,99,2,moderate,0,0
S0254,28,F,98,2,mild,1,0
S0255,40,F,64,0,mild,1,0
S0256,30,F,95,0,sedentary,0,0
S0257,67,M,93,0,moderate,0,1
S0258,22,F,59,0,mild,1,0
S0259,31,F,84,1,moderate,0,0
S0260,57,F,85,0,sedentary,0,0
S0261,73,F,80,1,sedentary,1,0
S0262,75,M,90,1,sedentary,0,0
S0263,47,F,98,0,sedentary,0,0
S0264,52,M,91,1,moderate,1,0
S0265,63,M,92,0,vigorous,1,0
S0266,47,M,88,0,mild,1,0
S0267,22,F,101,0,mild,0,0
S0268,41,M,100,0,sedentary,1,0
S0269,34,F,78,0,vigorous,1,0
S0270,51,F,43,0,mild,1,0
S0271,61,M,90,1,moderate,0,0
S0272,32,F,101,1,mild,1,0
S0273,69,M,100,0,mild,1,0
S0274,47,F,94,0,mild,1,0
S0275,53,F,75,2,mild,1,1
S0276,55,M,100,1,moderate,1,0
S0277,70,F,87,0,vigorous,0,0
S0278,68,F,82,1,vigorous,1,0
S0279,60,M,96,1,vigorous,1,1
S0280,65,F,91,1,moderate,0,0
S0281,45,M,87,0,mild,1,0
S0282,67,F,75,0,mild,0,0
S0283,22,F,89,1,sedentary,0,0
S0284,42,M,87,0,mild,1,0
S0285,30,M,102,1,sedentary,1,0
S0286,25,M,84,0,sedentary,1,0
S0287,63,M,87,2,moderate,1,0
S0288,32,F,82,0,sedentary,0,0
S0289,33,F,68,0,moderate,1,0
S0290,40,M,76,0,sedentary,1,0
S0291,33,M,95,0,mild,0,0
S0292,65,M,91,2,moderate,1,0
S0293,29,F,64,1,moderate,1,0
S0294,29,M,87,0,mild,1,0
S0295,61,M,91,1,moderate,0,0
S0296,32,F,83,1,sedentary,0,0
S0297,67,M,99,1,mild,1,1
S0298,26,M,86,0,mild,1,0
S0299,74,F,74,0,moderate,0,0
S0300,63,M,90,0,mild,1,0
S0301,41,F,89,0,mild,1,1
S0302,48,M,98,0,sedentary,1,0
S0303,71,F,96,1,sedentary,1,1
S0304,66,M,87,0,moderate,0,0
S0305,47,F,79,0,vigorous,1,0
S0306,30,F,94,1,mild,1,1
S0307,64,M,102,0,sedentary,0,0
S0308,39,M,81,0,sedentary,1,0
S0309,21,M,93,0,mild,0,0
S0310,68,F,100,1,moderate,0,0
S0311,34,F,83,2,mild,0,0
S0312,70,F,82,2,moderate,0,0
S0313,75,F,93,0,sedentary,0,0
S0314,56,M,96,0,moderate,1,0
S0315,32,M,81,2,mild,1,0
S0316,48,F,102,2,mild,0,0
S0317,21,F,108,0,moderate,1,0
S0318,68,M,95,1,sedentary,0,1
S0319,31,F,81,0,moderate,1,0
S0320,64,M,96,2,sedentary,0,1
S0321,75,M,75,0,sedentary,1,1
S0322,36,M,76,0,moderate,1,0
S0323,55,F,69,0,mild,0,0
S0324,32,M,83,0,moderate,0,0
S0325,47,M,112,2,sedentary,1,1
S0326,62,F,79,0,moderate,1,0
S0327,25,M,95,1,sedentary,0,0
S0328,42,M,84,0,moderate,1,0
S0329,49,F,89,0,sedentary,1,0
S0330,37,F,72,2,sedentary,1,1
S0331,49,M,82,0,moderate,1,0
S0332,60,M,100,1,mild,0,0
S0333,64,M,90,0,sedentary,0,0
S0334,26,F,82,0,vigorous,1,0
S0335,25,M,99,0,mild,1,0
S0336,59,M,92,0,mild,0,0
S0337,74,M,102,1,mild,1,1
S0338,59,M,88,0,moderate,0,0
S0339,55,F,83,1,sedentary,0,0
S0340,52,M,100,0,mild,1,0
S0341,45,F,84,0,moderate,0,0
S0342,63,F,71,0,moderate,1,0
S0343,54,M,70,2,sedentary,1,0
S0344,70,M,82,1,moderate,1,0
S0345,43,F,92,1,sedentary,1,0
S0346,38,F,71,2,moderate,0,0
S0347,44,M,108,0,mild,1,1
S0348,44,M,105,0,moderate,1,0
S0349,69,M,109,1,moderate,1,1
S0350,72,F,103,0,moderate,1,0
S0351,43,F,70,2,moderate,0,0
S0352,24,F,91,1,sedentary,0,0
S0353,58,F,87,0,sedentary,0,0
S0354,23,F,73,0,mild,1,0
S0355,67,F,80,0,mild,1,0
S0356,66,M,85,2,moderate,1,0
S0357,20,M,78,2,moderate,0,0
S0358,43,F,82,0,moderate,1,0
S0359,69,F,86,0,vigorous,1,0
S0360,45,F,71,1,moderate,1,0
S0361,66,F,72,0,moderate,0,0
S0362,23,M,113,0,mild,0,0
S0363,67,M,85,2,sedentary,1,1
S0364,30,F,95,0,sedentary,1,0
S0365,37,F,89,0,mild,1,0
S0366,61,F,88,1,moderate,1,0
S0367,28,M,96,0,sedentary,0,0
S0368,59,F,83,0,moderate,1,0
S0369,67,M,89,1,sedentary,0,0
S0370,54,F,89,0,mild,0,0
S0371,68,F,100,0,sedentary,1,0
S0372,49,F,79,1,moderate,1,0
S0373,41,F,110,0,moderate,1,0
S0374,42,M,112,1,sedentary,1,0
S0375,60,M,73,1,moderate,0,0
S0376,39,F,87,0,sedentary,1,0
S0377,65,F,90,0,moderate,1,0
S0378,26,M,98,1,moderate,0,0
S0379,32,M,84,2,mild,1,0
S0380,27,M,98,0,moderate,1,0
S0381,61,F,93,0,mild,0,0
S0382,34,F,95,0,mild,1,0
S0383,37,F,84,1,moderate,1,0
S0384,30,F,108,1,moderate,0,0
S0385,28,M,89,0,sedentary,1,0
S0386,64,M,103,1,sedentary,0,0
S0387,68,F,85,1,mild,1,1
S0388,51,F,80,1,vigorous,0,0
S0389,39,F,94,1,mild,0,0
S0390,70,M,93,0,sedentary,1,0
S0391,54,F,92,0,sedentary,1,0
S0392,61,M,96,0,sedentary,1,0
S0393,45,F,91,0,vigorous,0,0
S0394,22,F,77,1,moderate,0,0
S0395,58,F,93,0,mild,1,0
S0396,47,M,85,0,sedentary,1,0
S0397,59,F,93,0,mild,0,0
S0398,42,F,80,2,moderate,1,0
S0399,29,M,90,2,sedentary,0,0
S0400,53,F,95,1,vigorous,1,0
S0401,60,M,93,1,moderate,1,1
S0402,69,F,81,1,moderate,1,0
S0403,25,M,95,1,mild,1,0
S0404,23,F,92,1,mild,0,0
S0405,26,M,112,0,sedentary,1,0
S0406,33,F,84,0,moderate,0,0
S0407,45,F,93,1,sedentary,0,0
S0408,34,F,88,0,mild,1,0
S0409,39,F,92,0,mild,0,1
S0410,61,F,71,2,moderate,1,0
S0411,26,M,77,0,sedentary,1,0
S0412,34,F,106,0,sedentary,1,0
S0413,60,F,94,0,sedentary,1,1
S0414,65,F,85,0,moderate,1,0
S0415,68,F,108,1,moderate,1,0
S0416,22,M,94,0,sedentary,0,0
S0417,61,F,68,1,mild,1,0
S0418,66,F,77,1,mild,1,1
S0419,71,F,71,0,sedentary,0,0
S0420,74,F,81,2,sedentary,0,1
S0421,71,F,63,1,vigorous,1,0
S0422,30,M,80,0,moderate,1,0
S0423,41,F,92,1,sedentary,1,0
S0424,34,M,85,1,sedentary,1,0
S0425,57,M,93,1,vigorous,0,0
S0426,32,F,71,0,vigorous,0,0
S0427,39,M,88,0,moderate,1,0
S0428,40,M,88,0,moderate,1,0
S0429,33,F,72,0,mild,1,0
S0430,71,M,91,0,moderate,0,1
S0431,53,F,80,0,sedentary,0,0
S0432,71,M,84,1,moderate,1,1
S0433,65,F,110,0,moderate,0,1
S0434,71,F,97,0,vigorous,1,0
S0435,47,F,100,0,moderate,1,0
S0436,38,F,83,0,mild,0,0
S0437,22,F,82,1,moderate,0,0
S0438,51,M,78,0,vigorous,0,0
S0439,52,F,84,0,mild,1,0
S0440,75,M,97,1,mild,1,0
S0441,62,M,85,1,mild,0,0
S0442,32,M,97,0,mild,1,0
S0443,69,M,101,0,sedentary,0,0
S0444,75,F,101,0,mild,1,0
S0445,38,F,78,0,mild,0,0
S0446,52,F,81,1,sedentary,0,0
S0447,73,F,82,0,vigorous,1,1
S0448,42,M,82,0,mild,1,0
S0449,28,F,101,0,moderate,1,0
S0450,44,M,94,1,sedentary,1,1
S0451,60,M,87,1,sedentary,1,0
S0452,69,F,90,0,moderate,1,1
S0453,32,M,83,0,sedentary,1,0
S0454,73,M,93,1,mild,0,0
S0455,52,F,78,1,moderate,1,0
S0456,57,F,78,0,mild,0,0
S0457,64,M,88,0,sedentary,0,1
S0458,56,M,105,2,moderate,0,0
S0459,47,M,90,0,sedentary,1,0
S0460,44,M,91,0,moderate,1,0
S0461,28,M,89,0,moderate,1,0
S0462,27,F,68,1,mild,1,0
S0463,66,F,93,1,sedentary,0,0
S0464,54,F,88,0,mild,0,0
S0465,31,F,85,1,moderate,0,0
S0466,22,M,96,1,mild,1,0
S0467,49,M,90,0,moderate,1,0
S0468,62,M,82,0,mild,1,0
S0469,48,F,98,0,mild,0,1
S0470,55,M,77,2,moderate,0,0
S0471,66,M,94,0,mild,1,0
S0472,59,F,89,0,sedentary,1,1
S0473,69,F,73,1,mild,0,0
S0474,63,M,88,2,vigorous,1,0
S0475,63,M,72,0,mild,0,0
S0476,40,F,74,1,vigorous,1,0
S0477,52,F,101,0,sedentary,1,0
S0478,57,M,91,2,moderate,0,1
S0479,47,M,102,1,mild,1,0
S0480,38,F,91,0,mild,1,1
S0481,32,M,68,2,mild,1,0
S0482,49,F,80,2,sedentary,1,0
S0483,67,M,75,0,moderate,0,0
S0484,70,M,89,1,sedentary,0,1
S0485,28,F,63,0,mild,1,0
S0486,37,F,79,1,moderate,1,0
S0487,51,F,98,1,sedentary,0,0
S0488,54,M,74,0,mild,1,0
S0489,56,F,87,1,sedentary,0,1
S0490,52,M,96,1,mild,1,1
S0491,24,F,96,0,mild,1,1
S0492,47,F,86,0,mild,0,0
S0493,25,M,79,1,sedentary,1,0
S0494,56,M,94,0,sedentary,1,0
S0495,38,M,82,0,vigorous,0,0
S0496,54,F,92,1,mild,1,0
S0497,21,M,110,0,sedentary,1,0
S0498,54,F,77,0,sedentary,0,0
S0499,31,M,87,2,moderate,0,0
S0500,38,M,94,0,sedentary,1,0
S0501,56,M,96,1,vigorous,1,1
S0502,75,F,88,0,moderate,1,0
S0503,74,M,83,2,mild,1,0
S0504,20,M,79,2,moderate,0,0
S0505,21,F,89,1,sedentary,0,0
S0506,53,M,101,0,sedentary,0,0
S0507,26,M,97,0,moderate,1,0
S0508,53,F,84,0,vigorous,1,0
S0509,67,M,102,1,mild,1,1
S0510,46,F,87,2,moderate,0,0
S0511,22,F,82,0,sedentary,0,0
S0512,27,F,79,0,sedentary,0,0
S0513,40,M,83,2,moderate,1,0
S0514,72,F,54,1,moderate,1,0
S0515,68,F,101,1,moderate,0,0
S0516,30,M,106,0,moderate,0,0
S0517,57,F,89,0,sedentary,1,1
S0518,54,F,92,1,mild,1,0
S0519,61,M,81,0,mild,1,0
S0520,54,F,100,0,mild,1,1
S0521,28,F,91,0,mild,0,0
S0522,47,F,94,2,mild,0,0
S0523,30,M,93,0,sedentary,1,0
S0524,27,M,97,2,sedentary,0,0
S0525,48,M,107,0,moderate,1,0
S0526,49,F,104,1,mild,0,1
S0527,53,F,86,2,sedentary,1,0
S0528,65,M,93,0,mild,1,1
S0529,31,M,74,0,mild,0,0
S0530,54,M,71,0,mild,0,0
S0531,53,F,86,0,sedentary,0,0
S0532,66,M,95,0,mild,0,0
S0533,27,M,92,1,mild,1,0
S0534,35,F,97,1,moderate,1,0
S0535,57,M,102,0,mild,1,0
S0536,34,M,69,2,mild,0,0
S0537,65,M,94,0,mild,0,0
S0538,30,F,75,1,mild,1,0
S0539,23,M,94,1,moderate,1,0
S0540,53,M,78,1,moderate,0,0
S0541,71,M,89,0,moderate,0,0
S0542,72,M,75,1,mild,1,0
S0543,71,M,80,0,vigorous,1,0
S0544,45,F,99,0,sedentary,1,0
S0545,32,M,86,0,sedentary,1,0
S0546,30,M,94,2,sedentary,0,0
S0547,25,F,70,1,mild,0,0
S0548,24,F,80,0,mild,1,0
S0549,49,M,84,2,mild,1,0
S0550,25,F,76,1,moderate,0,0
S0551,57,F,82,0,moderate,0,0
S0552,47,M,95,0,vigorous,0,0
S0553,55,F,76,0,vigorous,1,0
S0554,30,F,96,1,mild,1,1
S0555,46,F,95,2,moderate,1,0
S0556,70,F,77,1,mild,1,0
S0557,59,F,92,0,moderate,0,0
S0558,46,M,103,0,mild,1,0
S0559,67,M,98,1,vigorous,0,0
S0560,31,M,89,0,moderate,1,0
S0561,40,M,108,1,mild,0,1
S0562,41,M,94,0,sedentary,1,0
S0563,65,F,81,1,moderate,1,0
S0564,39,M,99,0,vigorous,0,0
S0565,46,M,85,0,mild,1,0
S0566,52,F,95,0,sedentary,1,1
S0567,60,M,73,0,mild,1,0
S0568,29,M,98,0,moderate,0,0
S0569,70,F,92,2,moderate,1,0
S0570,68,M,90,0,mild,1,0
S0571,41,F,78,0,mild,1,0
S0572,69,M,87,0,mild,0,1
S0573,50,M,90,0,sedentary,0,1
S0574,32,M,100,0,moderate,0,0
S0575,35,F,96,1,moderate,1,0
S0576,68,M,95,0,mild,1,0
S0577,35,F,83,1,moderate,0,0
S0578,69,M,75,0,moderate,0,0
S0579,56,F,91,2,mild,1,0
S0580,26,F,81,0,vigorous,1,0
S0581,74,F,66,2,mild,1,1
S0582,73,F,71,0,moderate,1,0
S0583,68,F,79,0,moderate,0,0
S0584,24,M,114,1,sedentary,1,0
S0585,65,M,86,0,sedentary,1,0
S0586,35,M,77,0,sedentary,0,0
S0587,39,F,93,0,moderate,1,0
S0588,27,F,89,0,vigorous,1,0
S0589,70,F,101,0,moderate,0,1
S0590,37,F,64,0,mild,1,0
S0591,31,F,109,0,moderate,1,0
S0592,69,F,75,0,vigorous,1,0
S0593,32,F,88,1,mild,0,0
S0594,67,F,82,0,sedentary,0,0
S0595,22,M,101,0,vigorous,0,0
S0596,20,F,88,1,moderate,1,0
S0597,70,F,84,0,vigorous,1,0
S0598,51,F,78,0,sedentary,1,0
S0599,62,F,106,1,moderate,1,0
S0600,26,M,88,1,sedentary,0,0
S0601,75,M,84,0,vigorous,0,0
S0602,63,F,83,1,mild,1,0
S0603,23,F,72,0,mild,1,0
S0604,50,M,86,1,sedentary,0,0
S0605,47,M,77,1,vigorous,1,0
S0606,50,F,92,1,moderate,0,0
S0607,73,M,75,0,mild,1,1
S0608,63,M,91,2,moderate,1,1
S0609,66,M,72,0,vigorous,1,0
S0610,75,M,98,0,moderate,1,1
S0611,69,F,79,0,sedentary,1,0
S0612,53,F,91,1,mild,0,0
S0613,49,F,70,1,mild,1,0
S0614,48,F,88,1,mild,0,0
S0615,49,F,82,0,sedentary,1,0
S0616,70,M,102,1,sedentary,0,1
S0617,36,F,102,1,sedentary,1,0
S0618,48,F,74,1,mild,1,0
S0619,55,M,71,2,mild,0,0
S0620,26,M,81,0,moderate,0,0
S0621,51,M,96,0,moderate,1,0
S0622,33,M,102,0,moderate,0,0
S0623,60,F,71,0,moderate,1,0
S0624,53,F,94,0,mild,1,0
S0625,21,M,108,0,moderate,1,0
S0626,69,F,75,1,mild,1,1
S0627,28,M,87,0,mild,0,0
S0628,46,M,93,0,sedentary,0,1
S0629,63,F,101,1,moderate,1,0
S0630,69,M,97,1,mild,0,0
S0631,61,M,70,0,mild,1,0
S0632,58,F,82,1,sedentary,0,0
S0633,71,F,96,0,moderate,1,1
S0634,37,F,90,0,sedentary,1,0
S0635,55,F,96,0,moderate,0,0
S0636,58,F,96,1,moderate,0,0
S0637,28,M,97,0,mild,1,0
S0638,55,F,77,2,mild,1,0
S0639,52,F,81,0,moderate,1,0
S0640,30,F,86,1,mild,1,1
S0641,59,F,108,0,moderate,0,1
S0642,22,F,85,1,sedentary,1,1
S0643,30,F,76,1,mild,0,0
S0644,35,M,97,0,moderate,0,0
S0645,37,F,83,0,vigorous,0,0
S0646,39,M,86,0,mild,0,0
S0647,22,M,93,0,vigorous,1,0
S0648,50,F,91,1,mild,1,1
S0649,32,M,88,1,mild,1,0
S0650,39,F,75,1,vigorous,1,0
S0651,36,M,104,1,mild,1,0
S0652,39,M,84,0,moderate,1,0
S0653,61,F,82,0,moderate,0,0
S0654,36,F,88,0,mild,0,0
S0655,48,M,88,0,mild,1,0
S0656,28,F,88,2,vigorous,0,0
S0657,55,M,95,0,mild,0,1
S0658,41,M,93,1,vigorous,1,0
S0659,64,M,77,0,mild,1,0
S0660,44,M,87,0,sedentary,1,0
S0661,52,F,77,1,sedentary,0,0
S0662,27,M,63,0,moderate,1,0
S0663,22,M,112,1,moderate,0,0
S0664,38,F,89,1,moderate,0,0
S0665,30,F,88,2,moderate,1,0
S0666,63,M,84,2,mild,0,0
S0667,56,M,91,0,sedentary,1,0
S0668,30,M,86,1,moderate,0,0
S0669,58,M,107,0,mild,1,0
S0670,48,M,96,0,vigorous,0,0
S0671,66,F,89,0,sedentary,1,0
S0672,63,M,103,0,sedentary,1,1
S0673,24,M,89,0,vigorous,0,0
S0674,69,M,94,0,vigorous,0,0
S0675,39,M,109,0,moderate,0,0
S0676,56,M,92,0,mild,0,0
S0677,48,M,93,1,sedentary,1,0
S0678,40,F,116,2,sedentary,0,0
S0679,25,F,71,1,mild,1,0
S0680,50,M,97,0,moderate,1,0
S0681,24,M,109,0,moderate,1,0
S0682,34,M,112,1,vigorous,1,0
S0683,58,M,86,2,mild,1,1
S0684,37,M,95,0,mild,0,0
S0685,30,M,72,2,moderate,1,0
S0686,57,M,99,0,moderate,1,0
S0687,52,F,80,2,sedentary,1,0
S0688,66,F,69,0,moderate,1,0
S0689,25,F,86,0,mild,1,0
S0690,61,F,97,1,moderate,1,0
S0691,41,F,91,0,moderate,1,0
S0692,33,M,87,0,mild,1,0
S0693,23,F,88,0,vigorous,1,0
S0694,69,F,86,0,mild,0,0
S0695,36,M,109,0,mild,0,1
S0696,21,F,60,1,sedentary,0,0
S0697,60,F,95,1,moderate,0,0
S0698,62,M,81,1,sedentary,0,0
S0699,29,M,96,2,moderate,0,1
S0700,69,M,108,1,sedentary,0,1
S0701,25,M,108,2,sedentary,0,0
S0702,34,F,92,1,moderate,1,1
S0703,62,M,111,0,sedentary,0,1
S0704,36,F,97,0,moderate,0,0
S0705,55,F,64,0,moderate,0,0
S0706,70,M,72,2,mild,0,0
S0707,65,F,95,0,mild,1,0
S0708,61,M,81,1,mild,0,1
S0709,74,M,99,1,sedentary,1,0
S0710,32,M,104,1,moderate,1,0
S0711,69,M,81,1,mild,0,0
S0712,51,M,85,0,mild,1,1
S0713,73,M,76,0,vigorous,1,0
S0714,69,F,66,1,moderate,1,0
S0715,32,M,80,1,mild,0,0
S0716,52,M,74,1,moderate,0,0
S0717,63,F,90,2,sedentary,1,0
S0718,61,F,94,1,moderate,0,1
S0719,71,M,113,2,moderate,0,1
S0720,23,F,79,1,moderate,0,0
S0721,56,F,92,0,sedentary,0,0
S0722,43,F,81,2,mild,0,0
S0723,20,M,75,1,sedentary,0,0
S0724,65,F,77,0,moderate,1,1
S0725,31,M,80,0,mild,1,0
S0726,66,F,87,1,vigorous,1,0
S0727,25,F,94,0,sedentary,0,0
S0728,47,F,70,0,sedentary,0,0
S0729,28,F,72,1,mild,1,0
S0730,41,M,78,0,moderate,1,0
S0731,74,F,80,0,mild,1,0
S0732,41,M,98,1,sedentary,0,0
S0733,63,F,71,1,moderate,1,0
S0734,30,M,94,0,sedentary,1,0
S0735,72,M,65,0,mild,0,0
S0736,33,M,104,0,sedentary,1,0
S0737,44,M,79,0,sedentary,1,0
S0738,25,F,72,0,mild,0,0
S0739,24,F,88,0,mild,0,0
S0740,72,M,95,1,sedentary,1,0
S0741,23,M,101,0,moderate,1,0
S0742,74,F,102,0,vigorous,1,0
S0743,38,M,90,2,moderate,0,0
S0744,42,F,102,0,mild,0,0
S0745,44,M,102,2,mild,1,0
S0746,62,F,99,1,moderate,0,0
S0747,23,F,88,1,sedentary,0,0
S0748,26,F,104,1,sedentary,1,0
S0749,68,M,68,1,mild,1,0
S0750,43,F,91,2,moderate,0,0
S0751,41,F,92,1,moderate,1,0
S0752,66,M,98,1,mild,0,0
S0753,68,F,68,1,moderate,1,0
S0754,47,F,116,2,moderate,0,1
S0755,68,F,85,0,mild,1,1
S0756,30,F,101,0,sedentary,1,0
S0757,30,M,97,0,moderate,1,0
S0758,52,F,86,0,moderate,1,0
S0759,67,F,73,0,sedentary,1,0
S0760,61,M,85,2,mild,1,1
S0761,43,F,102,1,moderate,0,0
S0762,63,F,85,0,moderate,0,0
S0763,55,F,113,1,moderate,1,1
S0764,55,F,93,0,moderate,0,0
S0765,70,M,90,0,mild,1,0
S0766,72,F,97,1,sedentary,0,1
S0767,26,F,92,1,sedentary,1,0
S0768,38,F,85,2,vigorous,0,0
S0769,35,M,84,1,sedentary,1,0
S0770,63,F,100,1,mild,1,1
S0771,59,M,86,1,sedentary,1,1
S0772,65,F,111,1,moderate,0,0
S0773,56,F,109,0,sedentary,1,0
S0774,30,M,97,0,mild,0,0
S0775,23,F,78,0,moderate,1,0
S0776,48,M,109,1,moderate,1,0
S0777,42,F,77,1,sedentary,1,0
S0778,62,M,81,1,mild,1,1
S0779,61,F,104,2,moderate,0,1
S0780,25,F,88,2,moderate,0,0
S0781,43,M,91,0,moderate,0,0
S0782,22,F,91,0,moderate,0,0
S0783,46,F,92,2,mild,0,0
S0784,68,M,86,0,sedentary,1,0
S0785,36,F,89,1,sedentary,1,1
S0786,68,F,98,0,moderate,0,0
S0787,73,F,76,1,sedentary,1,0
S0788,67,M,115,0,moderate,1,0
S0789,20,F,62,0,moderate,0,0
S0790,75,F,71,1,moderate,1,0
S0791,32,F,94,2,mild,1,0
S0792,33,F,96,1,sedentary,1,1
S0793,40,F,82,0,sedentary,1,0
S0794,20,M,91,1,moderate,0,0
S0795,41,M,87,0,sedentary,1,0
S0796,64,M,100,0,moderate,1,0
S0797,51,M,93,2,moderate,1,0
S0798,22,F,82,1,moderate,1,0
S0799,72,M,113,0,moderate,0,1
S0800,50,M,91,0,sedentary,0,0
S0801,37,M,109,0,moderate,0,0
S0802,22,F,85,1,vigorous,1,0
S0803,22,F,71,0,moderate,0,0
S0804,45,M,92,2,sedentary,0,0
S0805,20,F,84,2,moderate,0,0
S0806,75,F,95,0,moderate,1,0
S0807,27,M,113,0,vigorous,0,0
S0808,46,F,67,1,sedentary,1,0
S0809,50,M,88,2,mild,0,0
S0810,73,M,100,1,moderate,1,0
S0811,41,M,111,0,vigorous,0,0
S0812,74,F,83,1,mild,1,1
S0813,49,F,79,0,mild,0,0
S0814,72,F,72,0,vigorous,1,0
S0815,30,M,108,0,mild,0,1
S0816,22,M,102,0,vigorous,1,0
S0817,47,M,81,0,moderate,1,0
S0818,29,M,99,0,moderate,1,0
S0819,54,F,97,1,moderate,1,0
S0820,52,F,86,0,mild,0,0
S0821,61,M,86,0,mild,0,1
S0822,25,M,101,0,moderate,1,0
S0823,51,F,85,1,sedentary,0,0
S0824,33,M,109,0,vigorous,1,0
S0825,29,M,89,0,moderate,0,0
S0826,40,M,104,0,moderate,0,0
S0827,61,M,113,2,sedentary,0,1
S0828,59,F,64,0,moderate,0,1
S0829,51,M,114,0,moderate,1,0
S0830,41,F,70,1,sedentary,0,0
S0831,48,F,71,1,mild,1,0
S0832,74,F,63,1,moderate,1,0
S0833,50,M,108,0,vigorous,1,0
S0834,23,F,87,0,sedentary,0,0
S0835,72,M,103,0,mild,1,0
S0836,26,F,63,2,mild,1,0
S0837,40,F,95,0,moderate,0,0
S0838,20,F,81,0,sedentary,0,0
S0839,34,M,85,0,sedentary,1,0
S0840,26,M,77,1,mild,0,0
S0841,55,F,96,0,sedentary,1,1
S0842,62,M,110,0,mild,0,1
S0843,39,F,81,0,mild,0,0
S0844,20,F,92,1,sedentary,1,0
S0845,27,M,100,0,moderate,1,0
S0846,37,M,117,0,mild,1,0
S0847,24,F,81,0,moderate,0,0
S0848,50,F,84,1,vigorous,1,0
S0849,23,F,95,0,sedentary,1,0
S0850,32,F,87,0,moderate,0,0
S0851,60,M,81,1,moderate,1,0
S0852,23,F,79,0,sedentary,1,0
S0853,40,F,71,1,vigorous,1,0
S0854,21,M,70,1,sedentary,0,0
S0855,34,M,100,1,vigorous,1,0
S0856,33,F,88,1,mild,0,0
S0857,30,M,107,0,sedentary,0,0
S0858,71,M,103,0,mild,0,0
S0859,60,M,89,1,moderate,1,0
S0860,59,F,94,1,mild,1,0
S0861,42,M,95,0,moderate,1,0
S0862,52,M,88,0,vigorous,0,0
S0863,21,M,95,1,vigorous,0,0
S0864,45,M,91,0,vigorous,1,0
S0865,42,M,87,0,mild,0,0
S0866,52,F,67,1,mild,1,0
S0867,29,F,104,0,sedentary,1,0
S0868,69,F,83,0,sedentary,0,1
S0869,45,F,71,0,sedentary,1,0
S0870,48,F,108,1,moderate,1,0
S0871,34,M,75,2,moderate,1,0
S0872,45,F,76,0,mild,0,0
S0873,62,M,95,0,moderate,1,0
S0874,35,M,106,0,moderate,1,0
S0875,46,F,114,0,sedentary,1,0
S0876,61,F,52,0,mild,1,0
S0877,20,M,85,1,moderate,0,0
S0878,50,F,90,1,vigorous,0,0
S0879,27,F,80,0,mild,1,0
S0880,45,M,84,1,moderate,0,0
S0881,50,F,84,2,moderate,0,1
S0882,37,M,88,1,moderate,1,0
S0883,55,M,87,1,moderate,0,0
S0884,70,M,83,1,sedentary,1,1
S0885,27,F,82,0,mild,0,0
S0886,25,M,93,0,moderate,1,0
S0887,32,M,94,0,moderate,1,0
S0888,55,F,96,1,mild,0,0
S0889,40,F,93,0,mild,0,0
S0890,50,M,95,0,moderate,0,0
S0891,26,F,83,1,mild,1,0
S0892,58,M,80,2,mild,1,0
S0893,38,F,85,0,vigorous,0,0
S0894,44,M,95,1,sedentary,1,0
S0895,50,M,106,0,sedentary,0,0
S0896,47,F,84,0,sedentary,0,0
S0897,38,F,69,0,sedentary,1,0
S0898,36,M,68,1,moderate,0,0
S0899,51,F,96,0,sedentary,1,1
S0900,31,F,97,0,moderate,0,0
S0901,74,M,77,1,moderate,0,0
S0902,46,F,100,2,sedentary,0,0
S0903,53,M,109,1,moderate,1,0
S0904,46,M,82,1,mild,0,0
S0905,64,M,80,0,moderate,1,0
S0906,56,F,75,2,mild,1,0
S0907,59,M,78,0,vigorous,1,0
S0908,39,F,76,1,moderate,0,0
S0909,40,M,106,0,vigorous,0,0
S0910,57,M,101,0,sedentary,0,0
S0911,45,F,85,1,sedentary,0,0
S0912,28,M,103,0,sedentary,1,0
S0913,31,F,88,0,sedentary,1,0
S0914,26,M,87,0,vigorous,1,0
S0915,61,M,76,1,vigorous,0,0
S0916,74,F,91,0,sedentary,0,0
S0917,35,M,93,0,sedentary,1,0
S0918,54,M,99,0,sedentary,1,0
S0919,58,F,87,0,sedentary,0,0
S0920,64,M,105,2,moderate,0,1
S0921,37,M,92,0,mild,1,0
S0922,39,M,99,1,mild,1,0
S0923,57,F,83,0,sedentary,1,0
S0924,40,M,108,2,mild,0,0
S0925,41,M,102,1,moderate,0,0
S0926,72,M,104,0,sedentary,0,1
S0927,22,M,110,0,moderate,0,0
S0928,75,F,105,0,moderate,1,1
S0929,74,F,79,0,sedentary,0,1
S0930,64,M,95,0,mild,0,1
S0931,73,M,76,1,moderate,0,0
S0932,49,M,92,0,vigorous,1,0
S0933,45,M,80,0,moderate,1,0
S0934,61,F,83,1,sedentary,1,0
S0935,74,M,101,0,sedentary,0,0
S0936,33,M,95,1,moderate,0,0
S0937,29,F,65,1,mild,1,0
S0938,30,F,68,0,mild,1,0
S0939,28,F,101,0,moderate,1,0
S0940,46,F,79,0,vigorous,0,0
S0941,66,F,105,2,moderate,1,1
S0942,58,M,94,0,sedentary,0,0
S0943,67,M,104,0,vigorous,1,0
S0944,40,M,94,0,moderate,1,0
S0945,21,F,97,2,moderate,1,0
S0946,29,F,84,0,mild,0,0
S0947,41,M,75,0,sedentary,1,0
S0948,66,M,98,0,vigorous,1,0
S0949,63,F,88,0,sedentary,1,1
S0950,74,F,73,0,sedentary,1,1
S0951,27,F,93,2,mild,1,0
S0952,33,M,64,0,moderate,1,0
S0953,21,M,88,0,sedentary,0,0
S0954,69,F,71,2,mild,0,1
S0955,37,M,73,0,mild,1,0
S0956,65,F,84,0,sedentary,1,1
S0957,55,F,96,0,moderate,0,0
S0958,36,M,85,1,mild,1,0
S0959,25,F,81,1,mild,1,0
S0960,41,F,103,2,mild,0,0
S0961,51,F,76,1,sedentary,0,0
S0962,63,M,75,0,vigorous,1,0
S0963,73,F,70,0,vigorous,0,0
S0964,30,M,106,1,mild,0,0
S0965,51,F,78,0,mild,0,0
S0966,38,M,94,0,mild,0,0
S0967,59,F,85,1,mild,0,1
S0968,25,M,95,0,sedentary,0,0
S0969,57,F,93,0,mild,0,0
S0970,65,M,92,1,moderate,0,0
S0971,29,F,96,0,mild,1,0
S0972,54,F,105,2,moderate,1,1
S0973,74,M,106,2,sedentary,1,1
S0974,73,F,93,2,moderate,0,1
S0975,26,F,108,0,sedentary,1,0
S0976,75,F,72,0,mild,0,1
S0977,54,M,107,0,mild,1,0
S0978,53,M,79,1,moderate,0,0
S0979,37,M,72,0,moderate,0,0
S0980,61,F,71,0,sedentary,1,0
S0981,55,M,79,1,mild,0,0
S0982,61,M,115,0,sedentary,0,1
S0983,63,M,88,0,moderate,0,0
S0984,42,M,79,1,mild,1,0
S0985,49,F,82,1,sedentary,0,0
S0986,62,F,68,0,mild,1,0
S0987,22,F,89,1,sedentary,1,0
S0988,54,F,91,1,mild,1,0
S0989,23,M,113,2,moderate,0,1
S0990,45,F,81,1,sedentary,0,0
S0991,63,M,81,0,moderate,1,0
S0992,29,M,92,1,mild,0,0
S0993,63,F,81,0,sedentary,0,0
S0994,27,F,93,2,sedentary,1,0
S0995,59,M,88,0,mild,0,0
S0996,62,F,55,1,mild,0,1
S0997,33,M,77,2,mild,1,1
S0998,57,F,112,0,sedentary,0,1
S0999,30,F,87,0,moderate,1,0
S1000,47,F,88,1,mild,1,1
S1001,63,M,91,0,mild,0,1
S1002,55,F,74,0,moderate,0,0
S1003,75,M,97,2,vigorous,1,1
S1004,40,F,81,1,mild,0,0
S1005,53,M,81,1,sedentary,0,0
S1006,48,M,88,1,sedentary,0,0
S1007,45,M,82,1,mild,0,0
S1008,59,F,71,0,sedentary,1,1
S1009,23,M,83,1,moderate,0,0
S1010,56,M,76,0,sedentary,1,0
S1011,65,F,104,1,mild,0,1
S1012,31,M,111,0,vigorous,1,0
S1013,58,M,81,0,mild,0,0
S1014,20,F,119,0,moderate,0,1
S1015,44,F,82,0,mild,0,0
S1016,58,M,94,0,vigorous,1,0
S1017,58,F,81,1,sedentary,1,1
S1018,30,M,87,1,moderate,0,0
S1019,61,M,88,0,moderate,1,0
S1020,24,M,98,1,moderate,0,0
S1021,46,M,99,0,moderate,1,0
S1022,61,F,90,0,sedentary,1,0
S1023,71,M,111,0,vigorous,0,0
S1024,33,F,95,1,sedentary,0,0
S1025,68,M,85,0,moderate,0,0
S1026,22,M,87,1,vigorous,1,0
S1027,32,M,89,1,mild,0,0
S1028,65,F,89,1,moderate,1,0
S1029,39,F,82,1,vigorous,1,0
S1030,73,F,80,1,moderate,0,0
S1031,65,M,101,1,moderate,1,0
S1032,66,F,79,0,moderate,1,0
S1033,37,F,73,1,sedentary,0,0
S1034,21,M,83,2,moderate,0,0
S1035,60,M,97,1,sedentary,1,0
S1036,22,M,96,2,moderate,0,0
S1037,35,M,85,0,mild,1,0
S1038,55,M,95,0,sedentary,0,1
S1039,43,F,76,1,sedentary,1,0
S1040,60,F,93,1,mild,0,1
S1041,36,F,88,0,sedentary,1,0
S1042,69,M,79,1,mild,0,0
S1043,60,F,96,2,mild,0,0
S1044,68,M,91,0,mild,1,0
S1045,26,M,95,0,mild,1,0
S1046,48,F,89,1,mild,0,0
S1047,39,F,91,0,sedentary,0,0
S1048,24,M,59,0,mild,1,0
S1049,53,F,90,1,vigorous,0,0
S1050,34,M,100,2,sedentary,1,0
S1051,34,F,92,2,moderate,1,0
S1052,41,F,78,1,sedentary,1,0
S1053,42,M,105,1,moderate,1,0
S1054,28,F,77,1,moderate,0,0
S1055,55,F,88,2,mild,1,0
S1056,68,F,97,2,moderate,1,1
S1057,49,M,93,0,sedentary,1,0
S1058,62,F,81,0,moderate,1,0
S1059,64,F,70,1,moderate,1,0
S1060,54,M,106,0,sedentary,0,0
S1061,62,F,69,0,sedentary,0,0
S1062,44,F,94,0,moderate,1,0
S1063,49,M,102,1,mild,1,0
S1064,26,M,81,0,mild,1,1
S1065,47,F,98,0,sedentary,1,1
S1066,51,M,78,1,moderate,1,0
S1067,31,M,96,2,mild,1,0
S1068,68,F,80,0,sedentary,0,1
S1069,52,F,77,1,moderate,0,0
S1070,40,F,73,1,mild,1,0
S1071,28,F,96,1,moderate,0,0
S1072,54,F,85,0,moderate,0,0
S1073,20,M,105,0,moderate,0,0
S1074,29,F,84,2,vigorous,0,0
S1075,50,M,85,2,vigorous,1,0
S1076,23,F,81,1,sedentary,0,0
S1077,52,F,92,0,moderate,0,0
S1078,74,M,87,0,mild,0,0
S1079,70,M,118,1,moderate,1,0
S1080,27,F,99,1,mild,1,1
S1081,46,F,68,0,vigorous,1,0
S1082,38,F,101,0,mild,1,0
S1083,47,F,66,1,mild,0,0
S1084,52,M,85,0,sedentary,1,0
S1085,28,F,92,0,sedentary,1,0
S1086,72,F,88,1,sedentary,1,1
S1087,40,F,68,2,sedentary,1,0
S1088,39,F,90,0,mild,1,0
S1089,48,M,94,0,moderate,1,0
S1090,50,M,88,0,mild,1,0
S1091,33,F,78,1,sedentary,0,1
S1092,35,M,95,2,mild,0,0
S1093,23,F,75,0,sedentary,0,0
S1094,72,F,91,0,mild,1,0
S1095,25,M,97,0,moderate,0,0
S1096,53,M,113,0,sedentary,1,1
S1097,30,F,73,0,moderate,0,0
S1098,70,F,90,0,mild,0,0
S1099,50,M,96,0,mild,1,0
S1100,48,F,81,0,sedentary,1,0
S1101,71,F,90,1,moderate,0,0
S1102,44,F,76,0,mild,1,1
S1103,20,F,75,1,moderate,1,0
S1104,57,M,94,1,mild,1,0
S1105,42,M,96,2,sedentary,1,0
S1106,71,F,95,0,vigorous,0,0
S1107,29,M,100,1,sedentary,1,0
S1108,51,F,83,1,mild,1,0
S1109,59,F,99,2,vigorous,0,1
S1110,35,M,100,0,moderate,1,0
S1111,40,M,100,0,sedentary,0,0
S1112,48,F,76,1,vigorous,0,0
S1113,68,F,92,1,moderate,0,1
S1114,21,M,102,2,moderate,0,0
S1115,75,M,98,1,vigorous,1,1
S1116,65,M,89,0,vigorous,1,0
S1117,42,M,88,0,mild,0,0
S1118,62,F,84,0,sedentary,0,0
S1119,46,F,83,1,mild,0,0
S1120,68,M,106,1,moderate,0,0
S1121,34,M,104,2,mild,0,0
S1122,40,F,95,0,mild,1,1
S1123,67,F,68,0,moderate,1,0
S1124,48,F,97,0,mild,0,0
S1125,55,F,87,1,moderate,1,1
S1126,29,M,101,1,mild,0,0
S1127,55,F,85,0,mild,0,0
S1128,41,M,93,1,moderate,0,0
S1129,31,M,110,0,mild,1,0
S1130,39,F,84,0,mild,1,0
S1131,30,F,98,2,vigorous,0,0
S1132,43,F,97,1,mild,1,1
S1133,30,F,69,1,moderate,1,0
S1134,38,F,99,0,moderate,1,0
S1135,34,F,58,1,moderate,0,0
S1136,64,F,81,1,mild,0,0
S1137,47,M,100,0,mild,1,0
S1138,32,F,89,0,moderate,0,0
S1139,40,M,81,0,moderate,0,0
S1140,28,F,63,0,vigorous,1,0
S1141,46,M,100,1,sedentary,0,0
S1142,29,M,96,1,mild,1,0
S1143,24,F,84,1,moderate,0,0
S1144,64,M,83,0,moderate,0,0
S1145,25,M,101,1,sedentary,1,0
S1146,68,F,96,0,sedentary,0,0
S1147,39,F,73,0,moderate,1,0
S1148,75,F,86,0,moderate,0,0
S1149,73,M,89,1,moderate,1,1
S1150,49,M,102,0,mild,0,0
S1151,40,M,93,0,vigorous,1,0
S1152,47,M,87,0,sedentary,1,0
S1153,40,F,77,0,moderate,1,0
S1154,32,F,73,1,mild,1,0
S1155,42,F,80,1,sedentary,1,0
S1156,46,M,114,0,moderate,1,0
S1157,47,F,78,2,mild,1,0
S1158,61,F,96,0,mild,0,1
S1159,50,F,95,2,mild,1,1
S1160,44,F,87,0,moderate,0,0
S1161,69,M,114,0,moderate,1,1
S1162,48,F,81,1,vigorous,0,0
S1163,41,M,67,0,moderate,1,0
S1164,55,F,77,0,vigorous,0,0
S1165,59,F,89,1,sedentary,1,1
S1166,47,M,92,0,sedentary,1,0
S1167,25,F,93,0,mild,0,0
S1168,56,F,72,1,mild,1,0
S1169,20,M,84,1,moderate,1,0
S1170,42,F,85,1,vigorous,0,0
S1171,60,F,85,0,sedentary,1,0
S1172,23,M,79,1,moderate,1,0
S1173,47,M,80,1,mild,0,0
S1174,57,F,89,0,vigorous,1,0
S1175,23,M,108,0,vigorous,1,0
S1176,52,M,101,2,mild,0,0
S1177,65,M,112,0,moderate,1,0
S1178,35,F,83,0,mild,0,0
S1179,65,M,77,1,mild,1,0
S1180,58,F,94,0,sedentary,1,0
S1181,35,M,92,0,moderate,0,0
S1182,31,M,98,1,vigorous,0,0
S1183,61,F,74,2,moderate,0,0
S1184,56,M,104,0,mild,1,1
S1185,61,F,83,1,moderate,0,0
S1186,40,F,71,0,mild,1,0
S1187,29,M,112,0,mild,0,0
S1188,41,M,88,0,sedentary,1,1
S1189,74,M,79,0,moderate,0,0
S1190,72,F,81,0,vigorous,1,0
S1191,46,M,100,0,moderate,0,0
S1192,40,M,105,0,mild,0,0
S1193,36,M,80,0,sedentary,0,0
S1194,50,M,72,0,vigorous,1,0
S1195,24,M,102,1,mild,1,0
S1196,64,M,83,0,sedentary,1,1
S1197,20,M,74,0,moderate,0,0
S1198,72,F,80,1,sedentary,1,0
S1199,42,F,96,0,mild,1,1
S1200,21,M,79,0,moderate,1,0
S1201,45,F,78,1,sedentary,1,0
S1202,55,M,93,0,sedentary,1,0
S1203,42,M,103,1,moderate,0,0
S1204,34,F,82,0,moderate,0,1
S1205,23,F,97,0,sedentary,1,0
S1206,71,F,78,1,moderate,0,0
S1207,35,M,100,0,mild,1,0
S1208,31,F,92,2,sedentary,0,0
S1209,44,M,94,2,mild,0,0
S1210,66,M,107,1,vigorous,1,0
S1211,71,F,80,1,moderate,1,1
S1212,42,M,95,0,moderate,1,0
S1213,71,F,90,0,vigorous,0,0
S1214,30,M,93,1,sedentary,1,0
S1215,21,F,94,0,vigorous,0,0
S1216,65,F,64,1,moderate,1,0
S1217,21,M,80,0,mild,1,0
S1218,69,F,100,0,vigorous,1,0
S1219,47,M,82,0,mild,0,0
S1220,35,M,87,0,mild,0,0
S1221,57,M,73,0,mild,1,0
S1222,26,M,79,1,sedentary,1,0
S1223,61,F,99,1,moderate,1,1
S1224,29,M,90,0,mild,0,0
S1225,67,F,90,1,moderate,1,0
S1226,57,F,98,0,sedentary,0,0
S1227,69,F,69,0,sedentary,1,0
S1228,41,F,72,0,moderate,1,0
S1229,21,M,94,1,moderate,0,0
S1230,68,F,84,0,vigorous,1,0
S1231,24,F,81,1,moderate,1,0
S1232,48,F,72,0,moderate,1,0
S1233,39,M,101,0,mild,1,0
S1234,70,F,75,0,vigorous,1,1
S1235,66,M,87,0,mild,1,0
S1236,35,M,114,0,sedentary,0,0
S1237,66,M,103,0,moderate,1,1
S1238,24,F,79,0,moderate,0,0
S1239,72,M,89,0,moderate,1,0
S1240,21,M,98,0,mild,0,0
S1241,42,F,89,0,moderate,1,0
S1242,55,F,103,1,mild,1,0
S1243,49,M,86,2,moderate,0,0
S1244,61,M,86,0,sedentary,0,0
S1245,69,F,91,0,mild,0,1
S1246,63,F,94,0,moderate,1,1
S1247,40,M,70,0,vigorous,1,0
S1248,48,F,75,1,mild,1,0
S1249,45,M,108,0,mild,1,0
S1250,66,M,93,1,vigorous,1,0
S1251,75,F,78,1,sedentary,0,1
S1252,44,F,78,1,sedentary,1,0
S1253,25,F,80,1,moderate,1,0
S1254,28,M,96,2,vigorous,0,0
S1255,63,F,73,0,sedentary,1,0
S1256,23,F,99,0,mild,1,0
S1257,47,M,106,1,sedentary,1,1
S1258,46,F,107,0,sedentary,1,0
S1259,70,F,72,1,vigorous,1,0
S1260,44,F,60,1,moderate,1,0
S1261,67,M,76,0,vigorous,1,0
S1262,27,F,58,1,sedentary,1,0
S1263,65,F,99,1,moderate,0,1
S1264,51,M,82,0,moderate,1,1
S1265,47,F,80,0,sedentary,0,0
S1266,65,M,96,0,moderate,0,0
S1267,72,F,92,1,sedentary,1,0
S1268,72,F,82,1,sedentary,1,0
S1269,73,M,94,0,moderate,1,0
S1270,35,M,77,2,moderate,1,0
S1271,63,M,77,0,moderate,1,0
S1272,53,M,84,0,moderate,1,0
S1273,59,M,91,0,moderate,0,0
S1274,26,F,67,0,vigorous,1,0
S1275,35,M,75,0,vigorous,1,0
S1276,46,M,86,1,moderate,1,0
S1277,45,M,82,0,vigorous,0,0
S1278,66,F,89,0,moderate,1,0
S1279,25,F,92,0,sedentary,0,0
S1280,62,F,84,0,mild,1,0
S1281,40,F,78,1,mild,0,0
S1282,33,F,80,1,moderate,1,0
S1283,23,F,78,0,moderate,1,0
S1284,73,M,84,1,vigorous,0,0
S1285,48,F,82,0,moderate,1,0
S1286,61,F,112,1,moderate,0,1
S1287,73,F,77,2,sedentary,1,1
S1288,42,M,81,0,mild,0,0
S1289,30,F,101,1,moderate,1,0
S1290,46,F,96,1,moderate,0,0
S1291,43,F,97,0,mild,1,0
S1292,39,F,94,0,vigorous,1,0
S1293,58,M,97,0,sedentary,0,1
S1294,47,M,72,1,sedentary,1,0
S1295,43,F,89,1,sedentary,1,0
S1296,38,F,76,0,moderate,0,0
S1297,20,F,83,0,sedentary,0,0
S1298,68,M,120,1,mild,1,1
S1299,35,F,94,1,moderate,1,0
S1300,50,M,96,2,sedentary,1,0
S1301,25,F,71,1,moderate,1,0
S1302,54,F,65,0,sedentary,0,0
S1303,55,F,97,1,vigorous,1,0
S1304,24,M,81,1,moderate,0,0
S1305,58,M,94,1,mild,1,0
S1306,28,F,71,0,vigorous,0,0
S1307,46,M,92,0,moderate,1,0
S1308,50,M,84,0,vigorous,1,0
S1309,26,M,92,0,moderate,1,0
S1310,50,F,69,0,sedentary,0,0
S1311,75,F,87,2,moderate,1,1
S1312,74,M,88,1,moderate,0,0
S1313,36,F,94,0,moderate,0,0
S1314,65,M,70,1,sedentary,1,1
S1315,64,M,89,1,moderate,1,0
S1316,40,M,93,1,vigorous,1,0
S1317,65,F,84,0,mild,1,0
S1318,59,F,82,1,moderate,0,0
S1319,58,M,78,1,mild,1,0
S1320,21,F,91,2,vigorous,0,0
S1321,68,F,98,0,mild,1,1
S1322,28,M,78,0,mild,1,0
S1323,36,F,70,0,moderate,0,0
S1324,68,F,76,1,moderate,0,0
S1325,48,F,84,0,mild,0,0
S1326,39,F,66,0,moderate,0,0
S1327,49,F,61,0,mild,1,0
S1328,69,F,73,2,mild,0,0
S1329,35,M,102,0,moderate,1,0
S1330,50,M,96,0,mild,1,0
S1331,73,M,78,0,moderate,1,0
S1332,33,M,87,1,mild,1,0
S1333,59,F,76,2,sedentary,1,0
S1334,52,F,86,1,sedentary,0,1
S1335,62,F,72,1,moderate,1,1
S1336,61,F,58,1,moderate,0,0
S1337,65,M,93,2,vigorous,1,0
S1338,42,F,98,1,vigorous,1,0
S1339,68,M,89,1,sedentary,0,0
S1340,61,F,65,1,mild,0,0
S1341,22,F,96,1,vigorous,1,0
S1342,44,M,108,0,moderate,1,1
S1343,23,M,95,1,mild,1,1
S1344,44,F,81,0,moderate,1,0
S1345,48,M,79,0,mild,0,0
S1346,63,F,98,2,moderate,0,0
S1347,74,F,79,1,vigorous,0,0
S1348,28,F,70,1,sedentary,0,0
S1349,51,F,89,1,moderate,0,1
S1350,68,F,84,0,sedentary,0,0
S1351,46,F,60,2,sedentary,1,0
S1352,61,M,91,0,mild,0,0
S1353,23,M,94,0,mild,0,0
S1354,43,M,56,0,sedentary,1,0
S1355,45,F,82,0,mild,0,0
S1356,34,F,100,0,mild,0,0
S1357,65,M,97,0,sedentary,1,0
S1358,67,M,83,1,moderate,1,0
S1359,37,F,83,0,moderate,0,0
S1360,48,M,103,0,sedentary,0,0
S1361,68,F,85,2,moderate,1,0
S1362,62,M,94,2,mild,0,0
S1363,54,F,88,1,mild,1,0
S1364,36,M,96,1,sedentary,0,0
S1365,41,M,98,1,moderate,0,0
S1366,57,M,83,1,sedentary,0,0
S1367,57,M,94,1,vigorous,0,0
S1368,59,M,84,2,sedentary,1,1
S1369,68,F,94,0,mild,1,0
S1370,20,M,92,2,sedentary,1,0
S1371,48,F,75,0,mild,1,0
S1372,62,F,84,1,mild,1,0
S1373,72,M,75,0,mild,0,0
S1374,64,M,115,0,mild,1,0
S1375,66,M,91,0,moderate,1,0
S1376,21,M,90,1,moderate,1,0
S1377,75,F,84,0,sedentary,0,0
S1378,49,F,89,1,sedentary,0,0
S1379,26,M,95,0,sedentary,1,0
S1380,35,M,87,0,sedentary,0,0
S1381,30,F,83,0,sedentary,0,0
S1382,20,F,106,1,moderate,1,0
S1383,61,F,82,0,moderate,1,0
S1384,66,M,93,0,vigorous,1,0
S1385,51,M,82,1,sedentary,1,1
S1386,32,F,64,2,moderate,0,0
S1387,68,F,80,0,vigorous,0,0
S1388,56,F,77,1,moderate,0,0
S1389,65,M,111,1,moderate,1,1
S1390,74,F,95,0,sedentary,0,0
S1391,34,M,95,0,moderate,1,0
S1392,55,M,110,0,mild,0,0
S1393,48,M,97,0,mild,0,0
S1394,68,F,101,0,moderate,0,0
S1395,23,F,84,0,sedentary,1,0
S1396,32,M,83,1,sedentary,1,0
S1397,67,F,80,0,sedentary,0,0
S1398,35,F,74,1,moderate,1,0
S1399,73,F,80,0,sedentary,1,0
S1400,62,M,105,1,sedentary,1,0
S1401,31,F,87,0,moderate,1,0
S1402,55,F,96,0,mild,0,0
S1403,52,F,95,0,moderate,1,0
S1404,66,M,84,2,vigorous,0,0
S1405,28,M,88,1,moderate,1,0
S1406,39,M,79,0,moderate,1,0
S1407,66,M,88,0,moderate,1,0
S1408,73,F,95,0,mild,0,0
S1409,53,F,71,0,moderate,1,0
S1410,56,F,99,1,vigorous,0,0
S1411,50,M,91,0,vigorous,0,0
S1412,48,F,76,0,vigorous,1,0
S1413,24,F,75,1,moderate,1,0
S1414,38,F,96,0,mild,1,0
S1415,67,M,81,0,sedentary,0,0
S1416,55,M,106,1,mild,1,0
S1417,56,F,100,1,mild,1,0
S1418,35,F,77,1,sedentary,0,0
S1419,32,F,84,0,vigorous,0,0
S1420,69,F,79,0,moderate,1,0
S1421,44,M,114,0,vigorous,1,1
S1422,57,M,78,1,mild,1,0
S1423,59,F,82,1,moderate,1,0
S1424,58,M,99,1,moderate,1,0
S1425,64,M,100,0,moderate,1,1
S1426,27,M,80,1,mild,1,0
S1427,60,M,83,0,mild,1,0
S1428,71,M,77,1,sedentary,1,0
S1429,40,M,85,1,vigorous,0,0
S1430,33,M,89,1,moderate,0,0
S1431,21,M,69,2,sedentary,1,0
S1432,72,M,92,1,moderate,0,0
S1433,74,M,85,1,moderate,0,1
S1434,37,F,84,0,sedentary,0,1
S1435,27,F,97,2,moderate,0,0
S1436,40,M,103,1,vigorous,0,0
S1437,54,M,99,0,vigorous,1,0
S1438,71,F,94,0,sedentary,0,1
S1439,61,F,77,1,moderate,1,0
S1440,66,F,96,1,sedentary,1,0
S1441,54,M,75,0,vigorous,1,0
S1442,65,M,102,0,moderate,1,0
S1443,70,F,77,1,mild,1,0
S1444,28,M,90,1,moderate,1,0
S1445,60,F,94,2,mild,1,0
S1446,40,F,77,0,mild,1,0
S1447,39,F,62,2,moderate,1,0
S1448,63,M,92,0,mild,1,0
S1449,24,M,81,1,moderate,1,0
S1450,23,M,84,1,moderate,0,0
S1451,52,M,75,0,sedentary,1,0
S1452,63,F,63,0,sedentary,0,0
S1453,50,F,85,0,sedentary,0,0
S1454,47,M,91,0,mild,1,0
S1455,52,M,100,0,sedentary,0,0
S1456,29,M,97,1,sedentary,1,0
S1457,54,F,91,0,moderate,1,0
S1458,25,F,87,1,mild,1,0
S1459,30,F,72,1,moderate,1,0
S1460,75,F,82,0,sedentary,1,1
S1461,69,M,92,0,mild,0,0
S1462,70,M,74,0,moderate,0,0
S1463,26,F,82,1,sedentary,0,0
S1464,28,M,124,1,vigorous,1,0
S1465,49,M,99,1,sedentary,1,0
S1466,20,F,106,2,sedentary,1,0
S1467,74,M,73,1,sedentary,0,0
S1468,51,F,75,0,mild,1,0
S1469,25,F,97,0,moderate,1,0
S1470,69,F,100,0,mild,1,1
S1471,58,M,81,1,mild,0,0
S1472,26,F,64,0,sedentary,1,0
S1473,66,M,97,0,sedentary,1,1
S1474,25,F,71,0,mild,1,0
S1475,27,F,83,0,moderate,1,0
S1476,30,F,82,0,mild,1,0
S1477,56,M,92,1,sedentary,0,0
S1478,35,F,92,1,mild,0,0
S1479,61,F,75,0,moderate,1,0
S1480,60,F,90,1,moderate,1,0
S1481,59,F,87,0,moderate,1,0
S1482,56,F,102,0,vigorous,0,0
S1483,43,M,93,0,mild,1,0
S1484,64,M,95,2,moderate,1,0
S1485,42,F,79,1,moderate,1,0
S1486,36,F,78,0,vigorous,1,0
S1487,38,F,91,1,vigorous,1,0
S1488,32,F,96,0,mild,1,0
S1489,73,F,79,0,moderate,1,0
S1490,38,M,107,0,moderate,1,0
S1491,31,M,78,1,moderate,1,0
S1492,36,F,88,1,moderate,1,0
S1493,53,F,78,2,moderate,0,0
S1494,70,M,96,0,moderate,0,0
S1495,29,M,101,1,vigorous,0,1
S1496,49,F,77,0,moderate,0,0
S1497,40,M,108,0,mild,1,1
S1498,23,M,80,1,sedentary,0,0
S1499,34,M,102,2,mild,1,0
S1500,37,M,95,0,mild,0,0
S1501,29,F,80,1,sedentary,0,0
S1502,66,M,105,0,moderate,1,0
S1503,24,F,78,0,mild,0,0
S1504,73,F,85,0,moderate,0,0
S1505,53,M,76,0,mild,1,0
S1506,31,M,105,0,mild,0,1
S1507,63,F,89,2,moderate,0,1
S1508,61,F,104,0,mild,0,0
S1509,52,F,65,1,mild,1,0
S1510,74,F,96,0,mild,1,0
S1511,46,F,97,2,sedentary,1,0
S1512,55,M,109,0,mild,1,0
S1513,58,F,57,0,mild,1,0
S1514,49,F,73,0,mild,1,1
S1515,49,M,77,1,vigorous,0,0
S1516,25,M,97,0,moderate,1,0
S1517,35,M,113,1,vigorous,1,0
S1518,51,M,92,0,moderate,0,0
S1519,74,M,92,1,sedentary,1,0
S1520,29,M,83,0,mild,1,0
S1521,57,F,93,1,sedentary,0,1
S1522,47,M,105,1,moderate,0,0
S1523,21,F,89,1,moderate,1,1
S1524,71,M,76,1,sedentary,1,0
S1525,65,F,85,0,vigorous,1,0
S1526,46,M,95,0,mild,1,0
S1527,56,M,105,2,sedentary,1,1
S1528,38,M,75,0,moderate,1,0
S1529,22,M,101,0,moderate,1,0
S1530,66,F,82,2,sedentary,1,0
S1531,21,F,93,0,moderate,0,0
S1532,54,M,86,1,mild,1,0
S1533,65,M,104,2,moderate,0,1
S1534,28,M,81,0,sedentary,0,0
S1535,40,F,89,1,moderate,0,0
S1536,68,M,102,0,sedentary,1,0
S1537,21,F,89,0,vigorous,0,0
S1538,52,M,96,2,vigorous,0,0
S1539,53,M,68,0,mild,1,0
S1540,30,F,87,1,sedentary,1,0
S1541,52,M,71,1,moderate,0,0
S1542,42,M,105,0,sedentary,1,0
S1543,51,F,84,1,sedentary,1,0
S1544,59,F,82,0,mild,1,0
S1545,72,M,79,0,mild,0,1
S1546,45,M,76,1,vigorous,1,0
S1547,67,M,79,1,moderate,0,0
S1548,57,M,97,1,sedentary,1,1
S1549,39,F,95,0,mild,1,1
S1550,67,M,87,0,mild,1,0
S1551,63,M,99,0,sedentary,0,0
S1552,64,M,100,1,mild,1,0
S1553,31,M,95,0,moderate,0,0
S1554,54,F,98,0,mild,0,0
S1555,71,M,114,0,vigorous,0,1
S1556,23,F,111,1,moderate,0,0
S1557,55,F,71,0,moderate,0,0
S1558,49,F,60,1,moderate,0,0
S1559,35,F,102,1,mild,0,1
S1560,33,F,82,0,moderate,1,0
S1561,75,M,94,2,mild,0,0
S1562,27,F,78,0,mild,1,0
S1563,49,F,84,0,moderate,1,0
S1564,72,F,84,1,mild,1,1
S1565,49,F,76,1,vigorous,1,0
S1566,46,F,90,1,vigorous,1,0
S1567,42,M,110,0,sedentary,0,0
S1568,72,F,100,1,sedentary,1,0
S1569,30,M,92,1,moderate,1,0
S1570,25,F,91,1,moderate,0,0
S1571,67,F,62,2,vigorous,1,1
S1572,31,F,94,0,sedentary,0,0
S1573,34,M,93,2,sedentary,0,0
S1574,63,F,81,1,sedentary,0,0
S1575,64,F,86,1,sedentary,0,0
S1576,49,F,87,0,sedentary,1,0
S1577,33,M,90,1,mild,0,0
S1578,24,F,103,0,sedentary,0,0
S1579,35,M,98,1,sedentary,1,0
S1580,39,F,99,0,moderate,1,0
S1581,64,F,92,1,mild,1,0
S1582,66,F,83,1,mild,0,0
S1583,52,F,82,0,mild,1,1
S1584,40,F,69,0,moderate,0,0
S1585,27,F,82,0,moderate,0,0
S1586,65,F,91,1,vigorous,1,0
S1587,34,F,84,1,mild,1,0
S1588,52,M,85,1,moderate,0,0
S1589,36,F,93,0,mild,0,0
S1590,65,M,83,0,moderate,0,1
S1591,52,M,92,2,moderate,1,0
S1592,64,M,75,0,moderate,0,0
S1593,34,M,99,1,moderate,1,0
S1594,58,F,83,0,moderate,0,0
S1595,44,F,87,0,mild,0,0
S1596,50,M,84,1,sedentary,1,0
S1597,65,F,76,0,sedentary,1,0
S1598,72,F,54,0,moderate,0,0
S1599,38,M,89,1,mild,0,0
S1600,65,F,88,1,mild,1,1
S1601,37,M,101,1,moderate,1,0
S1602,34,M,59,1,mild,1,0
S1603,60,M,72,0,sedentary,1,1
S1604,44,F,78,1,mild,1,0
S1605,33,F,75,0,sedentary,1,0
S1606,35,F,80,0,mild,1,0
S1607,46,M,82,1,mild,1,0
S1608,32,F,85,1,moderate,1,1
S1609,50,M,92,0,sedentary,1,0
S1610,23,F,83,0,sedentary,0,0
S1611,25,F,81,1,sedentary,1,0
S1612,39,F,94,0,mild,1,0
S1613,51,M,97,0,mild,1,0
S1614,55,M,97,1,moderate,0,0
S1615,74,M,101,0,moderate,0,0
S1616,58,F,73,1,moderate,0,0
S1617,51,M,95,1,vigorous,0,0
S1618,61,F,71,1,moderate,0,0
S1619,49,F,92,0,sedentary,1,0
S1620,39,F,88,1,mild,1,0
S1621,41,M,101,1,sedentary,0,0
S1622,60,F,80,1,moderate,1,0
S1623,35,F,90,0,sedentary,1,0
S1624,23,M,77,0,sedentary,1,0
S1625,44,M,99,2,sedentary,0,1
S1626,71,M,73,0,sedentary,0,0
S1627,27,M,89,0,moderate,1,0
S1628,75,M,98,0,mild,0,1
S1629,32,F,83,0,sedentary,1,0
S1630,47,M,78,1,vigorous,1,0
S1631,36,M,96,0,mild,0,0
S1632,51,M,101,1,sedentary,1,1
S1633,56,F,74,0,sedentary,0,0
S1634,72,M,74,0,vigorous,1,0
S1635,71,F,75,0,sedentary,1,0
S1636,44,F,70,1,vigorous,0,0
S1637,28,F,87,0,vigorous,0,0
S1638,55,M,88,0,moderate,1,0
S1639,47,M,81,0,vigorous,1,0
S1640,74,M,79,0,mild,0,0
S1641,58,M,96,0,mild,0,0
S1642,52,M,99,2,moderate,1,1
S1643,22,M,95,0,moderate,1,0
S1644,23,F,108,2,mild,1,0
S1645,37,F,94,0,vigorous,1,0
S1646,51,F,60,1,vigorous,0,0
S1647,42,M,87,0,sedentary,1,0
S1648,35,F,98,2,moderate,1,0
S1649,68,M,98,1,moderate,1,0
S1650,73,M,97,1,sedentary,0,1
S1651,20,M,83,0,vigorous,1,0
S1652,36,F,102,0,sedentary,0,0
S1653,24,F,87,0,moderate,0,0
S1654,25,M,99,1,moderate,0,0
S1655,68,F,83,1,mild,0,0
S1656,62,M,102,0,vigorous,0,0
S1657,45,M,105,2,sedentary,0,0
S1658,65,M,79,0,mild,1,0
S1659,54,F,79,0,mild,1,0
S1660,60,F,88,0,vigorous,1,0
S1661,75,M,105,1,mild,0,0
S1662,50,M,92,1,mild,1,1
S1663,26,M,106,0,mild,1,0
S1664,31,M,74,0,mild,1,0
S1665,60,F,81,0,mild,1,0
S1666,44,M,90,1,sedentary,0,0
S1667,63,F,74,1,moderate,0,1
S1668,26,F,76,1,vigorous,1,0
S1669,45,M,76,1,mild,0,0
S1670,40,M,87,1,moderate,0,0
S1671,57,F,66,0,mild,1,0
S1672,57,M,119,1,mild,1,1
S1673,42,F,94,0,vigorous,1,0
S1674,48,M,82,1,moderate,1,0
S1675,36,M,102,1,sedentary,0,0
S1676,63,M,77,2,sedentary,0,0
S1677,24,M,117,1,moderate,0,0
S1678,39,M,91,0,moderate,0,0
S1679,62,F,73,0,sedentary,0,0
S1680,30,M,109,1,vigorous,0,0
S1681,73,F,77,1,mild,1,0
S1682,34,M,96,0,moderate,0,0
S1683,59,F,90,0,mild,1,1
S1684,40,M,81,1,sedentary,1,0
S1685,28,F,81,1,sedentary,1,0
S1686,71,M,96,0,moderate,1,1
S1687,42,M,110,0,vigorous,0,0
S1688,43,M,101,0,mild,0,0
S1689,37,M,88,0,moderate,1,0
S1690,71,F,89,2,moderate,0,0
S1691,73,F,83,0,moderate,0,0
S1692,50,M,113,0,vigorous,0,0
S1693,72,M,101,0,mild,1,0
S1694,70,M,93,0,mild,0,0
S1695,24,F,105,1,mild,0,0
S1696,59,M,123,1,moderate,0,1
S1697,55,M,105,1,moderate,0,0
S1698,53,F,72,0,vigorous,0,0
S1699,57,M,92,1,sedentary,0,0
S1700,32,F,91,1,sedentary,1,0
S1701,69,M,101,1,moderate,1,0
S1702,67,M,89,0,mild,1,1
S1703,56,M,77,0,moderate,1,0
S1704,60,M,105,0,moderate,0,0
S1705,53,M,100,1,sedentary,1,0
S1706,39,F,96,1,sedentary,1,0
S1707,52,M,82,0,moderate,0,0
S1708,20,F,88,0,moderate,0,0
S1709,75,M,93,1,moderate,0,1
S1710,48,M,69,0,sedentary,0,0
S1711,64,F,85,0,vigorous,1,0
S1712,64,F,91,1,moderate,1,0
S1713,43,M,97,0,sedentary,0,0
S1714,46,M,92,2,moderate,0,0
S1715,21,M,110,0,sedentary,1,0
S1716,51,M,77,1,sedentary,0,0
S1717,30,M,105,0,moderate,1,0
S1718,31,M,87,0,moderate,1,0
S1719,20,F,79,1,sedentary,0,0
S1720,26,F,94,1,vigorous,1,0
S1721,21,F,71,0,mild,1,0
S1722,57,M,79,0,sedentary,0,0
S1723,48,F,95,0,moderate,0,1
S1724,32,F,79,0,mild,0,0
S1725,43,F,81,0,moderate,0,0
S1726,21,F,80,0,sedentary,1,0
S1727,49,M,115,0,mild,0,0
S1728,58,F,76,1,mild,0,1
S1729,32,F,89,1,sedentary,1,0
S1730,60,M,91,2,vigorous,1,0
S1731,25,M,91,0,mild,0,0
S1732,37,F,88,0,mild,0,0
S1733,50,M,67,0,moderate,1,0
S1734,40,M,87,2,moderate,1,0
S1735,39,M,88,0,mild,0,0
S1736,34,M,83,1,mild,0,0
S1737,75,F,86,0,mild,1,1
S1738,34,M,96,0,mild,1,0
S1739,42,M,102,0,vigorous,0,0
S1740,60,F,95,1,sedentary,1,1
S1741,38,M,101,1,mild,1,0
S1742,59,F,92,1,sedentary,0,0
S1743,30,F,87,1,mild,0,0
S1744,23,M,99,1,sedentary,1,0
S1745,23,M,107,0,moderate,1,0
S1746,71,M,84,1,mild,1,1
S1747,34,F,80,0,vigorous,0,0
S1748,31,M,85,0,moderate,1,1
S1749,74,M,104,0,sedentary,1,1
S1750,56,M,106,0,sedentary,1,0
S1751,41,F,81,2,mild,1,0
S1752,60,M,96,0,moderate,0,0
S1753,44,M,102,0,mild,1,0
S1754,35,M,84,1,mild,1,0
S1755,60,F,90,0,moderate,0,0
S1756,48,F,86,0,moderate,1,0
S1757,36,M,95,0,mild,1,0
S1758,58,F,105,0,moderate,1,0
S1759,28,F,70,1,moderate,0,0
S1760,23,M,100,1,mild,1,0
S1761,74,F,82,0,sedentary,0,0
S1762,20,F,76,1,mild,1,0
S1763,48,F,108,0,mild,1,0
S1764,25,F,71,0,sedentary,1,0
S1765,50,F,78,0,vigorous,0,0
S1766,34,M,93,0,mild,0,0
S1767,64,M,80,2,mild,0,0
S1768,46,F,79,0,moderate,1,0
S1769,37,F,62,1,vigorous,0,0
S1770,36,M,95,1,moderate,0,0
S1771,33,F,88,1,sedentary,1,0
S1772,57,M,78,1,moderate,0,0
S1773,44,M,97,1,mild,1,0
S1774,50,F,83,1,vigorous,1,0
S1775,48,M,89,0,mild,1,0
S1776,58,F,69,1,moderate,0,0
S1777,50,F,76,1,vigorous,1,0
S1778,44,F,76,2,mild,0,0
S1779,56,F,97,0,mild,1,1
S1780,36,F,89,2,vigorous,0,0
S1781,58,M,77,0,moderate,0,0
S1782,67,M,77,0,mild,1,0
S1783,27,M,69,1,sedentary,1,0
S1784,32,F,96,0,moderate,1,0
S1785,31,M,101,2,moderate,1,0
S1786,48,F,73,0,vigorous,1,0
S1787,30,M,104,1,moderate,1,0
S1788,52,F,94,0,sedentary,1,0
S1789,51,M,92,1,sedentary,1,0
S1790,59,M,101,1,mild,1,0
S1791,65,F,72,1,vigorous,1,0
S1792,38,F,85,2,vigorous,1,0
S1793,42,F,101,0,moderate,1,0
S1794,55,M,84,0,sedentary,0,0
S1795,20,M,84,2,moderate,1,0
S1796,67,F,82,1,mild,1,0
S1797,59,F,86,1,sedentary,0,0
S1798,75,M,90,1,sedentary,1,1
S1799,49,F,85,0,sedentary,0,0
S1800,59,F,78,0,mild,1,0
S1801,65,M,95,1,moderate,1,0
S1802,56,M,86,0,moderate,0,0
S1803,37,F,98,0,moderate,1,0
S1804,49,F,76,0,mild,1,0
S1805,56,F,84,1,sedentary,1,0
S1806,58,M,102,1,moderate,0,1
S1807,31,M,93,0,sedentary,0,0
S1808,33,F,87,1,mild,1,0
S1809,58,F,65,0,vigorous,0,0
S1810,43,F,91,1,mild,1,0
S1811,48,F,84,0,vigorous,0,0
S1812,56,F,83,2,mild,1,1
S1813,20,F,79,2,sedentary,0,0
S1814,39,M,85,0,sedentary,1,0
S1815,40,F,77,2,sedentary,1,0
S1816,68,M,92,0,moderate,0,0
S1817,71,F,77,0,vigorous,0,0
S1818,49,M,75,0,moderate,1,0
S1819,23,F,89,0,mild,1,0
S1820,55,F,93,0,moderate,0,0
S1821,41,M,68,1,vigorous,1,0
S1822,26,M,86,2,vigorous,1,0
S1823,38,F,78,2,sedentary,1,1
S1824,24,F,71,0,moderate,1,0
S1825,45,M,98,1,mild,1,1
S1826,67,M,87,1,sedentary,1,1
S1827,68,M,63,0,moderate,1,0
S1828,35,M,106,2,sedentary,0,1
S1829,41,F,76,0,sedentary,1,0
S1830,61,F,94,0,sedentary,1,0
S1831,45,M,95,0,moderate,1,0
S1832,74,M,85,0,moderate,0,0
S1833,54,F,76,2,mild,1,0
S1834,52,F,99,0,sedentary,1,0
S1835,39,M,88,1,vigorous,0,0
S1836,59,F,71,0,moderate,0,0
S1837,63,M,92,1,vigorous,1,0
S1838,36,M,90,0,mild,0,0
S1839,55,M,98,1,vigorous,1,0
S1840,32,M,98,1,sedentary,1,0
S1841,71,F,99,0,mild,0,0
S1842,64,M,91,2,sedentary,0,0
S1843,51,M,80,1,sedentary,1,0
S1844,72,F,81,2,moderate,1,0
S1845,51,M,116,0,mild,0,0
S1846,27,M,106,0,mild,0,0
S1847,35,F,87,0,sedentary,1,0
S1848,40,M,86,0,moderate,1,0
S1849,73,F,75,0,moderate,1,0
S1850,63,M,86,0,moderate,0,0
S1851,39,M,91,0,mild,1,0
S1852,20,F,78,1,moderate,0,0
S1853,75,M,84,0,sedentary,0,0
S1854,30,F,90,0,moderate,1,0
S1855,35,M,90,0,moderate,0,0
S1856,54,M,91,0,moderate,0,0
S1857,50,F,100,0,sedentary,1,1
S1858,50,M,72,1,sedentary,1,1
S1859,20,M,95,0,sedentary,0,0
S1860,34,M,96,2,moderate,0,1
S1861,45,M,81,1,mild,1,0
S1862,59,M,97,2,mild,0,0
S1863,35,F,87,0,moderate,1,0
S1864,41,M,80,0,moderate,1,0
S1865,45,M,95,1,sedentary,0,0
S1866,25,M,78,1,sedentary,1,0
S1867,51,F,81,0,moderate,1,0
S1868,61,M,65,1,mild,0,0
S1869,64,M,101,1,mild,1,1
S1870,26,M,97,1,vigorous,0,0
S1871,23,M,93,1,mild,0,0
S1872,42,M,97,0,mild,1,0
S1873,68,M,104,2,mild,1,1
S1874,68,M,95,0,sedentary,1,1
S1875,23,F,83,0,mild,1,0
S1876,24,M,66,1,vigorous,0,0
S1877,72,M,84,1,moderate,1,0
S1878,50,M,86,0,moderate,1,0
S1879,75,M,107,0,moderate,1,1
S1880,69,M,88,1,mild,1,0
S1881,73,M,88,1,sedentary,0,1
S1882,21,M,86,0,vigorous,1,0
S1883,57,F,75,0,vigorous,0,0
S1884,70,F,94,1,sedentary,0,0
S1885,22,M,97,1,sedentary,0,0
S1886,48,F,87,0,moderate,1,0
S1887,52,M,87,2,moderate,1,0
S1888,29,F,80,2,moderate,1,0
S1889,73,F,93,0,mild,1,0
S1890,55,M,99,1,mild,0,0
S1891,59,M,93,1,moderate,0,0
S1892,50,M,100,0,sedentary,0,0
S1893,36,F,72,2,mild,1,0
S1894,29,F,95,0,sedentary,1,0
S1895,71,M,87,1,mild,1,0
S1896,49,F,93,1,mild,1,0
S1897,41,F,92,0,mild,1,0
S1898,44,M,74,0,moderate,0,0
S1899,66,F,91,0,moderate,0,0
S1900,54,M,75,0,moderate,0,0
S1901,28,F,60,0,moderate,0,0
S1902,65,M,95,0,mild,1,0
S1903,62,F,78,0,mild,1,0
S1904,59,M,112,2,mild,1,1
S1905,48,F,83,1,moderate,0,0
S1906,53,F,95,0,sedentary,0,1
S1907,60,F,113,0,vigorous,1,0
S1908,69,F,81,1,vigorous,0,0
S1909,50,M,77,1,moderate,0,0
S1910,51,F,93,2,mild,1,0
S1911,64,M,106,1,sedentary,0,0
S1912,46,F,85,0,moderate,1,0
S1913,41,F,79,0,moderate,1,0
S1914,31,M,81,0,sedentary,1,0
S1915,54,M,66,0,sedentary,1,0
S1916,33,F,86,1,mild,1,0
S1917,65,F,90,1,sedentary,0,0
S1918,45,F,92,2,moderate,0,0
S1919,53,F,73,0,sedentary,0,0
S1920,35,M,96,1,vigorous,1,0
S1921,60,M,101,2,sedentary,1,0
S1922,23,M,85,0,moderate,1,0
S1923,46,M,90,1,mild,1,1
S1924,24,M,109,2,vigorous,0,0
S1925,28,M,90,2,mild,1,1
S1926,28,M,106,0,moderate,0,0
S1927,48,F,74,0,mild,0,0
S1928,66,F,87,1,sedentary,0,0
S1929,74,F,81,0,moderate,0,0
S1930,62,F,74,1,sedentary,1,0
S1931,32,F,81,0,moderate,0,0
S1932,66,M,84,1,mild,1,0
S1933,68,M,114,1,vigorous,0,1
S1934,32,F,78,0,mild,1,0
S1935,30,M,96,1,mild,1,0
S1936,30,M,111,2,vigorous,1,0
S1937,58,F,89,0,mild,0,0
S1938,65,F,57,2,moderate,1,0
S1939,39,F,84,1,mild,0,0
S1940,36,M,111,0,mild,1,0
S1941,52,F,84,1,sedentary,1,0
S1942,23,M,92,1,vigorous,1,0
S1943,25,F,99,1,vigorous,1,0
S1944,63,M,79,1,sedentary,1,0
S1945,20,F,78,1,sedentary,0,0
S1946,69,F,69,1,moderate,1,0
S1947,61,M,88,1,sedentary,0,1
S1948,57,F,92,0,sedentary,0,0
S1949,73,M,82,1,moderate,0,0
S1950,36,M,96,0,sedentary,0,0
S1951,25,F,84,0,moderate,0,0
S1952,47,F,85,0,sedentary,0,0
S1953,61,F,77,1,mild,0,0
S1954,65,M,102,0,moderate,1,0
S1955,41,M,86,1,moderate,0,0
S1956,62,M,94,1,mild,1,0
S1957,56,M,96,0,sedentary,0,0
S1958,42,M,95,2,moderate,0,0
S1959,66,F,79,2,mild,1,1
S1960,61,F,87,1,mild,0,0
S1961,35,F,72,0,moderate,0,0
S1962,68,M,106,0,moderate,0,0
S1963,64,M,92,1,mild,1,0
S1964,23,F,98,0,mild,0,0
S1965,58,F,79,0,mild,0,0
S1966,37,F,86,0,vigorous,1,0
S1967,23,M,108,0,sedentary,1,0
S1968,58,F,80,0,moderate,1,0
S1969,49,F,78,0,moderate,1,0
S1970,36,M,86,1,moderate,1,0
S1971,64,F,74,0,moderate,1,0
S1972,66,M,80,0,moderate,1,0
S1973,49,M,91,1,mild,0,1
S1974,46,F,92,0,vigorous,0,0
S1975,54,F,78,1,vigorous,0,0
S1976,63,M,100,0,moderate,1,0
S1977,74,M,93,0,mild,1,0
S1978,36,F,77,1,sedentary,1,0
S1979,20,F,69,0,moderate,0,0
S1980,57,F,65,1,moderate,0,0
S1981,46,M,85,1,sedentary,0,0
S1982,67,M,98,2,moderate,0,0
S1983,43,M,76,1,moderate,0,0
S1984,37,F,112,1,moderate,0,0
S1985,71,M,114,0,moderate,0,0
S1986,23,M,82,0,sedentary,0,0
S1987,42,M,87,0,moderate,0,0
S1988,21,F,72,1,mild,0,0
S1989,31,M,101,0,moderate,0,0
S1990,71,F,89,1,moderate,0,0
S1991,70,F,85,1,moderate,0,0
S1992,37,F,88,0,sedentary,1,0
S1993,48,M,97,0,moderate,1,0
S1994,63,M,103,0,vigorous,1,0
S1995,49,F,89,1,moderate,1,0
S1996,48,M,94,1,mild,1,0
S1997,57,F,105,1,moderate,1,1
S1998,46,M,87,0,moderate,0,0
S1999,62,F,97,0,mild,0,0
S2000,47,M,95,1,moderate,1,0
