patient_id,age,weight_kg,sex,serum_creatinine,crcl_mL_min,clearance_L_h
P001,60,89.4,M,1.08,92.0,4.75
P002,40,64.7,M,1.03,87.2,4.23
P003,51,42.0,F,0.72,61.3,2.99
P004,40,67.5,F,0.82,97.2,6.04
P005,55,67.8,F,1.81,37.6,3.38
P006,23,74.0,M,0.56,214.7,12.41
P007,20,70.0,F,1.07,92.7,5.58
P008,44,75.5,M,0.66,152.5,6.43
P009,55,58.1,F,0.72,81.0,5.19
P010,76,85.5,F,1.14,56.7,3.98
P011,42,71.5,F,0.5,165.4,10.95
P012,39,58.1,M,1.88,43.4,2.27
P013,67,72.7,F,1.62,38.7,2.57
P014,26,66.8,M,0.65,162.7,8.99
P015,75,77.4,M,0.63,110.9,5.43
P016,23,73.5,M,0.61,195.8,10.91
P017,76,53.2,F,0.8,50.2,3.36
P018,75,82.7,M,1.36,54.9,3.65
P019,79,77.2,M,1.1,59.5,3.51
P020,71,82.2,F,0.94,71.2,5.16
P021,83,70.1,F,1.27,37.1,1.87
P022,83,84.2,F,1.79,31.7,2.3
P023,64,90.7,M,1.93,49.6,2.94
P024,59,54.4,F,2.26,23.0,1.84
P025,44,73.1,F,1.53,54.1,3.4
P026,66,57.0,F,1.22,40.8,2.73
P027,61,56.6,F,1.31,40.3,2.71
P028,62,93.4,M,0.83,121.9,6.86
P029,22,45.0,F,0.59,106.3,6.23
P030,77,91.0,F,1.02,66.4,4.85
P031,78,86.2,M,2.61,28.4,2.02
P032,50,87.9,F,0.65,143.7,7.15
P033,45,78.3,M,0.53,194.9,9.74
P034,69,67.5,M,1.26,52.8,3.83
P035,80,83.7,M,1.15,60.7,4.11
P036,42,63.2,F,1.03,71.0,5.0
P037,35,68.9,F,0.7,122.0,7.64
P038,20,62.9,F,0.68,131.0,7.46
P039,41,66.1,M,1.27,71.6,6.09
P040,63,69.8,M,0.97,77.0,4.75
P041,78,58.2,M,1.17,42.8,3.42
P042,51,42.7,M,1.09,48.4,3.77
P043,46,64.5,M,1.33,63.3,4.03
P044,65,51.1,M,0.65,81.9,5.02
P045,41,65.5,F,0.74,103.5,5.32
P046,82,73.0,F,1.32,37.9,2.54
P047,51,44.4,F,1.25,37.3,2.43
P048,83,63.9,F,1.18,36.4,2.4
P049,49,81.3,F,1.38,63.3,3.37
P050,27,47.1,M,0.87,85.0,4.6
P051,51,60.0,F,1.0,63.0,3.9
P052,38,62.8,M,0.74,120.2,8.17
P053,63,73.7,F,1.05,63.8,5.24
P054,39,60.5,F,1.0,72.1,3.86
P055,51,84.4,M,0.81,128.8,7.83
P056,43,74.4,M,1.13,88.7,5.83
P057,36,72.9,F,1.52,58.9,5.35
P058,64,65.4,F,0.73,80.4,5.77
P059,73,68.4,F,0.89,60.8,3.65
P060,38,60.2,M,0.5,170.6,8.56
P061,69,47.1,M,1.34,34.7,2.78
P062,31,77.9,F,1.56,64.3,5.19
P063,64,59.2,F,1.18,45.0,2.3
P064,28,76.0,F,1.24,81.0,4.57
P065,71,56.3,M,0.99,54.5,2.79
P066,28,49.7,F,1.2,54.8,4.38
P067,32,78.3,M,0.5,234.9,15.11
P068,35,70.4,F,0.76,114.8,6.91
P069,73,62.9,F,1.06,46.9,3.02
P070,82,53.6,F,1.56,23.5,1.97
P071,23,45.8,F,1.55,40.8,3.56
P072,31,64.9,F,1.38,60.5,3.47
P073,78,58.7,F,1.09,39.4,2.48
P074,54,66.5,M,0.53,149.9,10.43
P075,61,73.2,F,1.68,40.6,2.67
P076,22,76.4,M,0.68,184.1,10.17
P077,79,82.4,M,0.79,88.4,6.16
P078,64,60.6,M,1.32,48.5,2.87
P079,48,61.0,F,1.19,55.7,3.59
P080,44,91.9,F,0.98,106.3,6.79
P081,59,53.5,M,1.03,58.4,3.38
P082,60,78.1,M,1.84,47.2,2.62
P083,25,69.3,F,0.5,188.2,11.56
P084,51,64.9,F,0.87,78.4,4.67
P085,81,74.0,F,1.1,46.9,2.78
P086,27,72.0,F,1.43,67.2,4.16
P087,61,68.5,F,1.56,41.0,2.75
P088,36,65.4,F,0.62,129.5,6.06
P089,59,61.5,M,0.52,133.1,8.64
P090,33,76.3,F,0.5,192.8,9.8
P091,22,42.7,M,0.68,102.9,4.97
P092,32,64.2,F,0.5,163.7,8.94
P093,33,71.5,M,0.58,183.2,10.99
P094,80,76.4,M,1.15,55.4,2.7
P095,52,81.8,M,0.84,119.0,7.6
P096,84,83.6,M,0.86,75.6,4.56
P097,62,52.7,F,1.13,42.9,2.83
P098,62,67.0,F,1.02,60.5,3.9
P099,55,87.4,M,0.89,115.9,7.33
P100,62,65.0,F,0.69,86.7,4.33
P101,79,74.9,F,2.68,20.1,1.68
P102,52,42.6,M,0.9,57.9,3.45
P103,62,49.1,F,1.51,29.9,1.68
P104,28,98.2,M,1.34,114.0,6.8
P105,57,72.4,F,0.7,101.3,4.81
P106,49,94.6,F,0.58,175.2,9.1
P107,74,52.9,F,1.17,35.2,2.26
P108,42,53.5,F,0.83,74.6,4.23
P109,70,63.8,F,2.55,20.7,1.86
P110,21,107.7,M,1.19,149.6,7.36
P111,27,75.2,F,0.5,200.6,9.91
P112,85,58.7,M,0.65,69.0,3.66
P113,76,68.3,F,1.43,36.1,2.36
P114,41,83.9,M,0.87,132.6,7.29
P115,56,53.0,F,1.12,46.9,3.12
P116,76,83.8,M,0.84,88.7,4.13
P117,27,42.0,F,0.92,60.9,2.77
P118,49,76.1,M,0.74,130.0,6.0
P119,63,65.0,M,0.94,74.0,4.08
P120,28,67.6,F,0.89,100.4,6.17
P121,77,52.6,F,0.73,53.6,3.59
P122,52,56.8,F,1.02,57.9,4.71
P123,45,52.7,M,1.2,57.9,3.9
P124,20,64.0,M,1.86,57.3,2.7
P125,64,78.1,F,0.82,85.5,4.98
P126,42,77.4,F,0.91,98.4,5.78
P127,61,53.3,F,0.59,84.3,4.68
P128,77,83.7,F,1.16,53.7,4.15
P129,46,67.4,M,1.46,60.3,3.69
P130,36,42.0,F,0.72,71.6,4.3
P131,71,52.7,F,1.29,33.3,2.09
P132,36,96.9,M,0.96,145.8,11.45
P133,63,89.6,F,1.84,44.3,2.82
P134,53,69.2,M,0.79,105.8,6.36
P135,52,76.4,M,1.31,71.3,4.19
P136,51,48.2,F,0.89,56.9,4.36
P137,60,90.0,F,1.49,57.0,4.05
P138,24,82.8,M,0.89,149.9,6.94
P139,32,82.6,M,1.54,80.5,4.97
P140,85,42.7,M,1.01,32.3,1.7
P141,38,92.3,M,0.68,192.3,13.28
P142,78,69.0,M,1.32,45.0,3.3
P143,54,50.0,F,1.34,37.9,2.41
P144,21,63.0,M,1.97,52.9,3.8
P145,59,79.5,F,1.04,73.1,4.13
P146,66,83.5,F,0.69,105.7,4.73
P147,27,83.1,F,0.5,221.7,13.97
P148,77,77.3,F,1.53,37.6,2.56
P149,51,80.3,M,0.73,136.0,9.34
P150,72,61.4,F,1.72,28.7,1.79
