patient_id,birth_year,sex
MRN00001,1952,M
MRN00002,1966,M
MRN00003,1989,F
MRN00004,1954,M
MRN00005,1953,F
MRN00006,1973,M
MRN00007,1990,F
MRN00008,1992,M
MRN00009,1972,F
MRN00010,1974,M
MRN00011,1942,F
MRN00012,1971,F
MRN00013,1978,M
MRN00014,1969,M
MRN00015,1951,F
MRN00016,1971,F
MRN00017,1963,M
MRN00018,1973,M
MRN00019,1979,F
MRN00020,1989,F
MRN00021,1979,F
MRN00022,1988,F
MRN00023,1961,F
MRN00024,1955,F
MRN00025,1948,M
MRN00026,1987,M
MRN00027,1966,M
MRN00028,1969,F
MRN00029,1988,F
MRN00030,1940,F
MRN00031,1991,F
MRN00032,1939,F
MRN00033,1951,M
MRN00034,1991,F
MRN00035,1992,M
MRN00036,1994,F
MRN00037,1942,F
MRN00038,1980,F
MRN00039,1941,M
MRN00040,1971,F
MRN00041,1968,F
MRN00042,1935,F
MRN00043,1960,F
MRN00044,1965,M
MRN00045,1942,M
MRN00046,1944,F
MRN00047,1982,F
MRN00048,1976,M
MRN00049,1977,F
MRN00050,1963,F
MRN00051,1989,F
MRN00052,1936,M
MRN00053,1979,F
MRN00054,1950,F
MRN00055,1968,M
MRN00056,1945,M
MRN00057,1972,M
MRN00058,1937,F
MRN00059,1988,M
MRN00060,1959,F
MRN00061,1951,F
MRN00062,1944,F
MRN00063,1983,F
MRN00064,1939,F
MRN00065,1938,M
MRN00066,1966,F
MRN00067,1972,M
MRN00068,1982,F
MRN00069,1988,F
MRN00070,1980,M
MRN00071,1950,M
MRN00072,1980,F
MRN00073,1949,F
MRN00074,1986,F
MRN00075,1947,F
MRN00076,1947,F
MRN00077,1988,M
MRN00078,1963,F
MRN00079,1981,M
MRN00080,1962,M
MRN00081,1980,M
MRN00082,1980,F
MRN00083,1936,M
MRN00084,1958,F
MRN00085,1964,M
MRN00086,1988,F
MRN00087,1979,M
MRN00088,1991,F
MRN00089,1964,F
MRN00090,1988,M
MRN00091,1981,M
MRN00092,1959,F
MRN00093,1936,M
MRN00094,1939,F
MRN00095,1952,F
MRN00096,1946,F
MRN00097,1946,M
MRN00098,1946,F
MRN00099,1958,F
MRN00100,1976,M
MRN00101,1947,M
MRN00102,1990,F
MRN00103,1966,F
MRN00104,1983,M
MRN00105,1988,M
MRN00106,1972,M
MRN00107,1953,M
MRN00108,1984,M
MRN00109,1991,F
MRN00110,1974,M
MRN00111,1988,F
MRN00112,1974,M
MRN00113,1957,F
MRN00114,1984,F
MRN00115,1989,F
MRN00116,1936,F
MRN00117,1950,M
MRN00118,1945,M
MRN00119,1974,F
MRN00120,1944,F
MRN00121,1957,F
MRN00122,1954,F
MRN00123,1948,F
MRN00124,1948,F
MRN00125,1988,F
MRN00126,1941,F
MRN00127,1974,M
MRN00128,1972,M
MRN00129,1986,M
MRN00130,1936,M
MRN00131,1938,F
MRN00132,1994,M
MRN00133,1938,F
MRN00134,1943,M
MRN00135,1978,F
MRN00136,1969,F
MRN00137,1974,M
MRN00138,1967,M
MRN00139,1972,F
MRN00140,1968,M
MRN00141,1959,M
MRN00142,1990,F
MRN00143,1966,M
MRN00144,1957,F
MRN00145,1937,M
MRN00146,1991,M
MRN00147,1992,F
MRN00148,1983,M
MRN00149,1945,F
MRN00150,1976,F
MRN00151,1988,M
MRN00152,1974,M
MRN00153,1988,F
MRN00154,1986,F
MRN00155,1990,M
MRN00156,1990,M
MRN00157,1936,M
MRN00158,1992,M
MRN00159,1983,M
MRN00160,1945,M
MRN00161,1983,M
MRN00162,1990,F
MRN00163,1966,F
MRN00164,1975,M
MRN00165,1992,M
MRN00166,1941,F
MRN00167,1958,M
MRN00168,1988,F
MRN00169,1980,M
MRN00170,1977,F
MRN00171,1964,M
MRN00172,1986,M
MRN00173,1949,M
MRN00174,1976,M
MRN00175,1951,M
MRN00176,1951,F
MRN00177,1946,F
MRN00178,1962,M
MRN00179,1983,M
MRN00180,1957,F
MRN00181,1976,M
MRN00182,1944,M
MRN00183,1956,M
MRN00184,1981,M
MRN00185,1971,M
MRN00186,1970,F
MRN00187,1946,F
MRN00188,1991,F
MRN00189,1976,M
MRN00190,1993,M
MRN00191,1991,F
MRN00192,1952,M
MRN00193,1935,F
MRN00194,1959,F
MRN00195,1960,M
MRN00196,1949,M
MRN00197,1962,F
MRN00198,1945,F
MRN00199,1989,M
MRN00200,1948,M
MRN00201,1967,M
MRN00202,1970,M
MRN00203,1965,F
MRN00204,1939,F
MRN00205,1993,F
MRN00206,1972,F
MRN00207,1979,F
MRN00208,1985,M
MRN00209,1988,M
MRN00210,1969,M
MRN00211,1966,M
MRN00212,1983,F
MRN00213,1983,M
MRN00214,1938,F
MRN00215,1946,M
MRN00216,1967,M
MRN00217,1944,M
MRN00218,1977,F
MRN00219,1983,F
MRN00220,1952,M
MRN00221,1942,F
MRN00222,1988,M
MRN00223,1954,F
MRN00224,1958,F
MRN00225,1976,M
MRN00226,1987,M
MRN00227,1983,M
MRN00228,1972,M
MRN00229,1973,M
MRN00230,1970,M
MRN00231,1989,F
MRN00232,1950,F
MRN00233,1950,M
MRN00234,1950,F
MRN00235,1949,F
MRN00236,1991,M
MRN00237,1979,F
MRN00238,1965,M
MRN00239,1969,F
MRN00240,1955,F
MRN00241,1977,F
MRN00242,1970,F
MRN00243,1943,F
MRN00244,1975,F
MRN00245,1976,F
MRN00246,1952,F
MRN00247,1946,F
MRN00248,1937,F
MRN00249,1972,F
MRN00250,1993,F
MRN00251,1990,F
MRN00252,1948,F
MRN00253,1941,M
MRN00254,1991,F
MRN00255,1960,M
MRN00256,1958,F
MRN00257,1959,F
MRN00258,1953,F
MRN00259,1978,M
MRN00260,1950,M
MRN00261,1950,M
MRN00262,1974,M
MRN00263,1989,F
MRN00264,1979,F
MRN00265,1951,M
MRN00266,1992,M
MRN00267,1965,F
MRN00268,1976,M
MRN00269,1951,F
MRN00270,1956,M
MRN00271,1977,F
MRN00272,1961,F
MRN00273,1939,F
MRN00274,1959,M
MRN00275,1950,F
MRN00276,1986,M
MRN00277,1935,M
MRN00278,1969,M
MRN00279,1985,M
MRN00280,1959,F
MRN00281,1938,F
MRN00282,1950,F
MRN00283,1970,M
MRN00284,1988,M
MRN00285,1941,F
MRN00286,1968,F
MRN00287,1975,M
MRN00288,1958,M
MRN00289,1965,F
MRN00290,1953,F
MRN00291,1935,F
MRN00292,1994,F
MRN00293,1986,M
MRN00294,1951,M
MRN00295,1974,M
MRN00296,1973,F
MRN00297,1935,M
MRN00298,1968,F
MRN00299,1988,F
MRN00300,1983,F
MRN00301,1975,M
MRN00302,1994,F
MRN00303,1962,F
MRN00304,1953,M
MRN00305,1966,F
MRN00306,1958,M
MRN00307,1952,F
MRN00308,1980,M
MRN00309,1950,F
MRN00310,1959,M
MRN00311,1940,M
MRN00312,1954,F
MRN00313,1940,F
MRN00314,1990,F
MRN00315,1982,F
MRN00316,1993,M
MRN00317,1980,M
MRN00318,1943,F
MRN00319,1974,F
MRN00320,1979,M
MRN00321,1936,M
MRN00322,1944,F
MRN00323,1956,M
MRN00324,1966,M
MRN00325,1945,F
MRN00326,1956,M
MRN00327,1959,M
MRN00328,1968,M
MRN00329,1962,M
MRN00330,1988,F
MRN00331,1966,F
MRN00332,1958,F
MRN00333,1942,M
MRN00334,1975,F
MRN00335,1951,F
MRN00336,1976,M
MRN00337,1956,M
MRN00338,1962,F
MRN00339,1936,F
MRN00340,1986,F
MRN00341,1961,M
MRN00342,1950,M
MRN00343,1938,F
MRN00344,1971,F
MRN00345,1965,F
MRN00346,1938,F
MRN00347,1948,M
MRN00348,1950,F
MRN00349,1973,M
MRN00350,1958,M
MRN00351,1978,F
MRN00352,1946,M
MRN00353,1949,F
MRN00354,1940,M
MRN00355,1971,F
MRN00356,1991,M
MRN00357,1946,F
MRN00358,1947,M
MRN00359,1946,M
MRN00360,1950,M
MRN00361,1954,F
MRN00362,1976,M
MRN00363,1959,F
MRN00364,1951,F
MRN00365,1994,F
MRN00366,1971,M
MRN00367,1937,F
MRN00368,1955,F
MRN00369,1964,F
MRN00370,1988,F
MRN00371,1974,M
MRN00372,1950,M
MRN00373,1988,F
MRN00374,1991,M
MRN00375,1989,F
MRN00376,1993,M
MRN00377,1944,M
MRN00378,1975,M
MRN00379,1963,M
MRN00380,1991,F
MRN00381,1946,F
MRN00382,1978,F
MRN00383,1983,M
MRN00384,1992,F
MRN00385,1935,F
MRN00386,1981,F
MRN00387,1970,M
MRN00388,1951,M
MRN00389,1944,M
MRN00390,1992,F
MRN00391,1980,M
MRN00392,1969,F
MRN00393,1986,F
MRN00394,1943,M
MRN00395,1959,M
MRN00396,1944,M
MRN00397,1944,M
MRN00398,1944,M
MRN00399,1962,F
MRN00400,1970,M
MRN00401,1936,F
MRN00402,1978,F
MRN00403,1936,M
MRN00404,1966,M
MRN00405,1986,F
MRN00406,1949,F
MRN00407,1960,M
MRN00408,1956,F
MRN00409,1979,F
MRN00410,1977,F
MRN00411,1944,M
MRN00412,1948,F
MRN00413,1963,F
MRN00414,1944,M
MRN00415,1994,M
MRN00416,1942,F
MRN00417,1991,M
MRN00418,1936,M
MRN00419,1978,M
MRN00420,1956,F
MRN00421,1935,M
MRN00422,1975,M
MRN00423,1983,M
MRN00424,1936,M
MRN00425,1973,F
MRN00426,1958,M
MRN00427,1962,M
MRN00428,1966,F
MRN00429,1941,M
MRN00430,1968,F
MRN00431,1946,F
MRN00432,1948,F
MRN00433,1973,F
MRN00434,1974,M
MRN00435,1982,F
MRN00436,1976,M
MRN00437,1971,F
MRN00438,1959,M
MRN00439,1984,F
MRN00440,1993,M
MRN00441,1957,F
MRN00442,1974,M
MRN00443,1981,M
MRN00444,1974,M
MRN00445,1952,M
MRN00446,1952,M
MRN00447,1983,F
MRN00448,1988,F
MRN00449,1965,F
MRN00450,1971,M
MRN00451,1938,F
MRN00452,1972,F
MRN00453,1961,M
MRN00454,1989,M
MRN00455,1949,M
MRN00456,1986,F
MRN00457,1970,F
MRN00458,1987,F
MRN00459,1983,F
MRN00460,1954,F
MRN00461,1973,F
MRN00462,1990,M
MRN00463,1939,F
MRN00464,1972,F
MRN00465,1991,F
MRN00466,1955,F
MRN00467,1970,M
MRN00468,1948,M
MRN00469,1984,F
MRN00470,1944,M
MRN00471,1971,F
MRN00472,1954,M
MRN00473,1957,F
MRN00474,1988,M
MRN00475,1982,M
MRN00476,1940,F
MRN00477,1965,M
MRN00478,1966,M
MRN00479,1976,F
MRN00480,1947,F
MRN00481,1984,M
MRN00482,1966,F
MRN00483,1982,F
MRN00484,1964,M
MRN00485,1991,F
MRN00486,1981,F
MRN00487,1961,M
MRN00488,1974,F
MRN00489,1948,M
MRN00490,1945,F
MRN00491,1979,F
MRN00492,1969,M
MRN00493,1988,F
MRN00494,1937,M
MRN00495,1973,M
MRN00496,1959,F
MRN00497,1972,M
MRN00498,1968,M
MRN00499,1951,M
MRN00500,1977,F
MRN00501,1974,M
MRN00502,1955,F
MRN00503,1947,F
MRN00504,1956,M
MRN00505,1939,F
MRN00506,1982,M
MRN00507,1958,M
MRN00508,1942,F
MRN00509,1963,M
MRN00510,1958,M
MRN00511,1962,F
MRN00512,1982,F
MRN00513,1937,F
MRN00514,1967,M
MRN00515,1959,M
MRN00516,1971,M
MRN00517,1991,M
MRN00518,1936,M
MRN00519,1953,M
MRN00520,1979,F
MRN00521,1968,M
MRN00522,1971,M
MRN00523,1962,F
MRN00524,1944,F
MRN00525,1944,M
MRN00526,1959,M
MRN00527,1971,F
MRN00528,1959,M
MRN00529,1962,F
MRN00530,1963,F
MRN00531,1936,M
MRN00532,1977,M
MRN00533,1984,F
MRN00534,1952,F
MRN00535,1994,F
MRN00536,1974,M
MRN00537,1989,F
MRN00538,1966,F
MRN00539,1952,M
MRN00540,1959,F
MRN00541,1991,F
MRN00542,1949,F
MRN00543,1943,F
MRN00544,1974,M
MRN00545,1939,M
MRN00546,1968,F
MRN00547,1957,F
MRN00548,1936,F
MRN00549,1962,F
MRN00550,1953,F
MRN00551,1972,M
MRN00552,1944,M
MRN00553,1972,F
MRN00554,1942,F
MRN00555,1965,F
MRN00556,1942,M
MRN00557,1962,F
MRN00558,1964,F
MRN00559,1973,F
MRN00560,1978,F
MRN00561,1942,F
MRN00562,1951,F
MRN00563,1948,M
MRN00564,1937,F
MRN00565,1959,M
MRN00566,1971,M
MRN00567,1983,M
MRN00568,1990,F
MRN00569,1963,F
MRN00570,1944,M
MRN00571,1974,M
MRN00572,1989,F
MRN00573,1985,M
MRN00574,1967,F
MRN00575,1955,F
MRN00576,1947,M
MRN00577,1948,M
MRN00578,1973,M
MRN00579,1971,F
MRN00580,1970,M
MRN00581,1967,M
MRN00582,1948,F
MRN00583,1988,M
MRN00584,1954,F
MRN00585,1956,F
MRN00586,1965,F
MRN00587,1979,M
MRN00588,1937,M
MRN00589,1977,M
MRN00590,1960,F
MRN00591,1935,F
MRN00592,1941,F
MRN00593,1961,M
MRN00594,1936,M
MRN00595,1987,F
MRN00596,1956,F
MRN00597,1990,M
MRN00598,1993,F
MRN00599,1991,M
MRN00600,1951,M
MRN00601,1969,F
MRN00602,1966,F
MRN00603,1957,M
MRN00604,1985,F
MRN00605,1976,M
MRN00606,1989,M
MRN00607,1941,M
MRN00608,1978,M
MRN00609,1950,F
MRN00610,1971,F
MRN00611,1943,F
MRN00612,1958,F
MRN00613,1941,F
MRN00614,1948,M
MRN00615,1963,M
MRN00616,1976,F
MRN00617,1942,M
MRN00618,1979,F
MRN00619,1949,M
MRN00620,1984,M
MRN00621,1966,M
MRN00622,1992,F
MRN00623,1983,M
MRN00624,1939,F
MRN00625,1961,M
MRN00626,1947,F
MRN00627,1975,F
MRN00628,1938,M
MRN00629,1984,M
MRN00630,1947,M
MRN00631,1986,M
MRN00632,1969,M
MRN00633,1974,F
MRN00634,1960,M
MRN00635,1978,F
MRN00636,1989,F
MRN00637,1952,M
MRN00638,1984,M
MRN00639,1961,F
MRN00640,1985,M
MRN00641,1953,F
MRN00642,1935,F
MRN00643,1942,F
MRN00644,1991,F
MRN00645,1971,F
MRN00646,1994,F
MRN00647,1953,F
MRN00648,1989,F
MRN00649,1965,M
MRN00650,1942,M
MRN00651,1978,M
MRN00652,1979,F
MRN00653,1963,M
MRN00654,1954,M
MRN00655,1983,M
MRN00656,1981,M
MRN00657,1948,M
MRN00658,1961,F
MRN00659,1986,M
MRN00660,1956,M
MRN00661,1947,M
MRN00662,1973,M
MRN00663,1962,F
MRN00664,1953,F
MRN00665,1989,M
MRN00666,1980,M
MRN00667,1941,M
MRN00668,1960,F
MRN00669,1982,F
MRN00670,1952,M
MRN00671,1982,M
MRN00672,1965,F
MRN00673,1952,F
MRN00674,1988,F
MRN00675,1983,F
MRN00676,1937,M
MRN00677,1976,F
MRN00678,1969,F
MRN00679,1963,M
MRN00680,1974,M
MRN00681,1993,F
MRN00682,1954,M
MRN00683,1968,M
MRN00684,1975,F
MRN00685,1955,F
MRN00686,1961,F
MRN00687,1972,M
MRN00688,1968,M
MRN00689,1994,M
MRN00690,1961,F
MRN00691,1967,M
MRN00692,1958,M
MRN00693,1943,F
MRN00694,1983,F
MRN00695,1942,M
MRN00696,1938,M
MRN00697,1974,F
MRN00698,1985,M
MRN00699,1968,F
MRN00700,1964,F
MRN00701,1963,F
MRN00702,1943,F
MRN00703,1946,F
MRN00704,1949,M
MRN00705,1951,M
MRN00706,1966,M
MRN00707,1950,M
MRN00708,1966,F
MRN00709,1966,M
MRN00710,1947,M
MRN00711,1982,F
MRN00712,1978,F
MRN00713,1947,F
MRN00714,1966,M
MRN00715,1968,F
MRN00716,1944,M
MRN00717,1966,F
MRN00718,1975,M
MRN00719,1969,M
MRN00720,1978,F
MRN00721,1989,M
MRN00722,1943,F
MRN00723,1981,M
MRN00724,1988,F
MRN00725,1985,F
MRN00726,1966,F
MRN00727,1959,M
MRN00728,1985,M
MRN00729,1982,M
MRN00730,1949,M
MRN00731,1946,M
MRN00732,1976,M
MRN00733,1965,F
MRN00734,1981,F
MRN00735,1941,M
MRN00736,1971,F
MRN00737,1984,F
MRN00738,1952,M
MRN00739,1971,F
MRN00740,1949,M
MRN00741,1985,F
MRN00742,1943,M
MRN00743,1956,F
MRN00744,1950,M
MRN00745,1958,M
MRN00746,1962,F
MRN00747,1952,F
MRN00748,1939,F
MRN00749,1984,M
MRN00750,1938,F
MRN00751,1966,M
MRN00752,1981,F
MRN00753,1971,M
MRN00754,1966,F
MRN00755,1946,M
MRN00756,1984,M
MRN00757,1989,M
MRN00758,1980,M
MRN00759,1986,F
MRN00760,1949,F
MRN00761,1974,F
MRN00762,1978,F
MRN00763,1948,M
MRN00764,1953,F
MRN00765,1956,F
MRN00766,1971,F
MRN00767,1948,M
MRN00768,1938,M
MRN00769,1976,M
MRN00770,1967,F
MRN00771,1984,M
MRN00772,1985,M
MRN00773,1986,M
MRN00774,1951,M
MRN00775,1988,M
MRN00776,1941,M
MRN00777,1957,F
MRN00778,1981,F
MRN00779,1938,F
MRN00780,1967,M
MRN00781,1983,M
MRN00782,1994,F
MRN00783,1983,M
MRN00784,1970,M
MRN00785,1977,M
MRN00786,1939,M
MRN00787,1959,M
MRN00788,1955,M
MRN00789,1971,M
MRN00790,1947,F
MRN00791,1937,M
MRN00792,1947,F
MRN00793,1953,M
MRN00794,1975,M
MRN00795,1935,F
MRN00796,1993,M
MRN00797,1935,M
MRN00798,1942,M
MRN00799,1942,M
MRN00800,1992,M
MRN00801,1976,M
MRN00802,1970,M
MRN00803,1943,M
MRN00804,1950,F
MRN00805,1946,F
MRN00806,1977,M
MRN00807,1964,F
MRN00808,1949,M
MRN00809,1973,F
MRN00810,1948,F
MRN00811,1965,F
MRN00812,1981,M
MRN00813,1974,F
MRN00814,1945,M
MRN00815,1994,M
MRN00816,1947,F
MRN00817,1936,M
MRN00818,1935,M
MRN00819,1939,M
MRN00820,1967,F
MRN00821,1937,F
MRN00822,1972,F
MRN00823,1975,F
MRN00824,1980,F
MRN00825,1987,F
MRN00826,1947,F
MRN00827,1981,M
MRN00828,1967,M
MRN00829,1978,M
MRN00830,1987,M
MRN00831,1981,M
MRN00832,1966,M
MRN00833,1965,F
MRN00834,1955,M
MRN00835,1954,F
MRN00836,1953,F
MRN00837,1941,F
MRN00838,1976,M
MRN00839,1985,F
MRN00840,1961,F
MRN00841,1948,M
MRN00842,1940,M
MRN00843,1974,F
MRN00844,1987,M
MRN00845,1940,M
MRN00846,1975,M
MRN00847,1976,F
MRN00848,1954,M
MRN00849,1951,M
MRN00850,1944,M
MRN00851,1939,M
MRN00852,1970,F
MRN00853,1974,M
MRN00854,1985,F
MRN00855,1938,F
MRN00856,1943,M
MRN00857,1977,F
MRN00858,1941,F
MRN00859,1966,M
MRN00860,1960,M
MRN00861,1938,F
MRN00862,1944,F
MRN00863,1983,F
MRN00864,1962,M
MRN00865,1981,F
MRN00866,1978,M
MRN00867,1982,F
MRN00868,1994,M
MRN00869,1943,F
MRN00870,1991,F
MRN00871,1984,M
MRN00872,1974,M
MRN00873,1937,F
MRN00874,1987,F
MRN00875,1978,M
MRN00876,1973,F
MRN00877,1937,M
MRN00878,1990,M
MRN00879,1986,M
MRN00880,1977,F
MRN00881,1952,M
MRN00882,1940,F
MRN00883,1952,M
MRN00884,1935,M
MRN00885,1943,F
MRN00886,1963,F
MRN00887,1972,M
MRN00888,1994,M
MRN00889,1971,F
MRN00890,1953,F
MRN00891,1974,F
MRN00892,1936,F
MRN00893,1958,M
MRN00894,1975,F
MRN00895,1957,F
MRN00896,1938,F
MRN00897,1991,M
MRN00898,1952,F
MRN00899,1941,M
MRN00900,1976,M
MRN00901,1957,M
MRN00902,1938,M
MRN00903,1970,M
MRN00904,1971,F
MRN00905,1972,M
MRN00906,1975,M
MRN00907,1940,F
MRN00908,1953,F
MRN00909,1958,F
MRN00910,1963,M
MRN00911,1989,M
MRN00912,1981,M
MRN00913,1988,M
MRN00914,1958,F
MRN00915,1969,M
MRN00916,1989,F
MRN00917,1945,M
MRN00918,1953,M
MRN00919,1959,M
MRN00920,1956,F
MRN00921,1938,F
MRN00922,1941,M
MRN00923,1974,M
MRN00924,1935,F
MRN00925,1970,F
MRN00926,1992,M
MRN00927,1941,F
MRN00928,1951,F
MRN00929,1955,F
MRN00930,1981,M
MRN00931,1961,F
MRN00932,1983,M
MRN00933,1962,M
MRN00934,1987,M
MRN00935,1956,F
MRN00936,1976,M
MRN00937,1978,M
MRN00938,1992,F
MRN00939,1947,F
MRN00940,1945,F
MRN00941,1955,F
MRN00942,1964,M
MRN00943,1938,F
MRN00944,1975,F
MRN00945,1963,F
MRN00946,1990,F
MRN00947,1967,F
MRN00948,1982,F
MRN00949,1976,M
MRN00950,1993,F
MRN00951,1968,F
MRN00952,1982,F
MRN00953,1950,M
MRN00954,1940,M
MRN00955,1966,M
MRN00956,1941,F
MRN00957,1974,M
MRN00958,1985,M
MRN00959,1975,F
MRN00960,1975,M
MRN00961,1974,F
MRN00962,1968,F
MRN00963,1982,F
MRN00964,1951,F
MRN00965,1941,M
MRN00966,1977,F
MRN00967,1986,F
MRN00968,1978,M
MRN00969,1953,F
MRN00970,1984,M
MRN00971,1958,F
MRN00972,1944,M
MRN00973,1946,M
MRN00974,1963,M
MRN00975,1964,M
MRN00976,1981,M
MRN00977,1958,M
MRN00978,1983,M
MRN00979,1963,M
MRN00980,1941,F
MRN00981,1955,F
MRN00982,1944,F
MRN00983,1982,M
MRN00984,1980,M
MRN00985,1967,M
MRN00986,1942,M
MRN00987,1965,M
MRN00988,1942,F
MRN00989,1986,F
MRN00990,1950,M
MRN00991,1971,F
MRN00992,1972,F
MRN00993,1969,M
MRN00994,1957,F
MRN00995,1965,M
MRN00996,1958,M
MRN00997,1952,F
MRN00998,1974,M
MRN00999,1935,M
MRN01000,1980,F
