plot_id,altitude_m,harvest_age_days,rainfall_mm,soil_n_kg_ha,irrigated,withanolide_pct
P001,1133.0,154.0,828.0,46.0,0,0.324
P002,913.0,202.0,1083.0,115.0,0,0.311
P003,309.0,161.0,949.0,77.0,1,0.234
P004,1258.0,187.0,1057.0,57.0,0,0.324
P005,968.0,205.0,563.0,134.0,1,0.363
P006,1085.0,204.0,579.0,158.0,0,0.416
P007,1275.0,165.0,435.0,109.0,1,0.34
P008,554.0,209.0,1039.0,100.0,1,0.249
P009,1011.0,218.0,452.0,88.0,0,0.257
P010,597.0,195.0,732.0,119.0,1,0.334
P011,665.0,208.0,1078.0,66.0,1,0.196
P012,522.0,159.0,569.0,100.0,1,0.258
P013,327.0,173.0,882.0,156.0,0,0.356
P014,815.0,217.0,449.0,109.0,0,0.31
P015,473.0,182.0,593.0,157.0,0,0.41
P016,1316.0,149.0,487.0,93.0,0,0.365
P017,486.0,215.0,879.0,107.0,1,0.255
P018,337.0,177.0,828.0,81.0,0,0.276
P019,606.0,192.0,937.0,89.0,0,0.301
P020,863.0,148.0,794.0,87.0,1,0.269
P021,905.0,199.0,749.0,141.0,1,0.345
P022,1242.0,207.0,1021.0,47.0,0,0.285
P023,718.0,213.0,908.0,138.0,0,0.258
P024,1365.0,190.0,911.0,98.0,0,0.398
P025,1199.0,146.0,820.0,105.0,0,0.333
P026,1247.0,199.0,612.0,92.0,1,0.358
P027,1151.0,168.0,519.0,102.0,0,0.405
P028,1022.0,169.0,897.0,154.0,1,0.359
P029,1171.0,178.0,504.0,143.0,0,0.419
P030,984.0,152.0,859.0,107.0,0,0.314
P031,421.0,145.0,726.0,101.0,0,0.232
P032,1089.0,179.0,440.0,85.0,1,0.35
P033,1088.0,207.0,923.0,143.0,0,0.349
P034,894.0,192.0,745.0,51.0,0,0.363
P035,282.0,150.0,1037.0,125.0,0,0.263
P036,1251.0,158.0,752.0,127.0,0,0.385
P037,1277.0,201.0,1049.0,55.0,0,0.298
P038,1230.0,183.0,916.0,64.0,1,0.349
P039,1350.0,200.0,626.0,136.0,1,0.387
P040,1066.0,198.0,740.0,78.0,0,0.3
P041,331.0,143.0,575.0,115.0,1,0.285
P042,764.0,212.0,659.0,106.0,1,0.266
P043,1035.0,149.0,624.0,145.0,0,0.354
P044,279.0,150.0,589.0,145.0,1,0.198
P045,844.0,167.0,478.0,119.0,1,0.312
P046,232.0,210.0,405.0,134.0,1,0.271
P047,1033.0,162.0,480.0,97.0,0,0.36
P048,1039.0,162.0,505.0,104.0,0,0.32
P049,613.0,174.0,863.0,132.0,0,0.364
P050,1135.0,205.0,1058.0,91.0,0,0.312
P051,513.0,217.0,924.0,90.0,1,0.189
P052,647.0,158.0,1000.0,47.0,0,0.224
P053,480.0,188.0,666.0,47.0,0,0.318
P054,659.0,190.0,894.0,141.0,1,0.321
P055,1158.0,161.0,502.0,103.0,1,0.351
P056,647.0,142.0,836.0,90.0,0,0.216
P057,278.0,218.0,739.0,84.0,1,0.16
P058,1068.0,168.0,598.0,67.0,0,0.386
P059,943.0,158.0,880.0,52.0,1,0.293
P060,491.0,143.0,511.0,76.0,0,0.217
P061,1233.0,210.0,899.0,104.0,1,0.348
P062,999.0,144.0,1027.0,136.0,0,0.288
P063,396.0,182.0,475.0,79.0,0,0.325
P064,1156.0,202.0,953.0,55.0,1,0.274
P065,565.0,207.0,599.0,135.0,0,0.315
P066,978.0,177.0,898.0,121.0,1,0.401
P067,1377.0,149.0,698.0,79.0,1,0.297
P068,729.0,185.0,583.0,134.0,1,0.353
P069,1065.0,206.0,1089.0,133.0,1,0.287
P070,1074.0,157.0,610.0,121.0,1,0.336
P071,1052.0,149.0,799.0,157.0,1,0.296
P072,547.0,177.0,835.0,87.0,0,0.348
P073,1025.0,152.0,510.0,138.0,0,0.323
P074,839.0,141.0,780.0,101.0,0,0.256
P075,702.0,176.0,846.0,159.0,1,0.32
P076,320.0,218.0,785.0,139.0,0,0.284
P077,962.0,220.0,562.0,58.0,1,0.245
P078,809.0,141.0,723.0,57.0,1,0.216
P079,1160.0,208.0,471.0,108.0,0,0.387
P080,1134.0,195.0,576.0,102.0,1,0.342
P081,1359.0,144.0,867.0,72.0,0,0.298
P082,903.0,207.0,420.0,157.0,0,0.343
P083,645.0,166.0,942.0,94.0,0,0.299
P084,591.0,150.0,609.0,119.0,1,0.257
P085,795.0,169.0,458.0,155.0,0,0.4
P086,1266.0,155.0,469.0,106.0,0,0.302
P087,573.0,185.0,583.0,75.0,1,0.277
P088,1388.0,165.0,515.0,65.0,1,0.333
P089,746.0,190.0,717.0,62.0,1,0.289
P090,446.0,148.0,724.0,89.0,0,0.272
P091,972.0,188.0,979.0,50.0,0,0.339
P092,844.0,183.0,455.0,89.0,0,0.36
P093,1247.0,169.0,780.0,131.0,1,0.334
P094,1315.0,157.0,986.0,55.0,1,0.299
P095,328.0,182.0,496.0,96.0,1,0.242
P096,716.0,156.0,1051.0,132.0,0,0.264
P097,1123.0,146.0,424.0,123.0,0,0.3
P098,686.0,186.0,912.0,132.0,1,0.289
P099,1266.0,164.0,619.0,141.0,0,0.409
P100,742.0,170.0,992.0,146.0,0,0.353
P101,201.0,202.0,953.0,109.0,1,0.242
P102,753.0,202.0,895.0,135.0,0,0.38
P103,935.0,167.0,549.0,157.0,1,0.382
P104,1338.0,142.0,931.0,112.0,1,0.236
P105,898.0,205.0,1094.0,114.0,0,0.27
P106,918.0,169.0,765.0,59.0,1,0.34
P107,719.0,195.0,731.0,41.0,1,0.265
P108,916.0,151.0,532.0,79.0,0,0.316
P109,1170.0,184.0,447.0,96.0,1,0.359
P110,1195.0,152.0,1054.0,48.0,1,0.258
P111,1080.0,192.0,596.0,98.0,0,0.358
P112,1011.0,145.0,1045.0,117.0,1,0.214
P113,422.0,150.0,634.0,137.0,1,0.24
P114,552.0,149.0,583.0,92.0,0,0.332
P115,423.0,159.0,928.0,82.0,1,0.248
P116,804.0,205.0,477.0,97.0,0,0.321
P117,401.0,216.0,535.0,115.0,1,0.245
P118,234.0,154.0,661.0,137.0,1,0.272
P119,311.0,218.0,433.0,71.0,0,0.227
P120,832.0,146.0,559.0,85.0,1,0.224
