batch,api_d50_um,granulation_water_pct,impeller_rpm,granulation_time_min,drying_temp_c,lod_pct,blend_time_min,compression_kN,press_speed_k_tab_h,hardness_kp,disintegration_min,dissolution_pct,assay_pct,content_uniformity_av,batch_failed
B001,41.6,30.6,143.0,7.0,61.3,1.99,4.0,10.8,64.0,5.81,4.8,91.4,100.2,8.0,0
B002,38.5,31.6,152.0,4.9,61.2,1.86,2.4,15.5,59.0,9.87,6.1,88.2,99.2,5.0,0
B003,54.1,25.9,162.0,4.1,62.3,1.41,2.4,13.1,64.0,7.29,4.5,87.9,100.3,13.9,0
B004,50.0,30.4,124.0,6.1,58.0,3.36,4.1,15.8,42.0,8.91,7.3,79.6,100.6,3.3,1
B005,42.7,28.9,145.0,6.8,62.3,1.59,3.7,11.4,69.0,6.12,5.2,88.1,99.8,9.7,0
B006,56.9,23.1,169.0,3.7,59.1,2.07,6.2,13.9,52.0,6.02,7.8,78.1,100.4,7.1,1
B007,43.4,28.3,137.0,5.7,60.2,1.63,3.0,13.1,59.0,7.17,5.8,89.3,99.1,7.8,0
B008,65.3,24.0,135.0,4.3,61.5,1.69,2.5,12.8,65.0,6.85,4.5,89.9,101.3,12.4,0
B009,31.3,29.8,166.0,5.6,60.5,3.1,5.4,10.7,57.0,4.49,4.1,91.1,100.3,3.0,1
B010,51.9,33.8,143.0,6.3,63.3,2.49,5.4,15.5,61.0,8.37,8.4,77.4,101.0,10.3,1
B011,43.3,26.4,150.0,7.4,57.5,2.48,3.7,12.6,47.0,7.08,5.1,88.7,100.2,2.0,0
B012,53.0,23.7,154.0,6.9,59.0,1.68,5.3,10.4,55.0,4.29,5.0,82.1,100.2,8.9,1
B013,42.8,27.8,143.0,4.0,59.8,2.28,5.8,13.5,62.0,6.57,5.8,83.3,99.5,8.2,0
B014,43.1,31.1,151.0,6.7,60.4,3.26,3.7,13.7,51.0,7.73,6.2,83.3,98.7,2.8,0
B015,46.9,28.4,182.0,4.7,61.3,1.82,2.9,15.7,61.0,9.01,6.3,86.8,99.2,8.0,0
B016,55.5,28.3,128.0,5.9,62.7,1.86,0.9,14.2,55.0,8.73,4.8,90.9,101.0,6.4,0
B017,50.0,25.6,143.0,6.0,54.6,2.87,6.7,12.5,55.0,4.96,5.2,82.6,99.9,9.3,1
B018,57.9,26.7,159.0,7.0,61.5,1.34,4.2,14.5,54.0,7.88,6.1,83.8,101.1,7.6,0
B019,53.8,28.8,161.0,7.2,59.1,2.45,3.4,13.6,52.0,7.39,5.3,88.6,100.2,7.7,0
B020,52.5,26.1,158.0,6.8,62.0,1.65,4.1,14.2,64.0,6.85,5.6,85.9,99.8,12.0,0
B021,35.0,26.1,155.0,4.4,58.7,1.63,2.8,16.0,55.0,9.17,8.0,86.3,99.9,2.2,0
B022,58.5,26.1,147.0,5.8,56.0,1.8,3.0,16.2,76.0,9.2,7.3,85.4,99.3,15.2,1
B023,44.4,30.8,132.0,5.1,59.7,1.87,5.5,13.2,58.0,7.33,7.2,82.5,100.2,8.7,0
B024,41.8,25.8,162.0,6.5,56.6,2.06,3.1,12.6,62.0,6.79,4.2,93.6,100.0,7.2,0
B025,46.3,30.1,171.0,6.5,56.8,2.6,2.8,14.1,62.0,8.56,5.8,84.8,100.4,8.4,0
B026,45.7,26.9,140.0,5.1,60.3,2.13,5.2,17.1,62.0,8.49,8.1,78.2,100.8,6.5,1
B027,38.3,25.2,160.0,5.2,57.9,1.85,3.7,14.3,57.0,6.67,5.2,88.1,100.5,4.0,0
B028,53.7,26.6,112.0,4.5,63.8,2.66,5.3,13.9,55.0,6.85,8.5,80.3,100.4,8.8,0
B029,41.9,28.3,146.0,4.0,60.8,2.16,5.2,15.4,76.0,8.17,6.7,86.7,99.2,11.5,0
B030,37.2,28.6,161.0,5.1,52.1,3.2,4.7,11.7,50.0,5.61,4.6,91.6,99.7,1.7,0
B031,33.6,28.5,141.0,3.1,60.4,2.16,6.7,15.2,67.0,7.47,7.8,79.7,100.6,8.6,1
B032,50.4,28.9,134.0,4.9,56.4,2.94,3.6,18.9,74.0,9.53,7.0,80.7,97.0,13.8,0
B033,39.9,28.0,128.0,5.3,62.2,1.96,4.6,15.1,62.0,7.41,6.9,83.3,99.2,6.1,0
B034,28.3,31.5,152.0,6.2,56.9,2.72,5.3,14.5,45.0,9.21,9.9,80.7,101.2,2.7,0
B035,57.0,28.7,176.0,7.5,57.5,2.16,3.0,11.6,68.0,6.03,2.7,87.0,100.5,7.7,0
B036,39.8,27.4,143.0,6.3,56.4,2.76,2.0,15.6,54.0,8.66,4.5,93.0,100.6,5.6,0
B037,47.2,30.1,131.0,6.0,58.2,2.83,2.7,15.4,64.0,8.84,6.2,83.8,100.1,12.4,0
B038,38.2,25.6,141.0,6.9,59.0,1.88,6.5,11.8,59.0,6.03,6.6,84.4,102.2,5.8,0
B039,38.7,27.1,158.0,4.3,60.1,1.92,4.8,13.9,62.0,6.55,4.5,92.8,100.0,5.2,0
B040,56.4,26.7,151.0,7.3,60.6,2.15,5.7,13.6,63.0,6.48,6.9,78.5,98.6,9.5,1
B041,55.1,30.4,120.0,5.7,58.9,2.84,4.2,15.3,61.0,8.12,6.5,80.9,100.6,11.5,0
B042,50.7,28.0,170.0,3.8,59.8,1.81,3.8,12.1,70.0,6.58,5.7,87.1,98.8,10.4,0
B043,53.5,27.2,186.0,5.8,59.6,1.67,4.1,13.4,60.0,7.78,7.0,85.2,99.1,7.1,0
B044,33.9,28.8,152.0,7.8,54.3,2.36,4.7,14.8,68.0,7.49,7.8,87.6,99.8,5.1,0
B045,37.1,28.3,123.0,7.0,64.2,1.53,5.3,14.8,59.0,7.64,7.3,83.0,100.4,6.9,0
B046,50.1,24.4,110.0,7.1,62.5,1.07,5.0,15.7,56.0,7.86,7.6,75.9,98.9,5.0,1
B047,31.6,29.6,144.0,5.8,57.4,3.36,5.6,10.8,47.0,4.59,3.3,91.1,101.5,3.6,1
B048,50.7,30.2,141.0,6.0,62.6,1.97,5.0,16.1,53.0,9.06,8.6,76.6,101.1,6.8,1
B049,32.1,29.3,158.0,5.5,62.3,2.06,3.8,14.7,66.0,7.4,4.5,89.6,98.5,7.8,0
B050,34.7,30.7,133.0,5.3,62.5,2.21,6.0,16.0,55.0,8.49,8.7,80.6,100.5,5.0,0
B051,48.7,31.3,162.0,6.6,65.0,2.2,4.5,12.5,74.0,7.06,5.2,90.2,99.9,13.2,0
B052,46.8,31.9,157.0,6.7,57.6,3.29,4.4,16.0,49.0,9.34,8.3,80.5,99.9,5.3,0
B053,29.2,26.7,134.0,5.3,58.3,2.37,2.7,15.2,64.0,8.0,4.5,91.3,101.1,4.6,0
B054,42.0,28.6,127.0,5.9,65.2,1.54,5.0,13.0,70.0,6.59,4.8,86.1,96.6,11.8,0
B055,41.3,30.0,157.0,5.3,56.3,2.89,3.5,16.4,55.0,8.96,5.3,90.5,100.6,5.4,0
B056,34.0,29.6,147.0,4.6,64.2,1.88,4.6,14.2,66.0,8.86,7.6,82.6,99.9,6.6,0
B057,41.6,27.2,165.0,5.9,60.3,2.52,3.7,13.3,49.0,6.48,5.5,87.0,101.0,3.9,0
B058,33.7,26.4,166.0,6.4,58.7,2.17,3.6,10.4,62.0,5.53,2.6,96.5,100.2,8.7,0
B059,41.0,26.9,155.0,5.9,57.5,2.27,5.7,13.9,49.0,6.3,6.3,82.3,102.7,5.3,0
B060,38.8,25.7,150.0,6.7,56.7,2.19,3.9,17.2,75.0,7.89,5.7,88.5,100.4,6.5,0
B061,32.6,26.8,137.0,6.9,59.2,2.31,4.1,13.2,70.0,6.66,5.9,87.7,99.2,9.8,0
B062,33.6,23.9,158.0,7.3,57.3,1.8,4.6,15.9,79.0,7.44,7.1,84.7,97.5,10.4,0
B063,37.5,23.9,149.0,5.9,57.9,1.79,6.2,13.2,72.0,6.13,7.0,82.7,98.0,11.5,0
B064,52.3,27.7,146.0,6.4,55.5,2.76,3.3,15.7,56.0,8.12,6.6,81.4,99.6,4.2,0
B065,47.7,32.2,144.0,5.4,58.0,2.66,4.3,14.5,58.0,8.08,7.5,86.6,100.0,5.5,0
B066,32.7,26.9,152.0,6.7,59.7,1.7,7.0,14.5,66.0,6.53,8.0,78.4,98.2,3.1,1
B067,45.9,22.4,160.0,4.5,59.9,1.83,4.1,16.9,56.0,8.4,6.4,84.9,100.9,3.7,0
B068,46.9,30.5,149.0,5.2,58.1,2.46,4.7,13.3,56.0,7.37,5.8,87.9,100.5,8.5,0
B069,46.1,29.5,131.0,5.1,64.9,1.5,5.2,17.4,49.0,9.99,10.0,81.8,99.9,5.1,0
B070,38.8,27.3,136.0,5.6,60.4,1.51,2.4,14.2,51.0,7.77,5.8,91.9,100.2,3.5,0
B071,28.7,22.4,159.0,6.1,60.2,2.31,3.6,11.9,56.0,5.33,2.3,100.2,100.1,5.4,0
B072,35.1,28.0,158.0,6.9,60.8,2.35,2.5,15.0,51.0,8.61,5.6,91.0,99.9,4.3,0
B073,56.2,31.2,154.0,7.2,66.3,1.23,5.3,14.9,57.0,8.51,9.0,77.2,98.8,5.5,1
B074,42.7,27.3,134.0,6.0,64.4,1.79,3.6,11.4,63.0,5.62,4.8,91.4,98.7,11.0,0
B075,51.8,28.8,128.0,4.9,58.2,2.01,2.7,14.3,57.0,8.13,5.1,91.5,99.0,9.2,0
B076,34.9,27.2,142.0,6.4,56.1,2.62,1.6,15.3,58.0,8.53,4.7,94.4,100.2,3.2,0
B077,50.6,27.1,145.0,6.0,60.4,1.3,4.7,16.5,71.0,8.75,7.9,80.9,99.7,9.6,0
B078,58.5,23.8,163.0,5.5,58.6,1.71,5.0,13.2,44.0,6.08,5.3,82.3,99.0,5.3,0
B079,47.2,28.1,136.0,6.8,57.6,2.14,4.4,12.4,60.0,6.5,5.0,85.3,101.9,7.8,0
B080,39.2,27.5,140.0,5.2,62.2,2.44,3.2,10.9,59.0,5.58,2.9,97.2,100.2,5.3,0
B081,44.6,31.7,144.0,5.6,63.7,1.47,4.0,15.7,70.0,9.4,7.5,87.5,99.5,12.7,0
B082,50.3,30.0,145.0,6.6,56.8,3.05,4.1,13.0,73.0,7.0,4.9,82.2,99.1,14.1,0
B083,40.2,27.4,149.0,5.6,65.8,2.01,4.6,15.0,61.0,7.57,6.0,85.3,99.9,7.1,0
B084,50.1,24.7,165.0,5.4,60.0,1.94,2.8,13.9,56.0,7.23,4.6,88.3,100.9,5.3,0
B085,50.6,29.5,164.0,4.8,58.6,2.55,5.1,15.9,65.0,8.64,8.3,80.9,99.0,10.7,0
B086,38.1,25.0,179.0,7.1,57.9,2.01,1.8,12.6,54.0,6.68,2.9,97.3,98.9,3.5,0
B087,50.3,28.6,154.0,6.8,59.5,2.17,3.6,13.0,67.0,7.24,5.1,89.1,99.2,10.0,0
B088,33.7,22.7,153.0,6.2,54.6,1.64,4.0,10.9,54.0,4.58,3.9,92.8,100.8,2.9,1
B089,48.9,28.3,176.0,6.8,61.1,1.95,5.0,17.5,37.0,9.34,8.5,78.7,102.0,3.2,1
B090,57.5,30.2,163.0,7.2,62.3,2.41,4.4,14.1,68.0,8.24,7.9,77.3,99.2,15.2,1
B091,45.9,26.4,169.0,5.7,62.9,1.79,3.1,12.5,67.0,6.53,4.9,91.4,99.2,9.6,0
B092,50.1,23.9,165.0,7.3,58.9,1.42,3.9,12.7,58.0,5.81,5.4,85.1,101.1,6.2,0
B093,46.5,25.5,135.0,8.1,55.9,2.91,4.3,12.9,47.0,6.59,4.2,90.7,100.7,5.2,0
B094,33.7,31.0,170.0,5.9,58.3,2.67,3.7,17.2,62.0,10.33,9.4,81.5,100.5,6.3,0
B095,45.0,27.8,139.0,5.4,56.2,2.13,2.9,14.8,66.0,8.56,6.1,88.2,99.3,10.7,0
B096,60.5,30.5,160.0,5.8,60.1,2.91,4.1,12.0,49.0,6.67,6.3,81.2,101.1,9.2,0
B097,52.3,28.1,171.0,3.8,59.6,2.0,1.9,12.9,51.0,7.05,3.8,91.7,101.6,8.4,0
B098,45.3,20.9,142.0,4.4,55.7,1.69,5.2,11.6,53.0,4.81,4.3,87.6,100.2,9.1,1
B099,61.9,25.2,146.0,5.5,62.5,0.99,5.1,14.3,62.0,6.95,7.6,80.6,100.8,11.3,0
B100,44.9,31.0,145.0,5.6,56.7,2.93,3.7,14.1,56.0,7.23,5.4,85.4,100.7,4.1,0
B101,50.7,32.7,144.0,6.6,60.6,2.71,5.0,16.4,58.0,9.85,10.6,75.2,100.3,8.2,1
B102,38.9,29.4,151.0,5.7,56.8,2.96,4.9,11.8,69.0,6.27,6.4,86.7,99.3,4.7,0
B103,52.1,27.1,161.0,6.5,58.3,2.32,2.9,13.3,64.0,7.84,6.3,87.9,99.8,13.6,0
B104,40.1,29.4,151.0,5.9,61.3,2.39,5.0,16.3,65.0,8.27,7.5,85.9,98.0,8.9,0
B105,41.5,29.7,140.0,5.3,65.6,1.16,4.9,11.8,60.0,6.84,6.1,82.9,98.7,6.1,0
B106,38.8,23.2,139.0,6.4,63.6,1.61,5.1,13.5,56.0,4.98,3.8,88.9,98.4,6.9,1
B107,36.7,33.1,157.0,5.5,61.2,3.24,5.6,11.3,53.0,5.06,4.8,91.8,101.9,1.7,0
B108,42.7,28.0,152.0,5.2,59.6,2.07,3.0,15.1,61.0,8.96,6.8,89.3,98.6,6.3,0
B109,56.6,33.4,140.0,6.5,58.1,2.72,3.2,12.8,60.0,7.87,7.3,81.3,101.1,7.3,0
B110,49.4,26.0,150.0,3.8,59.9,2.36,2.9,14.5,72.0,7.58,5.4,87.6,97.7,8.5,0
B111,44.1,25.5,141.0,7.4,60.1,2.57,4.8,13.8,59.0,5.77,5.3,90.4,101.4,6.7,0
B112,63.3,25.6,135.0,7.5,62.1,0.83,4.4,13.4,70.0,7.79,6.9,82.9,101.2,11.6,0
B113,41.7,22.5,161.0,5.6,58.3,2.49,4.9,16.1,58.0,7.26,7.0,86.2,101.2,7.4,0
B114,40.3,26.8,174.0,3.9,61.6,2.02,4.7,15.9,64.0,8.84,8.0,82.0,100.8,8.6,0
B115,45.0,28.0,173.0,5.3,53.9,2.47,4.4,15.2,65.0,7.85,7.3,82.6,99.8,8.6,0
B116,47.1,28.9,139.0,3.7,61.2,2.3,4.3,13.7,66.0,7.07,6.3,83.8,99.1,9.0,0
B117,60.6,31.3,148.0,6.1,62.7,1.62,4.4,19.0,55.0,10.36,8.2,78.3,100.3,10.0,1
B118,57.0,29.1,151.0,6.2,58.9,1.93,2.9,15.6,52.0,9.4,5.9,84.8,102.4,5.7,0
B119,64.5,24.6,164.0,4.8,56.3,2.55,3.0,14.5,53.0,7.32,5.5,82.9,100.6,10.2,0
B120,58.2,27.9,149.0,5.5,59.6,2.32,5.3,12.7,75.0,6.09,5.9,80.2,99.9,14.9,0
B121,47.4,29.9,179.0,7.2,59.3,2.89,3.2,13.5,72.0,6.7,6.3,82.3,99.8,10.8,0
B122,56.3,28.4,139.0,4.2,57.0,2.44,2.8,12.3,61.0,7.15,3.4,89.3,99.6,10.5,0
B123,66.7,29.9,138.0,7.8,53.4,3.55,4.0,10.6,57.0,6.14,5.7,81.2,101.0,12.1,0
B124,43.3,30.4,121.0,6.7,57.3,1.76,1.8,16.0,78.0,9.23,7.3,87.6,99.2,9.2,0
B125,52.5,29.4,130.0,5.9,58.8,2.74,4.0,16.1,67.0,8.41,7.6,84.2,100.2,12.1,0
B126,45.5,25.6,157.0,6.3,55.1,1.25,6.3,12.5,62.0,6.04,5.6,83.3,100.0,9.6,0
B127,42.1,30.9,160.0,4.0,60.2,2.49,3.0,14.5,47.0,7.54,5.2,92.5,98.5,1.7,0
B128,61.0,29.0,154.0,6.1,58.2,2.6,4.3,15.5,66.0,8.12,6.5,81.9,100.7,11.9,0
B129,45.0,29.7,152.0,4.4,62.4,2.16,3.3,18.1,64.0,10.44,8.0,83.4,99.6,7.8,0
B130,44.6,29.9,154.0,6.0,63.1,2.62,2.9,14.7,58.0,7.88,5.2,91.7,100.3,4.6,0
B131,46.8,30.3,149.0,5.3,60.3,2.36,4.1,15.0,63.0,8.13,6.9,87.3,98.5,7.0,0
B132,45.1,28.1,148.0,5.5,61.2,2.09,4.4,12.9,64.0,6.46,5.4,89.4,100.5,9.5,0
B133,41.4,26.6,128.0,6.4,57.2,2.69,3.0,13.8,63.0,6.68,4.3,91.4,99.4,10.1,0
B134,32.4,24.7,141.0,4.8,62.3,1.5,2.9,14.2,61.0,7.99,5.5,92.7,100.8,3.7,0
B135,39.4,25.6,156.0,5.7,55.9,2.2,3.4,15.2,49.0,7.93,6.3,87.2,100.0,2.3,0
B136,32.1,23.3,168.0,5.6,58.7,1.64,5.0,13.5,71.0,6.55,6.3,85.2,99.3,7.0,0
B137,38.5,29.2,155.0,6.2,59.7,2.38,2.9,16.3,51.0,9.35,7.9,86.5,100.7,7.3,0
B138,58.1,25.4,165.0,4.1,64.6,1.5,3.0,9.9,58.0,5.18,1.8,94.3,102.1,9.0,0
B139,37.3,31.4,168.0,5.3,56.1,2.59,6.9,13.9,61.0,7.39,7.1,81.6,99.7,7.5,0
B140,49.9,27.9,172.0,5.7,63.7,1.7,4.2,14.6,63.0,7.65,3.7,87.2,100.2,7.6,0
B141,33.1,29.6,148.0,4.1,55.9,2.35,1.7,16.2,64.0,9.67,6.6,89.5,99.6,5.3,0
B142,55.6,24.5,140.0,6.1,53.1,2.09,4.7,16.4,67.0,8.17,6.8,77.5,99.9,11.8,1
B143,41.0,24.8,138.0,5.5,62.3,1.16,3.6,13.2,60.0,6.75,6.1,90.1,101.6,6.0,0
B144,46.7,30.0,149.0,6.2,60.9,2.12,5.4,12.6,53.0,7.17,7.1,83.7,100.7,3.2,0
B145,34.3,26.2,161.0,5.1,56.9,2.44,3.4,13.7,61.0,7.8,4.3,92.9,101.0,4.4,0
B146,34.8,31.0,153.0,5.1,60.3,2.81,4.6,17.0,65.0,9.51,7.6,89.9,99.1,7.3,0
B147,26.0,30.9,126.0,7.2,61.8,1.96,3.8,18.3,57.0,11.63,8.5,86.3,99.5,1.8,0
B148,44.4,27.6,137.0,6.3,56.2,2.74,3.6,14.4,59.0,7.96,6.1,87.2,99.6,7.5,0
B149,43.5,25.9,117.0,7.5,61.1,2.21,3.1,9.4,54.0,5.03,2.1,95.5,100.2,5.2,0
B150,37.8,31.2,138.0,5.2,57.4,3.01,2.8,15.6,60.0,9.85,8.2,86.9,100.3,5.7,0
B151,37.7,24.4,137.0,7.4,61.6,1.79,3.7,15.5,55.0,8.59,6.7,85.5,99.3,4.6,0
B152,51.8,26.7,165.0,6.9,61.6,0.8,1.5,12.7,70.0,7.8,5.4,89.6,100.3,8.9,0
B153,43.7,26.8,159.0,7.3,61.2,1.64,3.3,12.4,40.0,7.6,7.4,81.1,101.4,1.9,0
B154,51.1,29.8,159.0,7.7,57.4,2.33,2.3,14.5,50.0,8.23,6.1,87.9,101.3,7.1,0
B155,50.4,28.0,137.0,5.1,59.3,2.17,3.6,10.9,67.0,5.9,3.6,91.3,99.9,11.2,0
B156,32.9,26.1,137.0,5.1,61.6,1.56,4.2,16.2,61.0,8.95,6.0,91.7,100.0,6.3,0
B157,55.0,29.0,163.0,6.0,57.7,3.04,4.3,10.4,51.0,5.53,4.4,88.4,100.9,3.9,0
B158,57.5,28.5,157.0,5.6,63.7,2.27,4.0,12.8,70.0,7.13,6.0,83.1,100.8,12.9,0
B159,30.7,25.3,137.0,5.7,63.3,2.15,3.2,12.2,48.0,5.72,4.8,89.7,100.2,2.6,0
B160,31.1,28.6,159.0,6.7,64.3,1.96,4.1,15.2,65.0,8.57,7.4,86.3,99.3,7.0,0
B161,51.0,27.4,136.0,4.0,60.6,2.21,4.5,11.7,51.0,6.62,7.6,81.2,99.8,5.4,0
B162,51.0,27.9,153.0,5.1,60.3,2.02,4.0,12.9,66.0,7.05,5.5,86.3,97.4,9.6,0
B163,46.1,25.6,158.0,4.7,62.0,1.48,3.5,16.8,61.0,9.42,8.9,79.9,99.0,9.8,1
B164,68.4,30.4,152.0,7.3,57.5,2.87,5.4,11.8,58.0,5.73,5.6,76.5,99.9,9.5,1
B165,38.0,34.3,138.0,6.6,57.8,3.0,4.1,14.1,54.0,8.21,6.3,88.9,100.2,9.8,0
B166,53.3,21.9,150.0,3.6,60.5,1.52,3.4,13.6,58.0,7.03,5.5,86.4,98.6,4.2,0
B167,63.7,23.5,150.0,7.3,61.9,0.89,5.3,11.5,56.0,5.59,4.9,84.9,99.9,10.4,0
B168,39.2,29.6,147.0,5.9,60.4,2.68,3.9,16.3,59.0,8.15,6.7,86.8,100.5,3.7,0
B169,32.9,30.0,153.0,6.5,61.5,1.91,6.1,9.2,65.0,4.9,5.5,85.6,99.3,6.8,1
B170,52.7,28.3,152.0,4.6,61.0,2.0,2.4,11.7,62.0,6.51,4.8,89.5,99.8,10.2,0
B171,51.0,29.5,134.0,6.4,56.1,2.96,3.5,16.4,63.0,9.15,7.1,80.1,98.5,11.4,0
B172,39.4,28.2,149.0,7.2,61.7,1.78,6.0,14.5,60.0,7.35,7.7,82.3,99.6,5.9,0
B173,59.8,30.4,118.0,5.5,55.9,2.47,3.0,13.3,52.0,8.31,5.8,85.8,101.8,4.9,0
B174,59.8,24.1,165.0,6.0,64.9,1.18,4.9,16.6,60.0,7.8,6.9,84.9,99.8,10.7,0
B175,39.2,26.6,178.0,3.9,64.6,1.51,4.2,12.6,53.0,7.45,6.6,84.3,99.2,3.2,0
B176,32.2,26.4,149.0,5.3,60.8,1.24,4.9,12.6,68.0,6.67,6.8,84.5,98.5,7.4,0
B177,58.1,30.1,127.0,8.8,58.0,2.07,3.1,13.7,70.0,7.02,4.4,83.8,98.9,14.0,0
B178,32.2,30.5,168.0,5.3,56.4,2.94,2.9,15.5,58.0,8.86,5.2,93.3,99.1,6.8,0
B179,37.1,28.4,147.0,6.4,61.3,1.63,4.9,11.4,51.0,6.41,5.4,88.3,99.6,3.5,0
B180,32.1,28.2,130.0,6.6,54.5,3.05,2.5,12.3,67.0,6.19,4.3,89.9,100.5,7.7,0
B181,61.6,32.6,159.0,5.9,63.9,2.49,4.5,14.0,75.0,8.32,6.2,85.3,100.6,15.2,1
B182,52.7,30.3,163.0,5.3,55.8,2.96,1.4,13.5,72.0,8.26,3.4,92.2,98.4,12.6,0
B183,45.8,30.8,134.0,5.1,58.7,2.74,4.1,14.0,77.0,7.43,7.2,83.2,98.8,13.6,0
B184,32.7,31.9,137.0,8.1,61.6,2.07,4.8,14.0,60.0,8.47,7.2,88.9,98.2,5.4,0
B185,39.0,29.7,176.0,6.0,61.2,2.38,4.3,16.1,77.0,8.88,8.8,83.3,98.4,10.2,0
B186,54.6,31.5,157.0,5.6,59.4,2.12,3.9,12.3,60.0,7.82,5.2,85.8,99.7,10.8,0
B187,50.6,29.5,166.0,7.5,60.6,1.96,3.7,14.8,61.0,8.93,6.1,85.7,98.9,12.0,0
B188,49.5,28.5,137.0,6.5,58.3,2.28,4.5,13.2,51.0,7.71,7.8,80.9,99.6,6.0,0
B189,56.0,26.7,138.0,5.4,61.3,1.57,5.3,14.9,60.0,7.6,8.1,76.7,102.2,10.3,1
B190,37.7,27.4,145.0,3.4,59.3,1.77,2.2,13.4,67.0,7.96,4.4,93.3,98.2,10.9,0
B191,71.3,29.9,156.0,6.4,55.6,2.69,1.4,12.8,61.0,8.8,5.2,83.1,100.6,12.7,0
B192,43.2,29.3,130.0,4.6,59.9,2.76,3.5,12.0,48.0,6.99,5.4,81.7,100.9,4.8,0
B193,48.7,26.8,169.0,6.3,59.9,1.61,5.1,11.0,51.0,6.02,6.2,84.1,100.7,4.3,0
B194,52.4,25.9,143.0,4.2,54.0,3.08,4.9,13.8,67.0,6.36,5.4,83.7,101.8,11.5,0
B195,19.6,31.7,159.0,5.4,57.7,2.6,5.4,13.9,56.0,6.84,5.6,92.2,100.8,2.0,0
B196,41.2,28.7,153.0,5.5,61.6,2.44,4.6,15.1,58.0,7.86,5.7,89.8,99.7,6.1,0
B197,59.4,31.2,125.0,5.8,63.0,2.74,3.0,12.3,63.0,7.59,5.4,83.3,100.3,12.9,0
B198,67.1,27.5,171.0,6.0,57.3,1.95,3.2,14.4,68.0,8.11,5.6,82.1,98.8,12.8,0
B199,51.9,30.3,175.0,5.6,54.4,3.61,3.8,16.3,70.0,8.73,5.5,85.3,101.6,15.1,1
B200,50.7,25.3,156.0,5.0,62.6,1.65,1.8,15.5,63.0,8.45,4.7,89.4,98.4,4.6,0
B201,45.5,32.8,163.0,5.3,57.6,3.5,4.4,17.3,56.0,9.58,8.0,78.3,101.0,7.0,1
B202,58.6,30.4,149.0,5.2,64.4,1.63,5.5,13.4,77.0,7.9,6.9,79.3,99.1,15.1,1
B203,62.9,23.0,165.0,3.6,61.2,2.03,4.5,13.2,61.0,5.65,5.1,81.5,99.5,12.2,0
B204,63.6,31.0,152.0,6.3,59.8,2.57,2.1,12.4,62.0,7.41,3.4,88.6,99.5,7.6,0
B205,26.0,28.6,145.0,5.9,61.8,1.97,3.9,17.6,71.0,10.17,7.9,86.4,98.5,7.9,0
B206,44.2,27.8,158.0,6.4,62.0,1.52,4.3,13.2,59.0,6.75,5.5,86.6,101.9,9.2,0
B207,38.7,28.3,133.0,7.6,57.4,2.7,3.2,13.9,76.0,8.33,5.3,90.9,98.8,10.8,0
B208,55.0,29.2,148.0,6.1,62.4,2.73,2.8,15.0,59.0,7.85,5.4,87.4,100.3,11.4,0
B209,64.2,27.1,147.0,4.9,60.2,2.17,1.5,12.3,54.0,7.15,2.3,90.5,98.9,6.1,0
B210,52.5,29.2,158.0,6.0,60.3,2.84,2.6,13.1,57.0,7.43,3.7,92.6,99.3,10.1,0
B211,41.5,27.0,153.0,4.9,58.5,2.07,3.8,15.0,67.0,8.18,6.2,87.4,100.3,9.6,0
B212,50.9,29.6,153.0,6.6,56.8,3.25,5.7,14.6,67.0,6.4,5.7,87.9,99.0,8.6,0
B213,45.8,20.5,175.0,6.0,58.7,2.32,3.0,14.1,63.0,6.63,5.7,86.1,100.1,9.1,0
B214,56.3,29.3,152.0,5.3,60.1,2.55,2.8,12.2,63.0,7.23,4.1,87.8,100.1,10.0,0
B215,42.8,23.0,139.0,6.6,59.8,2.16,4.0,15.0,49.0,7.32,5.7,89.8,100.1,4.0,0
B216,37.5,28.7,138.0,5.9,63.5,2.54,2.3,13.8,56.0,7.43,4.4,95.8,99.5,6.4,0
B217,50.3,30.2,155.0,6.7,65.2,1.85,5.7,13.1,54.0,7.34,6.7,80.3,100.3,7.8,0
B218,41.2,32.6,173.0,5.6,58.9,3.13,4.2,15.0,49.0,8.46,6.4,85.1,99.8,4.0,0
B219,65.0,28.6,160.0,5.3,61.0,2.47,4.2,14.4,59.0,7.46,5.9,81.9,100.3,11.8,0
B220,48.3,27.1,150.0,5.6,62.9,1.31,4.5,12.4,57.0,6.99,3.5,92.5,100.4,6.9,0
B221,40.2,29.8,146.0,8.0,57.4,3.09,3.5,15.1,73.0,8.68,6.7,87.3,98.7,10.7,0
B222,40.6,27.0,131.0,7.6,64.1,1.73,3.3,16.3,59.0,9.5,8.3,82.5,98.8,4.3,0
B223,33.4,30.0,140.0,6.9,57.0,2.93,3.9,15.2,58.0,8.02,6.3,92.1,101.5,5.8,0
B224,44.1,22.3,143.0,6.8,65.1,1.42,2.2,12.9,68.0,6.35,4.3,88.9,100.6,12.8,0
B225,38.2,29.2,126.0,4.0,63.8,1.99,4.6,11.4,68.0,5.95,5.2,89.1,99.4,10.4,0
B226,36.4,28.7,163.0,6.4,61.9,2.05,4.4,13.7,75.0,6.97,6.5,88.0,100.0,11.4,0
B227,43.3,27.2,149.0,6.6,56.1,2.25,5.3,14.0,46.0,7.76,8.0,84.0,100.8,4.1,0
B228,57.9,26.5,137.0,5.6,58.0,1.47,3.0,15.6,64.0,8.72,6.1,86.0,100.8,13.1,0
B229,47.7,27.8,113.0,6.3,58.3,2.38,3.2,14.1,68.0,7.32,4.6,88.2,100.4,9.6,0
B230,49.9,24.4,146.0,5.6,61.1,1.9,4.4,14.4,58.0,6.56,5.2,83.4,100.7,8.0,0
B231,57.7,28.6,162.0,6.6,58.5,3.25,2.9,9.1,52.0,4.94,1.9,97.1,100.4,9.2,1
B232,49.3,26.6,137.0,5.6,58.7,1.83,3.0,13.5,51.0,7.59,5.4,86.2,101.1,4.1,0
B233,51.2,27.0,148.0,4.0,59.9,3.01,2.2,8.9,55.0,4.78,1.3,94.7,100.5,7.7,1
B234,39.5,27.7,155.0,6.4,60.2,2.29,5.0,14.5,54.0,7.58,5.4,86.2,100.1,3.3,0
B235,51.4,28.3,162.0,6.3,62.6,1.78,6.6,13.8,55.0,6.02,6.5,80.0,102.1,5.8,1
B236,38.7,29.9,158.0,7.8,63.6,1.68,4.7,16.8,65.0,8.45,7.5,85.6,99.2,8.4,0
B237,30.5,28.4,124.0,4.5,56.8,2.84,1.7,11.6,53.0,7.25,5.0,95.3,101.0,4.7,0
B238,49.3,30.4,129.0,4.3,67.3,1.81,4.7,13.6,66.0,7.94,6.1,83.4,99.8,12.7,0
B239,50.2,29.4,146.0,8.0,68.6,2.07,4.1,13.4,57.0,7.04,5.9,90.1,100.2,8.2,0
B240,30.2,28.9,145.0,5.2,55.2,2.51,1.7,14.2,58.0,8.75,4.3,96.0,99.2,2.6,0
B241,37.1,30.4,160.0,4.8,59.2,2.58,4.4,15.3,52.0,9.15,7.9,84.2,101.8,4.7,0
B242,39.2,27.5,155.0,5.0,57.4,1.91,5.9,15.6,65.0,7.99,7.6,80.5,100.1,7.7,0
B243,35.2,25.9,152.0,5.6,59.8,1.62,4.6,17.8,51.0,9.55,7.4,84.0,99.7,4.4,0
B244,62.4,31.9,151.0,6.5,61.2,3.32,7.0,13.3,56.0,7.22,7.5,73.1,100.8,9.0,1
B245,55.9,26.5,153.0,6.4,59.3,2.86,5.1,12.0,55.0,5.53,4.7,87.6,98.1,4.5,0
B246,35.6,27.4,161.0,5.4,62.1,1.96,3.9,15.4,68.0,8.24,8.0,84.8,100.2,8.4,0
B247,36.3,29.8,150.0,6.8,62.1,2.42,3.8,12.5,54.0,7.26,4.6,91.0,101.1,4.6,0
B248,24.6,33.6,145.0,5.4,59.5,2.47,3.8,17.6,65.0,10.56,7.9,87.6,99.9,7.0,0
B249,53.5,30.1,145.0,4.9,62.4,3.01,4.3,11.1,66.0,6.31,5.5,82.9,99.8,12.2,0
B250,39.8,27.6,155.0,6.7,53.9,2.48,2.8,13.5,62.0,6.81,4.2,89.4,102.4,6.5,0
B251,65.4,28.9,149.0,6.2,65.2,1.87,3.8,12.1,52.0,6.91,6.2,86.3,101.4,8.9,0
B252,43.5,24.4,168.0,7.7,59.0,2.02,4.7,14.8,74.0,7.01,6.0,86.4,98.0,13.3,0
B253,64.4,24.7,144.0,4.8,59.9,1.41,5.5,15.5,74.0,7.83,8.2,78.1,99.3,14.5,1
B254,32.7,24.0,159.0,7.2,63.3,1.34,2.4,15.4,44.0,8.21,6.0,88.9,100.7,2.1,0
B255,42.7,28.6,175.0,6.1,60.5,2.24,5.6,14.2,54.0,7.28,6.6,84.1,100.2,8.9,0
B256,42.3,28.8,154.0,6.0,60.3,2.23,3.9,8.8,60.0,4.56,4.3,92.2,101.0,6.0,1
B257,36.7,27.7,152.0,6.8,63.2,2.25,3.2,17.6,53.0,10.96,7.3,84.8,100.0,3.7,0
B258,42.1,27.8,175.0,6.4,61.6,1.62,5.6,14.8,54.0,7.51,7.1,81.3,99.9,7.2,0
B259,50.2,26.6,116.0,7.3,59.3,1.8,5.3,15.7,54.0,7.9,6.8,84.3,99.0,6.2,0
B260,50.5,27.7,142.0,5.5,57.4,2.58,5.5,14.8,67.0,7.77,6.7,79.3,97.4,10.9,1
B261,39.8,24.1,153.0,7.5,56.3,2.43,5.9,17.2,63.0,7.72,7.5,84.8,100.9,7.0,0
B262,36.6,28.1,152.0,5.3,52.8,3.23,6.0,14.5,63.0,6.93,7.0,81.0,99.0,5.0,0
B263,37.8,29.9,138.0,5.3,55.3,2.92,5.0,14.6,56.0,7.1,6.4,87.1,100.8,5.4,0
B264,43.4,24.6,181.0,6.6,63.1,1.69,4.0,13.6,71.0,5.63,4.3,87.7,98.6,9.6,0
B265,46.5,30.4,166.0,5.2,60.9,2.04,4.4,14.4,53.0,7.72,7.0,85.5,101.4,6.2,0
B266,46.5,24.1,159.0,7.4,63.9,1.64,3.3,12.8,56.0,6.35,4.8,90.1,100.0,2.8,0
B267,53.0,28.1,142.0,4.5,56.9,2.83,3.9,11.5,69.0,5.39,4.5,90.2,100.7,8.6,0
B268,39.8,31.1,156.0,5.6,56.1,2.87,2.0,13.7,52.0,8.94,5.0,94.9,99.8,3.9,0
B269,39.0,27.7,135.0,6.8,58.8,1.7,4.2,20.7,64.0,10.15,7.6,82.0,99.3,7.2,0
B270,41.7,31.0,158.0,6.4,60.8,2.38,4.9,15.8,52.0,8.65,8.0,84.3,100.4,5.8,0
B271,34.8,30.1,167.0,5.6,61.6,2.85,4.2,13.8,49.0,7.62,6.3,84.3,99.2,4.2,0
B272,40.9,27.3,177.0,4.5,61.0,2.12,3.7,12.6,78.0,7.75,7.9,87.0,100.4,15.0,0
B273,45.0,27.6,143.0,6.7,60.0,1.83,5.5,15.6,59.0,8.84,8.8,79.4,100.7,7.4,1
B274,49.5,27.7,159.0,7.3,59.8,2.47,2.5,14.3,68.0,7.88,5.8,86.6,99.4,11.3,0
B275,48.3,29.6,136.0,5.5,65.3,2.51,4.2,15.6,58.0,8.51,6.0,83.9,100.1,8.3,0
B276,50.1,29.5,133.0,6.0,59.8,1.78,2.3,14.2,60.0,8.18,4.6,86.0,99.1,9.7,0
B277,56.2,25.4,162.0,5.8,59.7,1.89,3.4,11.7,55.0,5.81,4.6,87.3,99.3,8.5,0
B278,49.0,26.2,151.0,5.0,60.4,1.51,2.7,13.4,74.0,7.59,5.4,88.8,99.0,11.0,0
B279,36.1,29.1,142.0,4.4,57.9,2.82,1.9,12.1,66.0,7.65,6.0,89.4,98.9,8.1,0
B280,26.0,26.9,110.0,5.1,62.5,1.33,3.9,10.6,66.0,6.94,4.2,89.8,99.8,11.1,0
B281,29.7,25.4,136.0,5.3,57.3,2.27,3.3,13.2,75.0,6.27,2.7,94.1,100.1,10.6,0
B282,35.3,28.5,148.0,6.5,53.5,3.43,6.3,16.0,62.0,8.0,7.6,84.2,98.5,8.0,0
B283,45.7,29.3,136.0,6.1,67.8,1.31,4.1,15.0,55.0,8.0,5.5,83.1,99.6,7.9,0
B284,48.3,28.5,159.0,6.6,60.3,1.79,3.1,10.5,49.0,5.77,3.6,96.0,100.6,4.3,0
B285,37.0,24.9,153.0,4.0,58.1,1.83,5.1,12.4,61.0,5.54,5.1,87.4,99.9,6.1,0
B286,24.9,29.1,129.0,7.2,67.0,1.4,2.9,15.4,65.0,8.45,7.4,92.3,99.9,8.3,0
B287,53.5,28.8,147.0,5.6,57.9,2.4,6.5,11.5,46.0,5.11,6.5,81.3,101.4,3.1,0
B288,45.5,22.6,168.0,7.2,59.5,1.19,5.1,15.9,61.0,7.57,7.7,83.4,100.6,8.4,0
B289,27.0,27.4,149.0,7.3,56.8,2.92,5.7,10.4,67.0,4.97,4.5,91.7,99.4,5.1,1
B290,44.6,30.3,169.0,5.8,54.1,3.07,4.3,11.0,52.0,5.69,3.9,90.6,98.8,6.1,0
B291,60.9,27.7,178.0,6.4,61.2,1.53,4.7,14.4,60.0,7.48,6.4,82.6,99.3,9.8,0
B292,50.7,28.3,145.0,5.3,60.6,2.47,3.0,16.5,52.0,8.81,6.7,88.8,100.9,6.6,0
B293,60.5,29.9,146.0,5.1,62.1,2.42,3.1,15.0,58.0,8.72,6.7,85.5,100.1,11.8,0
B294,34.7,25.2,148.0,5.3,61.7,1.46,5.4,17.1,55.0,9.27,9.1,79.2,100.6,3.3,1
B295,41.4,31.2,179.0,5.8,62.8,2.36,5.6,17.8,74.0,9.72,9.1,82.7,100.6,14.0,0
B296,40.2,29.5,137.0,7.2,65.0,1.91,4.3,10.2,50.0,5.81,4.9,90.2,100.8,4.1,0
B297,36.4,30.5,163.0,5.0,61.5,2.33,6.5,11.7,69.0,5.75,7.2,83.8,99.9,9.8,0
B298,67.5,28.1,157.0,6.3,60.0,2.38,4.5,9.7,69.0,5.23,3.8,89.1,100.2,14.8,0
B299,55.6,28.5,128.0,6.7,61.5,1.75,4.2,16.0,54.0,8.09,7.3,81.0,101.1,10.3,0
B300,54.9,25.0,148.0,7.2,60.4,1.96,4.6,14.7,68.0,6.44,5.5,84.8,99.6,13.0,0
