drug,drug_class,smiles
Paracetamol,Analgesic,CC(=O)Nc1ccc(O)cc1
Aspirin,NSAID,CC(=O)Oc1ccccc1C(=O)O
Ibuprofen,NSAID,CC(C)Cc1ccc(cc1)C(C)C(=O)O
Naproxen,NSAID,COc1ccc2cc(ccc2c1)C(C)C(=O)O
Ketoprofen,NSAID,CC(C(=O)O)c1cccc(c1)C(=O)c1ccccc1
Diclofenac,NSAID,OC(=O)Cc1ccccc1Nc1c(Cl)cccc1Cl
Caffeine,Stimulant,Cn1cnc2c1c(=O)n(C)c(=O)n2C
Propranolol,Beta-blocker,CC(C)NCC(O)COc1cccc2ccccc12
Atenolol,Beta-blocker,CC(C)NCC(O)COc1ccc(CC(N)=O)cc1
Metoprolol,Beta-blocker,COCCc1ccc(OCC(O)CNC(C)C)cc1
Metformin,Antidiabetic,CN(C)C(=N)NC(=N)N
Glibenclamide,Antidiabetic,COc1ccc(Cl)cc1C(=O)NCCc1ccc(cc1)S(=O)(=O)NC(=O)NC1CCCCC1
Amlodipine,Calcium-channel blocker,CCOC(=O)C1=C(COCCN)NC(C)=C(C1c1ccccc1Cl)C(=O)OC
Atorvastatin,Statin,CC(C)c1c(C(=O)Nc2ccccc2)c(-c2ccccc2)c(-c2ccc(F)cc2)n1CCC(O)CC(O)CC(=O)O
Simvastatin,Statin,CCC(C)(C)C(=O)OC1CC(C)C=C2C=CC(C)C(CCC3CC(O)CC(=O)O3)C12
Ciprofloxacin,Antibiotic,OC(=O)c1cn(C2CC2)c2cc(N3CCNCC3)c(F)cc2c1=O
Amoxicillin,Antibiotic,CC1(C)SC2C(NC(=O)C(N)c3ccc(O)cc3)C(=O)N2C1C(=O)O
Fluconazole,Antifungal,OC(Cn1cncn1)(Cn1cncn1)c1ccc(F)cc1F
Diazepam,Benzodiazepine,CN1C(=O)CN=C(c2ccccc2)c2cc(Cl)ccc12
Fluoxetine,Antidepressant,CNCCC(Oc1ccc(cc1)C(F)(F)F)c1ccccc1
Haloperidol,Antipsychotic,OC1(CCN(CCCC(=O)c2ccc(F)cc2)CC1)c1ccc(Cl)cc1
Omeprazole,PPI,COc1ccc2[nH]c(nc2c1)S(=O)Cc1ncc(C)c(OC)c1C
Losartan,ARB,CCCCc1nc(Cl)c(CO)n1Cc1ccc(cc1)-c1ccccc1-c1nn[nH]n1
Warfarin,Anticoagulant,CC(=O)CC(c1ccccc1)C1=C(O)c2ccccc2OC1=O
Curcumin,Natural product,COc1cc(C=CC(=O)CC(=O)C=Cc2ccc(O)c(OC)c2)ccc1O
Quercetin,Natural product,Oc1cc(O)c2c(c1)oc(-c1ccc(O)c(O)c1)c(O)c2=O
