drug,drug_class,MW,logP,HBD,HBA,TPSA,rot_bonds
Paracetamol,Analgesic,151.2,1.35,2,2,49.3,1
Aspirin,NSAID,180.2,1.31,1,3,63.6,2
Ibuprofen,NSAID,206.3,3.07,1,1,37.3,4
Naproxen,NSAID,230.3,3.04,1,2,46.5,3
Ketoprofen,NSAID,254.3,3.11,1,2,54.4,4
Diclofenac,NSAID,296.2,4.36,2,2,49.3,4
Caffeine,Stimulant,194.2,-1.03,0,3,61.8,0
Propranolol,Beta-blocker,259.3,2.58,2,3,41.5,6
Atenolol,Beta-blocker,266.3,0.45,3,4,84.6,8
Metoprolol,Beta-blocker,267.4,1.61,2,4,50.7,9
Metformin,Antidiabetic,129.2,-1.03,4,2,89.0,0
Glibenclamide,Antidiabetic,494.0,3.64,3,5,113.6,8
Amlodipine,Calcium-channel blocker,408.9,2.27,2,7,99.9,8
Atorvastatin,Statin,558.7,6.31,4,4,111.8,12
Simvastatin,Statin,418.6,4.59,1,5,72.8,6
Ciprofloxacin,Antibiotic,331.3,1.58,2,4,74.6,3
Amoxicillin,Antibiotic,365.4,0.02,4,6,133.0,4
Fluconazole,Antifungal,306.3,0.74,1,5,81.6,5
Diazepam,Benzodiazepine,284.7,3.15,0,2,32.7,1
Fluoxetine,Antidepressant,309.3,4.44,1,2,21.3,6
Haloperidol,Antipsychotic,375.9,4.43,1,3,40.5,6
Omeprazole,PPI,345.4,2.9,1,5,77.1,5
Losartan,ARB,422.9,4.27,2,5,92.5,8
Warfarin,Anticoagulant,308.3,3.61,1,4,67.5,4
Curcumin,Natural product,368.4,3.37,2,6,93.1,8
Quercetin,Natural product,302.2,1.99,5,7,131.4,1
