minute,inlet_temp_c,outlet_temp_c,product_temp_c,airflow_m3_h,nir_lod_pct
0,60.0,25.6,23.5,454.0,18.11
1,60.0,26.3,24.1,443.0,16.74
2,59.7,25.8,23.6,452.0,15.42
3,59.6,26.2,23.7,453.0,14.27
4,60.0,25.8,23.5,452.0,13.25
5,60.4,28.1,25.1,455.0,12.07
6,60.7,29.3,26.8,444.0,11.16
7,59.6,30.4,27.9,452.0,10.3
8,59.6,31.2,28.5,446.0,9.44
9,59.8,33.8,31.5,447.0,8.79
10,59.9,34.4,31.6,442.0,8.34
11,59.8,35.8,33.7,452.0,7.42
12,59.3,36.3,33.3,442.0,6.99
13,60.9,37.3,35.2,447.0,6.33
14,60.4,38.2,35.4,452.0,5.84
15,59.8,38.5,35.9,448.0,5.6
16,60.5,39.1,37.3,448.0,5.15
17,60.1,39.8,37.2,455.0,4.91
18,59.5,40.2,37.9,450.0,4.47
19,59.9,41.9,39.6,450.0,4.23
20,59.7,41.9,39.6,446.0,3.93
21,60.4,41.9,39.5,448.0,3.66
22,59.8,41.8,39.2,448.0,3.39
23,60.1,43.2,41.1,458.0,3.25
24,60.1,43.5,41.4,453.0,2.99
25,60.1,43.1,40.6,438.0,2.89
26,60.4,44.0,41.4,447.0,2.87
27,60.3,44.2,41.6,453.0,2.88
28,59.8,44.9,42.2,445.0,2.48
29,59.8,44.3,42.0,449.0,2.42
30,60.0,44.6,42.5,450.0,2.14
31,60.1,44.7,42.4,449.0,2.31
32,59.5,45.5,42.8,459.0,2.16
33,58.9,45.5,43.4,451.0,1.87
34,59.9,45.8,43.4,453.0,1.99
35,59.6,45.9,43.3,453.0,1.86
36,59.9,45.7,43.1,450.0,1.62
37,60.1,45.9,43.0,440.0,1.59
38,60.2,45.9,43.6,457.0,2.02
39,60.3,46.8,44.4,447.0,1.61
40,60.0,47.1,44.9,450.0,1.75
41,59.6,46.9,44.3,444.0,1.51
42,60.2,46.4,43.6,452.0,1.51
43,60.1,46.6,43.6,457.0,1.35
44,59.6,47.7,44.9,444.0,1.37
45,59.8,46.5,44.4,441.0,1.42
