pair_id,herb_cyp3a4,herb_pgp,herb_antiplatelet,drug_cyp3a4_substrate,drug_pgp_substrate,drug_narrow_ti,drug_anticoagulant,significant_interaction
HD001,-1,0,0,0,1,1,0,0
HD002,0,0,0,1,0,0,1,0
HD003,1,1,0,1,1,0,0,1
HD004,0,0,1,0,0,0,1,1
HD005,1,0,0,1,0,0,0,0
HD006,0,-1,0,1,0,0,0,0
HD007,1,0,0,0,1,0,0,0
HD008,0,1,1,1,0,0,0,0
HD009,0,1,0,0,0,0,0,0
HD010,0,1,0,1,1,0,0,0
HD011,1,-1,0,1,0,1,0,1
HD012,0,1,0,0,0,1,1,0
HD013,0,0,0,1,1,1,0,0
HD014,0,1,0,0,0,0,0,0
HD015,0,1,0,1,0,0,0,0
HD016,1,0,1,0,0,0,0,0
HD017,-1,1,0,0,0,0,0,0
HD018,1,1,0,1,1,1,0,1
HD019,1,0,0,0,0,0,1,0
HD020,0,1,0,1,1,0,1,0
HD021,-1,0,0,1,0,0,1,0
HD022,1,1,0,0,0,0,0,0
HD023,1,0,1,0,0,1,0,0
HD024,0,0,0,0,0,0,0,0
HD025,0,0,1,1,0,0,0,0
HD026,0,0,0,1,0,0,0,0
HD027,0,-1,0,1,1,0,0,1
HD028,0,0,0,1,1,1,1,0
HD029,0,0,1,1,0,0,1,1
HD030,0,1,0,0,0,0,1,0
HD031,1,0,0,0,0,0,0,0
HD032,1,0,0,0,0,1,0,0
HD033,-1,0,1,0,0,0,0,0
HD034,1,1,0,0,0,1,1,0
HD035,-1,0,0,0,0,1,0,0
HD036,1,1,1,1,0,1,1,1
HD037,1,1,0,1,1,1,0,1
HD038,0,0,0,0,0,0,0,0
HD039,0,0,1,0,0,1,0,0
HD040,1,0,0,0,0,0,0,0
HD041,1,1,0,1,1,0,0,1
HD042,0,0,1,0,1,0,0,0
HD043,1,0,0,1,0,0,1,1
HD044,0,1,0,0,0,0,0,0
HD045,1,-1,0,1,0,0,1,0
HD046,1,0,0,1,1,0,0,1
HD047,0,0,0,0,1,0,1,0
HD048,1,1,0,0,0,1,0,0
HD049,1,0,1,0,0,0,0,0
HD050,1,0,0,1,0,0,1,0
HD051,1,0,0,1,1,1,0,1
HD052,1,1,0,0,0,0,0,0
HD053,0,1,1,0,0,0,0,0
HD054,1,1,0,0,0,1,0,0
HD055,1,0,0,1,0,1,0,0
HD056,0,1,0,0,0,0,0,0
HD057,0,0,0,0,0,0,1,0
HD058,1,1,0,0,0,0,0,0
HD059,0,0,1,0,0,1,0,0
HD060,0,0,0,0,0,0,1,1
HD061,0,0,0,0,0,1,0,0
HD062,0,0,0,0,0,0,0,0
HD063,-1,0,0,0,0,0,0,0
HD064,-1,0,0,0,0,0,0,0
HD065,0,0,0,0,0,1,0,0
HD066,-1,1,0,1,0,0,0,1
HD067,0,0,0,1,0,0,0,0
HD068,-1,0,0,0,1,0,0,0
HD069,0,0,0,0,0,0,0,0
HD070,0,0,0,1,0,0,0,0
HD071,1,0,0,0,1,0,0,0
HD072,0,1,0,1,1,0,0,1
HD073,1,-1,0,0,0,0,0,0
HD074,1,0,0,0,0,0,0,0
HD075,0,1,1,1,1,1,0,1
HD076,0,-1,0,1,0,0,0,0
HD077,0,0,0,0,0,0,0,0
HD078,-1,-1,1,0,0,0,0,0
HD079,0,0,1,0,1,1,0,0
HD080,0,-1,0,1,0,0,1,0
HD081,0,1,0,1,0,0,0,0
HD082,0,0,1,0,1,0,0,0
HD083,0,-1,0,1,1,0,0,1
HD084,-1,1,0,0,1,0,0,0
HD085,0,0,0,0,1,0,0,0
HD086,1,-1,0,0,0,0,0,0
HD087,-1,0,0,0,0,0,0,0
HD088,-1,0,0,0,1,0,0,0
HD089,0,1,0,1,1,1,0,1
HD090,1,-1,1,0,0,0,0,0
HD091,1,1,0,0,0,0,0,0
HD092,0,0,1,1,0,1,0,0
HD093,0,0,0,1,0,0,0,0
HD094,1,0,0,1,1,0,0,0
HD095,-1,1,0,1,1,1,0,1
HD096,0,-1,0,1,0,0,0,0
HD097,0,0,0,1,1,1,0,0
HD098,0,0,0,1,0,0,0,0
HD099,0,0,1,0,1,0,0,0
HD100,-1,-1,1,0,0,1,0,0
HD101,-1,0,0,1,0,0,0,0
HD102,-1,0,0,1,0,0,0,1
HD103,1,0,0,0,1,0,0,0
HD104,0,0,0,1,1,0,0,0
HD105,0,0,0,0,1,0,0,0
HD106,-1,0,0,0,0,1,1,0
HD107,0,-1,0,0,0,1,0,0
HD108,-1,0,0,0,1,0,0,0
HD109,0,-1,0,1,1,0,0,0
HD110,1,0,0,1,1,0,0,0
HD111,0,0,0,1,0,0,0,0
HD112,-1,-1,0,1,0,1,0,1
HD113,0,1,0,0,1,0,1,1
HD114,0,1,0,0,0,0,1,0
HD115,-1,1,0,1,0,0,0,0
HD116,-1,1,0,1,0,0,0,0
HD117,1,0,0,1,0,0,0,0
HD118,0,0,0,0,1,0,1,0
HD119,-1,1,1,1,1,0,0,1
HD120,0,-1,0,0,0,1,1,0
HD121,0,1,0,0,1,0,0,1
HD122,0,0,0,1,0,0,0,1
HD123,-1,0,1,0,1,0,0,0
HD124,1,1,0,1,0,0,0,1
HD125,0,-1,0,0,1,1,0,1
HD126,-1,0,0,1,1,1,0,0
HD127,-1,0,0,1,0,1,1,1
HD128,0,1,0,0,0,1,0,0
HD129,0,0,1,0,1,0,0,0
HD130,1,1,0,0,0,0,0,0
HD131,0,1,0,0,0,0,1,0
HD132,1,-1,1,1,0,1,0,1
HD133,0,1,0,1,0,0,0,0
HD134,-1,1,0,1,0,0,0,0
HD135,-1,-1,1,0,0,0,0,0
HD136,0,0,1,0,1,0,0,0
HD137,-1,1,0,0,0,0,0,0
HD138,-1,0,0,1,0,1,0,1
HD139,1,0,0,0,0,1,1,0
HD140,1,0,0,1,0,0,0,0
HD141,-1,1,0,1,1,0,0,0
HD142,0,1,0,1,0,0,0,0
HD143,1,1,0,0,0,0,0,0
HD144,0,0,0,1,0,0,0,0
HD145,-1,1,0,1,0,1,0,1
HD146,1,0,1,0,0,1,1,1
HD147,0,0,0,1,0,0,0,0
HD148,0,0,0,0,0,1,0,0
HD149,1,0,0,1,0,0,0,0
HD150,1,0,0,1,0,0,0,1
HD151,-1,0,0,0,0,0,0,0
HD152,-1,0,0,1,1,0,0,0
HD153,1,0,0,1,0,0,1,1
HD154,-1,0,1,0,0,1,1,1
HD155,1,0,0,0,0,0,0,0
HD156,-1,0,1,1,0,0,0,0
HD157,0,1,1,0,1,1,0,1
HD158,-1,0,0,0,1,1,0,0
HD159,0,0,0,0,0,0,0,0
HD160,0,0,0,0,0,1,0,0
HD161,-1,0,0,1,0,0,0,0
HD162,0,-1,0,0,0,0,0,0
HD163,0,1,0,0,0,0,0,0
HD164,1,0,0,0,0,1,0,0
HD165,1,0,1,1,0,0,0,1
HD166,0,0,0,0,1,1,0,0
HD167,0,0,1,1,0,0,0,0
HD168,1,-1,1,1,0,1,0,1
HD169,0,0,1,0,0,0,1,1
HD170,-1,0,0,1,1,0,0,1
HD171,1,0,1,0,0,1,0,0
HD172,-1,0,0,1,1,0,0,0
HD173,1,0,0,1,0,1,0,1
HD174,1,-1,1,1,0,0,0,0
HD175,0,1,0,1,1,1,0,1
HD176,0,0,1,0,1,0,0,0
HD177,-1,1,1,0,0,1,0,0
HD178,-1,1,0,1,0,1,1,1
HD179,0,1,1,0,0,0,1,1
HD180,0,-1,0,1,1,0,0,0
HD181,0,0,0,1,1,0,0,0
HD182,1,1,1,0,1,0,1,1
HD183,1,1,0,1,0,0,0,0
HD184,1,0,0,0,1,0,0,0
HD185,0,-1,0,1,1,1,0,1
HD186,0,0,0,0,0,0,0,0
HD187,-1,0,1,0,0,0,0,0
HD188,1,1,0,0,0,0,0,1
HD189,1,0,0,0,1,1,0,0
HD190,0,1,0,1,0,1,0,0
HD191,1,-1,0,0,0,0,0,0
HD192,0,0,0,1,0,0,0,0
HD193,0,1,0,1,1,1,0,1
HD194,1,0,0,0,0,0,0,0
HD195,1,-1,0,0,0,0,0,0
HD196,-1,0,0,1,1,0,0,1
HD197,0,0,0,1,0,0,0,0
HD198,0,0,1,0,0,1,0,0
HD199,-1,1,0,1,0,1,0,1
HD200,-1,1,0,1,0,1,1,1
HD201,1,1,0,1,1,1,0,1
HD202,0,0,0,1,0,0,0,0
HD203,1,0,0,0,0,0,1,0
HD204,0,0,0,1,0,1,0,0
HD205,0,-1,0,0,0,0,0,0
HD206,1,0,0,0,0,0,0,0
HD207,1,-1,0,0,1,0,0,0
HD208,0,1,1,0,0,0,0,0
HD209,0,-1,0,1,0,1,1,0
HD210,-1,0,1,1,0,1,0,1
HD211,1,1,0,1,0,0,0,0
HD212,0,0,0,0,0,0,0,0
HD213,0,0,0,1,1,0,0,0
HD214,0,0,0,0,0,0,0,0
HD215,-1,1,0,0,0,1,0,0
HD216,1,1,0,0,0,1,0,0
HD217,0,1,1,0,1,0,1,1
HD218,0,1,0,1,1,0,0,1
HD219,0,0,0,0,0,0,0,0
HD220,0,0,0,0,0,1,1,0
HD221,1,0,0,0,0,0,0,0
HD222,-1,1,0,1,0,0,0,0
HD223,-1,1,0,1,0,0,0,0
HD224,-1,0,0,1,0,0,0,0
HD225,0,-1,0,0,0,0,0,0
HD226,-1,-1,0,1,0,0,0,0
HD227,0,0,0,1,0,0,0,0
HD228,1,1,0,0,0,1,0,0
HD229,0,0,0,1,1,0,0,0
HD230,0,0,0,1,0,0,0,0
HD231,-1,0,1,1,0,0,0,0
HD232,1,-1,0,1,0,0,0,1
HD233,1,1,0,1,0,0,1,0
HD234,0,0,1,1,0,0,1,1
HD235,0,0,0,1,0,0,1,0
HD236,0,0,0,1,0,0,0,0
HD237,0,1,0,1,1,0,0,1
HD238,0,0,0,1,0,0,1,0
HD239,0,0,0,1,1,0,0,0
HD240,1,0,0,0,0,0,0,0
HD241,0,-1,0,1,0,0,1,0
HD242,1,0,0,1,1,1,0,1
HD243,1,-1,1,1,0,0,0,0
HD244,0,-1,0,1,1,0,0,1
HD245,1,1,0,0,1,0,0,0
HD246,0,0,0,1,0,1,0,0
HD247,0,1,0,1,0,1,0,0
HD248,0,-1,0,1,0,0,0,0
HD249,0,1,0,1,1,0,1,0
HD250,1,1,0,0,0,1,0,0
HD251,1,0,1,0,0,0,0,0
HD252,-1,0,1,0,1,0,0,0
HD253,0,0,0,1,0,0,1,0
HD254,0,0,0,1,1,0,1,0
HD255,0,0,0,1,0,1,0,0
HD256,0,0,0,0,0,1,1,0
HD257,1,0,0,1,1,0,0,0
HD258,-1,1,0,0,1,0,0,0
HD259,-1,1,0,0,0,1,0,0
HD260,1,1,0,0,0,1,0,0
HD261,-1,1,1,1,0,0,0,0
HD262,0,1,0,1,1,0,0,0
HD263,0,0,0,1,0,0,0,0
HD264,-1,0,0,1,0,1,0,1
HD265,-1,0,1,0,0,1,0,0
HD266,1,0,0,1,1,0,0,0
HD267,1,0,1,1,0,1,0,1
HD268,0,0,0,1,0,0,0,0
HD269,0,-1,0,0,0,0,0,0
HD270,1,1,0,1,0,0,0,0
HD271,0,-1,0,1,0,0,0,0
HD272,0,0,0,1,1,0,0,0
HD273,0,1,0,0,0,0,0,0
HD274,0,-1,1,1,0,0,0,0
HD275,1,1,1,1,1,0,0,1
HD276,1,0,0,1,0,0,0,0
HD277,-1,1,0,1,1,0,1,1
HD278,0,-1,1,1,1,0,0,0
HD279,0,1,0,0,0,1,0,0
HD280,1,1,0,0,0,0,0,0
HD281,-1,-1,0,0,0,0,0,0
HD282,0,0,0,1,1,0,1,0
HD283,-1,0,0,1,1,1,1,1
HD284,-1,0,0,0,0,0,0,0
HD285,1,-1,0,1,1,1,0,1
HD286,1,0,0,1,0,0,0,0
HD287,1,1,0,1,0,0,0,0
HD288,0,0,1,0,1,0,0,0
HD289,0,1,0,0,0,0,0,0
HD290,1,0,0,1,0,0,0,1
HD291,1,1,1,0,0,0,0,0
HD292,1,0,0,1,0,0,0,1
HD293,1,0,0,0,1,0,0,0
HD294,0,0,1,0,0,1,0,0
HD295,-1,0,0,1,0,0,0,1
HD296,0,0,1,0,1,1,1,1
HD297,1,1,0,0,0,1,1,0
HD298,0,-1,0,0,1,0,0,0
HD299,0,1,1,0,1,0,0,0
HD300,1,0,0,1,0,0,0,0
