time_min,signal_mAU
0.0,2.0
0.01,0.945
0.02,1.661
0.03,1.736
0.04,0.371
0.05,1.26
0.06,1.194
0.07,0.713
0.08,0.734
0.09,1.554
0.1,2.229
0.11,1.698
0.12,2.005
0.13,1.731
0.14,2.032
0.15,1.653
0.16,1.605
0.17,1.223
0.18,1.551
0.19,1.243
0.2,0.387
0.21,2.532
0.22,0.962
0.23,1.551
0.24,1.731
0.25,1.714
0.26,1.432
0.27,1.028
0.28,1.621
0.29,1.163
0.3,1.693
0.31,1.684
0.32,1.462
0.33,1.695
0.34,1.227
0.35,1.358
0.36,1.666
0.37,2.216
0.38,1.976
0.39,2.064
0.4,1.651
0.41,0.626
0.42,1.988
0.43,1.776
0.44,0.956
0.45,1.773
0.46,1.353
0.47,1.657
0.48,1.56
0.49,1.756
0.5,1.486
0.51,1.068
0.52,1.706
0.53,1.462
0.54,1.267
0.55,1.663
0.56,1.423
0.57,1.116
0.58,1.723
0.59,1.61
0.6,1.757
0.61,1.254
0.62,1.661
0.63,2.299
0.64,2.065
0.65,1.578
0.66,1.16
0.67,1.614
0.68,1.89
0.69,2.071
0.7,1.822
0.71,2.219
0.72,1.475
0.73,2.158
0.74,1.443
0.75,1.629
0.76,1.801
0.77,2.154
0.78,1.41
0.79,1.614
0.8,1.893
0.81,1.563
0.82,1.715
0.83,1.43
0.84,1.518
0.85,1.31
0.86,2.183
0.87,1.206
0.88,1.782
0.89,1.714
0.9,2.167
0.91,1.31
0.92,1.402
0.93,1.855
0.94,2.302
0.95,2.116
0.96,1.049
0.97,1.766
0.98,1.388
0.99,1.29
1.0,1.661
1.01,2.405
1.02,1.259
1.03,0.945
1.04,1.791
1.05,1.602
1.06,1.774
1.07,1.41
1.08,1.573
1.09,1.346
1.1,1.234
1.11,1.645
1.12,2.034
1.13,2.418
1.14,1.666
1.15,1.573
1.16,2.688
1.17,1.906
1.18,1.541
1.19,1.799
1.2,1.952
1.21,2.203
1.22,1.415
1.23,1.864
1.24,3.24
1.25,1.677
1.26,2.051
1.27,1.598
1.28,1.965
1.29,1.624
1.3,1.809
1.31,1.917
1.32,1.884
1.33,1.483
1.34,0.446
1.35,2.493
1.36,2.444
1.37,2.134
1.38,1.869
1.39,2.233
1.4,1.768
1.41,2.269
1.42,1.249
1.43,1.444
1.44,1.375
1.45,2.216
1.46,0.976
1.47,1.849
1.48,1.961
1.49,1.997
1.5,1.281
1.51,1.991
1.52,1.37
1.53,2.235
1.54,1.781
1.55,2.337
1.56,1.271
1.57,1.862
1.58,2.425
1.59,2.438
1.6,2.158
1.61,1.005
1.62,2.525
1.63,1.325
1.64,1.869
1.65,1.836
1.66,1.927
1.67,1.244
1.68,1.961
1.69,2.195
1.7,2.033
1.71,2.181
1.72,1.101
1.73,2.434
1.74,1.632
1.75,2.263
1.76,1.532
1.77,2.046
1.78,1.337
1.79,1.56
1.8,1.643
1.81,1.476
1.82,1.651
1.83,1.753
1.84,1.644
1.85,2.038
1.86,1.686
1.87,1.872
1.88,1.841
1.89,2.34
1.9,2.91
1.91,1.195
1.92,2.889
1.93,2.298
1.94,2.004
1.95,1.807
1.96,1.635
1.97,2.542
1.98,1.407
1.99,1.917
2.0,2.257
2.01,1.787
2.02,2.294
2.03,1.27
2.04,1.972
2.05,1.548
2.06,0.937
2.07,1.855
2.08,2.645
2.09,1.777
2.1,2.406
2.11,2.62
2.12,2.236
2.13,1.03
2.14,2.059
2.15,2.648
2.16,2.703
2.17,2.219
2.18,1.792
2.19,1.962
2.2,1.241
2.21,2.151
2.22,2.582
2.23,2.438
2.24,1.864
2.25,2.49
2.26,1.933
2.27,2.566
2.28,1.959
2.29,1.902
2.3,2.592
2.31,2.286
2.32,2.002
2.33,1.946
2.34,1.766
2.35,1.904
2.36,2.73
2.37,1.791
2.38,1.681
2.39,3.289
2.4,1.838
2.41,1.762
2.42,2.049
2.43,2.306
2.44,0.983
2.45,2.338
2.46,1.703
2.47,2.803
2.48,2.043
2.49,1.682
2.5,2.043
2.51,0.935
2.52,1.734
2.53,2.3
2.54,2.327
2.55,2.333
2.56,1.87
2.57,2.341
2.58,1.638
2.59,1.476
2.6,2.649
2.61,2.024
2.62,2.334
2.63,2.056
2.64,2.04
2.65,2.71
2.66,1.906
2.67,1.729
2.68,1.616
2.69,2.175
2.7,3.156
2.71,1.826
2.72,2.601
2.73,2.035
2.74,2.664
2.75,2.284
2.76,2.515
2.77,1.239
2.78,1.836
2.79,2.484
2.8,2.311
2.81,2.355
2.82,2.969
2.83,2.243
2.84,2.481
2.85,1.53
2.86,2.742
2.87,2.866
2.88,2.32
2.89,1.526
2.9,2.334
2.91,2.718
2.92,1.681
2.93,3.077
2.94,2.612
2.95,1.447
2.96,2.779
2.97,3.473
2.98,2.516
2.99,2.928
3.0,3.511
3.01,4.931
3.02,5.546
3.03,7.293
3.04,9.199
3.05,12.032
3.06,14.639
3.07,17.065
3.08,18.065
3.09,19.324
3.1,20.373
3.11,19.344
3.12,18.706
3.13,17.055
3.14,14.8
3.15,12.26
3.16,11.131
3.17,7.827
3.18,5.301
3.19,4.144
3.2,3.286
3.21,3.28
3.22,2.823
3.23,2.793
3.24,1.873
3.25,2.061
3.26,1.885
3.27,2.727
3.28,2.254
3.29,2.177
3.3,2.164
3.31,2.404
3.32,2.71
3.33,2.332
3.34,1.709
3.35,2.366
3.36,3.025
3.37,2.796
3.38,2.219
3.39,1.804
3.4,2.262
3.41,2.339
3.42,2.806
3.43,2.607
3.44,2.348
3.45,2.487
3.46,2.615
3.47,3.238
3.48,2.739
3.49,2.574
3.5,1.872
3.51,2.122
3.52,2.389
3.53,2.486
3.54,2.553
3.55,2.188
3.56,2.173
3.57,2.088
3.58,2.07
3.59,2.537
3.6,1.894
3.61,1.874
3.62,2.588
3.63,2.221
3.64,3.395
3.65,2.656
3.66,1.686
3.67,2.147
3.68,2.464
3.69,2.119
3.7,2.138
3.71,3.093
3.72,2.666
3.73,3.018
3.74,3.156
3.75,2.628
3.76,2.317
3.77,2.038
3.78,2.024
3.79,2.087
3.8,1.913
3.81,2.087
3.82,2.949
3.83,3.401
3.84,2.147
3.85,2.211
3.86,2.219
3.87,1.921
3.88,1.711
3.89,2.567
3.9,2.343
3.91,2.805
3.92,2.179
3.93,1.954
3.94,2.753
3.95,3.097
3.96,2.652
3.97,2.803
3.98,2.977
3.99,3.65
4.0,4.201
4.01,5.321
4.02,7.931
4.03,10.459
4.04,14.077
4.05,21.334
4.06,29.147
4.07,42.113
4.08,57.276
4.09,78.165
4.1,105.801
4.11,135.956
4.12,170.9
4.13,209.752
4.14,251.128
4.15,292.507
4.16,331.08
4.17,364.059
4.18,390.478
4.19,406.983
4.2,412.127
4.21,440.443
4.22,421.983
4.23,394.085
4.24,358.791
4.25,317.682
4.26,275.719
4.27,233.797
4.28,193.097
4.29,157.324
4.3,126.224
4.31,99.855
4.32,79.021
4.33,63.16
4.34,53.456
4.35,44.649
4.36,41.301
4.37,39.138
4.38,37.452
4.39,37.824
4.4,37.918
4.41,38.671
4.42,36.785
4.43,35.863
4.44,33.844
4.45,32.017
4.46,29.415
4.47,26.515
4.48,23.262
4.49,18.697
4.5,16.631
4.51,13.393
4.52,11.431
4.53,10.097
4.54,8.985
4.55,7.232
4.56,6.692
4.57,6.509
4.58,6.091
4.59,5.438
4.6,5.761
4.61,5.462
4.62,4.936
4.63,5.31
4.64,4.054
4.65,4.392
4.66,4.152
4.67,3.903
4.68,4.627
4.69,4.1
4.7,4.018
4.71,3.853
4.72,2.796
4.73,3.337
4.74,3.948
4.75,3.485
4.76,3.009
4.77,2.855
4.78,2.655
4.79,3.439
4.8,3.016
4.81,3.693
4.82,3.532
4.83,3.489
4.84,3.715
4.85,3.189
4.86,3.394
4.87,2.348
4.88,3.253
4.89,2.91
4.9,3.718
4.91,3.257
4.92,2.374
4.93,2.616
4.94,2.773
4.95,3.074
4.96,2.729
4.97,3.145
4.98,2.561
4.99,3.166
5.0,2.276
5.01,2.356
5.02,2.932
5.03,3.067
5.04,2.48
5.05,3.122
5.06,3.612
5.07,2.501
5.08,2.935
5.09,2.608
5.1,3.625
5.11,3.431
5.12,3.901
5.13,2.981
5.14,3.659
5.15,2.853
5.16,2.924
5.17,3.261
5.18,2.785
5.19,2.931
5.2,3.095
5.21,1.765
5.22,3.337
5.23,2.247
5.24,2.647
5.25,2.892
5.26,3.199
5.27,2.79
5.28,2.569
5.29,2.666
5.3,3.178
5.31,2.455
5.32,2.754
5.33,3.441
5.34,2.581
5.35,3.817
5.36,2.212
5.37,2.87
5.38,3.271
5.39,3.07
5.4,2.457
5.41,2.877
5.42,2.712
5.43,2.423
5.44,3.276
5.45,2.486
5.46,2.718
5.47,3.28
5.48,3.275
5.49,3.314
5.5,3.265
5.51,3.041
5.52,2.145
5.53,2.832
5.54,3.076
5.55,3.504
5.56,2.689
5.57,2.808
5.58,2.57
5.59,2.987
5.6,2.91
5.61,3.454
5.62,3.084
5.63,2.987
5.64,3.049
5.65,2.694
5.66,2.857
5.67,2.895
5.68,2.517
5.69,3.115
5.7,2.667
5.71,4.208
5.72,3.789
5.73,2.803
5.74,2.411
5.75,3.796
5.76,2.7
5.77,2.674
5.78,3.248
5.79,3.226
5.8,2.743
5.81,2.987
5.82,2.608
5.83,2.887
5.84,3.871
5.85,3.294
5.86,3.229
5.87,3.164
5.88,3.3
5.89,2.982
5.9,3.903
5.91,2.896
5.92,3.021
5.93,3.362
5.94,2.555
5.95,3.564
5.96,2.833
5.97,3.032
5.98,2.944
5.99,3.059
6.0,2.632
6.01,2.866
6.02,3.606
6.03,3.498
6.04,2.463
6.05,3.444
6.06,2.808
6.07,3.167
6.08,2.097
6.09,3.217
6.1,2.266
6.11,4.518
6.12,3.527
6.13,3.281
6.14,3.399
6.15,3.87
6.16,2.832
6.17,3.262
6.18,1.889
6.19,2.54
6.2,2.593
6.21,3.54
6.22,2.996
6.23,2.987
6.24,1.792
6.25,3.297
6.26,2.912
6.27,4.02
6.28,2.464
6.29,3.055
6.3,3.067
6.31,2.534
6.32,3.571
6.33,2.992
6.34,3.225
6.35,2.975
6.36,2.669
6.37,2.655
6.38,2.637
6.39,3.267
6.4,3.516
6.41,2.411
6.42,3.244
6.43,2.981
6.44,4.457
6.45,3.248
6.46,2.932
6.47,3.513
6.48,3.365
6.49,3.256
6.5,2.829
6.51,2.664
6.52,3.077
6.53,3.663
6.54,3.436
6.55,3.007
6.56,3.13
6.57,3.4
6.58,3.244
6.59,2.853
6.6,4.227
6.61,3.154
6.62,3.53
6.63,4.018
6.64,2.98
6.65,4.604
6.66,4.852
6.67,5.823
6.68,6.429
6.69,7.058
6.7,7.944
6.71,9.428
6.72,9.58
6.73,10.252
6.74,11.251
6.75,13.027
6.76,12.787
6.77,13.414
6.78,14.816
6.79,15.213
6.8,15.381
6.81,15.026
6.82,14.952
6.83,13.951
6.84,13.165
6.85,13.022
6.86,11.229
6.87,11.265
6.88,10.415
6.89,7.997
6.9,7.008
6.91,6.471
6.92,6.008
6.93,5.664
6.94,5.173
6.95,3.567
6.96,3.995
6.97,4.415
6.98,3.871
6.99,3.89
7.0,3.569
7.01,3.093
7.02,3.782
7.03,3.712
7.04,3.214
7.05,3.106
7.06,3.704
7.07,2.902
7.08,3.134
7.09,3.989
7.1,4.306
7.11,2.892
7.12,3.08
7.13,2.94
7.14,2.752
7.15,3.677
7.16,3.036
7.17,3.521
7.18,2.562
7.19,3.045
7.2,3.908
7.21,4.045
7.22,3.628
7.23,3.201
7.24,3.335
7.25,3.659
7.26,2.912
7.27,3.948
7.28,3.294
7.29,3.402
7.3,3.623
7.31,3.379
7.32,2.809
7.33,3.44
7.34,3.592
7.35,3.3
7.36,2.536
7.37,3.791
7.38,3.797
7.39,2.861
7.4,3.156
7.41,2.963
7.42,3.031
7.43,3.001
7.44,3.367
7.45,4.012
7.46,3.545
7.47,3.475
7.48,2.513
7.49,2.742
7.5,3.865
7.51,3.637
7.52,3.244
7.53,2.665
7.54,3.027
7.55,4.141
7.56,3.351
7.57,3.578
7.58,3.506
7.59,3.751
7.6,3.422
7.61,3.215
7.62,3.217
7.63,3.854
7.64,3.53
7.65,2.686
7.66,3.844
7.67,3.13
7.68,3.597
7.69,2.944
7.7,2.803
7.71,3.48
7.72,3.534
7.73,3.462
7.74,3.329
7.75,2.881
7.76,3.971
7.77,3.555
7.78,3.278
7.79,3.729
7.8,3.882
7.81,3.938
7.82,3.292
7.83,3.858
7.84,3.374
7.85,3.174
7.86,4.037
7.87,3.269
7.88,3.859
7.89,3.405
7.9,3.078
7.91,3.641
7.92,3.713
7.93,3.612
7.94,3.346
7.95,3.958
7.96,3.035
7.97,4.002
7.98,3.632
7.99,3.174
8.0,3.037
8.01,4.098
8.02,3.13
8.03,3.6
8.04,2.825
8.05,3.446
8.06,3.438
8.07,3.452
8.08,3.225
8.09,3.361
8.1,2.948
8.11,4.494
8.12,4.109
8.13,4.028
8.14,4.114
8.15,3.926
8.16,3.419
8.17,3.539
8.18,3.772
8.19,4.434
8.2,2.795
8.21,3.419
8.22,4.096
8.23,4.154
8.24,4.108
8.25,3.881
8.26,3.417
8.27,3.38
8.28,4.042
8.29,3.6
8.3,3.408
8.31,3.157
8.32,3.822
8.33,3.143
8.34,3.496
8.35,3.712
8.36,3.684
8.37,3.373
8.38,3.247
8.39,3.285
8.4,3.698
8.41,4.543
8.42,3.542
8.43,3.049
8.44,3.5
8.45,3.404
8.46,3.232
8.47,2.856
8.48,3.604
8.49,3.985
8.5,4.919
8.51,3.831
8.52,3.986
8.53,3.957
8.54,3.781
8.55,3.438
8.56,4.339
8.57,3.773
8.58,4.139
8.59,3.715
8.6,3.885
8.61,3.507
8.62,3.041
8.63,4.387
8.64,3.665
8.65,3.816
8.66,4.011
8.67,3.075
8.68,3.621
8.69,3.71
8.7,3.627
8.71,4.151
8.72,3.863
8.73,3.028
8.74,4.103
8.75,4.488
8.76,3.394
8.77,3.277
8.78,3.916
8.79,3.958
8.8,4.588
8.81,2.904
8.82,3.876
8.83,3.835
8.84,3.875
8.85,3.985
8.86,3.202
8.87,3.533
8.88,3.866
8.89,3.535
8.9,3.475
8.91,4.234
8.92,4.322
8.93,4.286
8.94,4.242
8.95,3.649
8.96,3.773
8.97,2.807
8.98,3.867
8.99,3.777
9.0,4.798
9.01,3.479
9.02,3.917
9.03,4.398
9.04,3.073
9.05,4.076
9.06,3.802
9.07,4.036
9.08,5.119
9.09,4.435
9.1,2.881
9.11,4.13
9.12,3.431
9.13,3.766
9.14,3.888
9.15,4.107
9.16,4.062
9.17,3.459
9.18,3.332
9.19,3.943
9.2,3.728
9.21,3.821
9.22,3.831
9.23,3.601
9.24,3.088
9.25,3.861
9.26,4.698
9.27,4.365
9.28,2.744
9.29,4.161
9.3,3.883
9.31,4.341
9.32,3.649
9.33,3.729
9.34,3.364
9.35,4.146
9.36,3.725
9.37,3.962
9.38,3.622
9.39,3.962
9.4,3.908
9.41,3.107
9.42,3.427
9.43,3.871
9.44,4.012
9.45,4.232
9.46,4.357
9.47,4.571
9.48,3.319
9.49,3.27
9.5,3.938
9.51,4.848
9.52,3.755
9.53,4.014
9.54,4.108
9.55,3.977
9.56,3.029
9.57,4.26
9.58,3.967
9.59,3.894
9.6,4.38
9.61,3.836
9.62,3.62
9.63,3.489
9.64,3.396
9.65,4.168
9.66,3.7
9.67,4.821
9.68,4.212
9.69,3.66
9.7,3.832
9.71,3.151
9.72,4.152
9.73,4.37
9.74,4.281
9.75,4.597
9.76,4.375
9.77,3.798
9.78,3.843
9.79,4.062
9.8,4.004
9.81,3.199
9.82,3.619
9.83,4.118
9.84,4.667
9.85,4.27
9.86,3.521
9.87,5.239
9.88,2.776
9.89,4.523
9.9,3.728
9.91,3.74
9.92,3.819
9.93,3.368
9.94,4.159
9.95,3.152
9.96,3.751
9.97,3.453
9.98,4.15
9.99,4.109
10.0,4.22
