extract_id,alkaloids,flavonoids,tannins,saponins,glycosides,terpenoids,steroids,total_phenolic_mg_gae_g,total_flavonoid_mg_qe_g,dpph_ic50_ug_ml
E01,0,1,1,0,0,1,0,76.2,42.3,26.4
E02,0,1,0,0,0,1,0,59.0,33.8,37.1
E03,1,1,1,0,0,1,0,58.4,33.9,29.8
E04,0,1,0,0,0,1,1,119.8,38.2,19.5
E05,1,1,1,1,1,0,0,155.3,33.9,12.4
E06,0,1,0,1,1,1,1,76.2,32.6,19.1
E07,0,0,1,0,0,0,1,203.8,14.4,10.6
E08,1,0,0,0,1,1,0,176.1,29.4,12.2
E09,0,1,1,0,1,1,1,63.3,20.6,25.0
E10,0,1,1,1,1,1,0,63.5,16.8,31.1
E11,1,1,1,1,0,0,0,72.0,29.5,36.0
E12,0,0,1,1,1,0,1,86.3,8.5,26.1
E13,0,0,0,0,0,1,1,84.6,6.8,24.7
E14,1,1,0,1,0,1,0,35.4,19.3,46.7
E15,1,1,1,0,0,0,0,119.8,37.5,17.9
E16,1,0,0,1,0,0,0,64.1,10.3,35.2
E17,1,1,0,1,0,1,0,27.9,17.4,56.8
E18,1,1,1,1,0,0,1,127.4,55.9,17.1
E19,1,1,1,0,0,0,1,84.4,47.0,26.0
E20,1,1,1,0,0,0,0,213.9,59.8,9.3
E21,1,0,0,0,1,1,1,71.8,5.6,32.1
E22,1,0,1,0,1,1,0,35.8,3.7,55.6
E23,1,1,1,1,0,1,1,168.0,48.9,16.3
E24,1,0,1,1,1,1,1,53.1,8.7,43.1
E25,1,1,1,0,0,0,0,135.5,78.2,14.9
E26,1,1,1,0,1,1,1,102.0,51.5,19.6
E27,0,0,0,0,0,0,0,45.2,6.5,48.4
E28,1,1,0,0,0,1,1,34.1,18.8,42.1
E29,0,1,1,1,1,0,1,75.0,42.0,24.4
E30,1,1,1,1,1,1,0,151.9,63.6,12.1
E31,1,0,1,1,0,0,0,44.9,6.1,53.0
E32,1,1,1,0,0,1,0,286.0,61.7,8.3
E33,0,0,0,0,0,1,1,28.4,3.0,55.8
E34,1,0,1,0,1,1,0,139.6,21.5,12.4
E35,1,1,0,0,0,0,0,113.8,67.6,15.2
E36,0,1,0,1,1,1,0,32.2,18.6,55.3
E37,1,1,0,1,1,0,1,35.0,11.9,48.5
E38,0,1,0,1,0,1,0,79.2,21.4,26.7
E39,1,0,0,0,1,1,0,33.7,2.8,55.9
E40,1,1,1,1,1,1,0,235.7,142.5,12.5
