press,day,vibration_mm_s,motor_temp_c,force_cv_pct,days_since_service,failure,fail_within_7d
TP-1,1,2.65,46.9,0.99,31,0,0
TP-1,2,2.12,47.2,1.67,32,0,0
TP-1,3,2.73,47.7,1.3,33,0,0
TP-1,4,2.22,45.9,1.32,34,0,0
TP-1,5,2.06,48.6,1.36,35,0,0
TP-1,6,2.22,47.0,1.44,36,0,0
TP-1,7,1.76,46.2,1.05,37,0,0
TP-1,8,1.97,47.8,1.38,38,0,0
TP-1,9,2.44,49.0,0.91,39,0,0
TP-1,10,2.16,47.0,1.07,40,0,0
TP-1,11,2.22,46.6,1.38,41,0,0
TP-1,12,2.38,46.8,1.08,42,0,0
TP-1,13,2.17,45.2,1.23,43,0,0
TP-1,14,2.25,47.4,1.61,44,0,0
TP-1,15,1.9,48.2,1.25,45,0,0
TP-1,16,2.26,46.0,1.26,46,0,0
TP-1,17,2.09,44.8,1.34,47,0,0
TP-1,18,1.93,46.8,0.78,48,0,0
TP-1,19,2.51,47.7,1.35,49,0,0
TP-1,20,2.59,46.3,1.28,50,0,0
TP-1,21,1.96,47.1,1.67,51,0,0
TP-1,22,2.72,45.8,0.92,52,0,0
TP-1,23,1.86,46.4,1.72,53,0,0
TP-1,24,2.32,46.2,1.73,54,0,0
TP-1,25,2.12,48.8,1.47,55,0,0
TP-1,26,2.06,47.3,1.11,56,0,0
TP-1,27,2.42,46.2,1.41,57,0,0
TP-1,28,2.47,47.5,1.53,58,0,0
TP-1,29,2.24,45.6,1.41,59,0,0
TP-1,30,2.14,50.7,1.11,60,0,0
TP-1,31,1.85,46.1,1.23,61,0,0
TP-1,32,2.56,46.8,1.26,62,0,0
TP-1,33,2.46,49.1,1.65,63,0,0
TP-1,34,2.12,50.1,1.38,64,0,0
TP-1,35,2.13,47.9,0.62,65,0,0
TP-1,36,2.79,49.2,0.93,66,0,0
TP-1,37,2.11,51.0,1.25,67,0,0
TP-1,38,2.49,46.5,1.26,68,0,0
TP-1,39,2.36,46.2,1.42,69,0,0
TP-1,40,2.39,48.5,0.92,70,0,0
TP-1,41,2.71,47.3,0.9,71,0,0
TP-1,42,2.35,49.2,1.31,72,0,0
TP-1,43,2.08,49.1,1.19,73,0,0
TP-1,44,2.82,46.7,1.06,74,0,0
TP-1,45,2.05,46.1,1.63,75,0,0
TP-1,46,2.36,47.9,1.06,76,0,0
TP-1,47,2.37,49.3,1.35,77,0,0
TP-1,48,2.26,48.0,1.14,78,0,0
TP-1,49,2.35,45.8,1.08,79,0,0
TP-1,50,2.23,47.5,0.84,80,0,0
TP-1,51,2.84,50.8,1.43,81,0,0
TP-1,52,2.14,47.9,0.88,82,0,0
TP-1,53,2.72,48.2,1.39,83,0,0
TP-1,54,2.56,49.2,1.29,84,0,0
TP-1,55,2.08,46.9,1.08,85,0,0
TP-1,56,1.97,44.5,1.47,86,0,0
TP-1,57,2.57,46.2,1.08,87,0,0
TP-1,58,2.38,47.1,1.05,88,0,0
TP-1,59,2.53,48.8,1.47,89,0,0
TP-1,60,2.66,48.8,0.91,90,0,0
TP-1,61,2.28,47.2,0.86,91,0,0
TP-1,62,2.24,47.9,1.2,92,0,0
TP-1,63,2.34,49.1,0.9,93,0,0
TP-1,64,2.3,50.2,0.95,94,0,0
TP-1,65,2.12,49.5,0.79,95,0,0
TP-1,66,2.2,49.6,1.21,96,0,0
TP-1,67,2.32,49.0,1.17,97,0,0
TP-1,68,2.55,48.8,1.32,98,0,0
TP-1,69,2.14,46.1,1.27,99,0,0
TP-1,70,2.15,48.4,1.17,100,0,0
TP-1,71,2.34,48.4,0.77,101,0,0
TP-1,72,1.92,50.0,1.39,102,0,0
TP-1,73,2.31,50.2,1.4,103,0,0
TP-1,74,2.54,47.8,1.13,104,0,0
TP-1,75,2.29,46.3,1.41,105,0,0
TP-1,76,2.08,49.6,1.17,106,0,0
TP-1,77,2.36,48.5,1.86,107,0,0
TP-1,78,2.5,49.2,1.4,108,0,0
TP-1,79,2.52,48.2,1.05,109,0,0
TP-1,80,2.09,47.7,1.3,110,0,0
TP-1,81,2.12,47.5,1.45,111,0,0
TP-1,82,2.24,46.8,1.22,112,0,0
TP-1,83,2.67,48.2,1.27,113,0,0
TP-1,84,2.39,49.6,1.38,114,0,0
TP-1,85,2.22,48.2,1.52,115,0,0
TP-1,86,2.74,50.2,1.85,116,0,0
TP-1,87,2.28,48.8,1.58,117,0,0
TP-1,88,3.36,48.5,1.78,118,0,0
TP-1,89,2.92,49.1,1.67,119,0,0
TP-1,90,3.88,49.1,1.63,120,0,0
TP-1,91,3.51,49.5,1.74,121,0,0
TP-1,92,3.41,51.3,1.84,122,0,0
TP-1,93,4.08,51.8,1.98,123,0,0
TP-1,94,3.75,54.2,1.75,124,0,1
TP-1,95,3.99,52.1,2.1,125,0,1
TP-1,96,4.2,54.3,2.59,126,0,1
TP-1,97,4.76,52.0,2.68,127,0,1
TP-1,98,4.4,52.8,2.11,128,0,1
TP-1,99,4.86,55.0,2.59,129,0,1
TP-1,100,4.86,57.5,2.41,130,0,1
TP-1,101,4.76,56.1,3.13,131,1,1
TP-1,102,2.07,45.6,1.23,0,0,0
TP-1,103,2.21,48.2,1.37,1,0,0
TP-1,104,1.94,45.5,0.92,2,0,0
TP-1,105,1.98,45.9,1.0,3,0,0
TP-1,106,1.59,45.5,1.46,4,0,0
TP-1,107,1.52,46.6,0.91,5,0,0
TP-1,108,2.09,46.1,1.26,6,0,0
TP-1,109,2.31,45.4,1.02,7,0,0
TP-1,110,2.2,45.8,0.9,8,0,0
TP-1,111,2.03,44.0,0.95,9,0,0
TP-1,112,1.9,47.5,0.74,10,0,0
TP-1,113,2.24,47.7,1.47,11,0,0
TP-1,114,2.14,47.2,1.22,12,0,0
TP-1,115,2.05,46.9,1.13,13,0,0
TP-1,116,1.96,46.7,1.51,14,0,0
TP-1,117,1.73,46.1,1.2,15,0,0
TP-1,118,1.89,45.2,1.38,16,0,0
TP-1,119,2.01,46.3,0.91,17,0,0
TP-1,120,1.93,47.7,1.42,18,0,0
TP-1,121,1.76,46.3,1.06,19,0,0
TP-1,122,1.75,47.2,1.05,20,0,0
TP-1,123,2.21,46.9,1.06,21,0,0
TP-1,124,1.87,46.0,1.09,22,0,0
TP-1,125,1.59,46.4,1.2,23,0,0
TP-1,126,2.22,47.6,1.38,24,0,0
TP-1,127,1.61,46.3,1.88,25,0,0
TP-1,128,2.06,46.2,1.11,26,0,0
TP-1,129,2.04,46.3,1.33,27,0,0
TP-1,130,2.23,48.2,0.99,28,0,0
TP-1,131,2.17,48.0,1.09,29,0,0
TP-1,132,2.04,48.0,1.25,30,0,0
TP-1,133,2.16,44.4,1.4,31,0,0
TP-1,134,2.2,46.1,1.56,32,0,0
TP-1,135,2.33,47.1,1.39,33,0,0
TP-1,136,2.0,44.3,1.44,34,0,0
TP-1,137,1.86,45.3,1.31,35,0,0
TP-1,138,2.18,47.8,1.2,36,0,0
TP-1,139,2.24,47.5,1.52,37,0,0
TP-1,140,2.39,46.3,0.83,38,0,0
TP-1,141,2.29,48.3,0.94,39,0,0
TP-1,142,1.95,45.6,1.02,40,0,0
TP-1,143,2.01,50.0,1.08,41,0,0
TP-1,144,2.07,49.0,0.97,42,0,0
TP-1,145,2.07,48.1,1.11,43,0,0
TP-1,146,2.46,47.1,1.46,44,0,0
TP-1,147,1.86,47.8,1.26,45,0,0
TP-1,148,2.37,48.0,0.77,46,0,0
TP-1,149,2.61,47.4,0.99,47,0,0
TP-1,150,2.42,44.4,0.88,48,0,0
TP-1,151,2.38,47.4,1.26,49,0,0
TP-1,152,2.0,49.5,1.01,50,0,0
TP-1,153,1.85,47.3,1.2,51,0,0
TP-1,154,2.22,46.0,1.35,52,0,0
TP-1,155,2.57,44.4,1.28,53,0,0
TP-1,156,2.51,48.1,1.59,54,0,0
TP-1,157,2.64,49.3,1.25,55,0,0
TP-1,158,2.97,48.6,1.77,56,0,0
TP-1,159,2.93,47.2,1.46,57,0,0
TP-1,160,2.9,48.3,2.37,58,0,0
TP-1,161,3.43,47.1,1.83,59,0,0
TP-1,162,3.07,48.6,2.09,60,0,0
TP-1,163,3.26,48.4,1.55,61,0,0
TP-1,164,3.55,47.1,1.94,62,0,0
TP-1,165,3.56,51.9,1.74,63,0,0
TP-1,166,3.6,52.1,1.88,64,0,1
TP-1,167,3.52,51.6,2.2,65,0,1
TP-1,168,3.7,51.4,2.29,66,0,1
TP-1,169,4.02,50.8,2.3,67,0,1
TP-1,170,4.19,52.5,2.48,68,0,1
TP-1,171,4.15,52.7,1.97,69,0,1
TP-1,172,4.72,54.5,2.45,70,0,1
TP-1,173,4.4,53.7,2.38,71,1,1
TP-1,174,2.23,46.8,1.43,0,0,0
TP-1,175,2.45,45.7,1.64,1,0,0
TP-1,176,1.93,47.6,1.23,2,0,0
TP-1,177,2.17,43.8,0.98,3,0,0
TP-1,178,2.0,45.0,1.43,4,0,0
TP-1,179,2.1,43.6,1.03,5,0,0
TP-1,180,1.96,45.4,1.4,6,0,0
TP-1,181,1.89,47.1,1.75,7,0,0
TP-1,182,1.96,47.0,1.11,8,0,0
TP-1,183,1.79,48.0,1.39,9,0,0
TP-1,184,2.09,48.9,1.44,10,0,0
TP-1,185,2.05,45.4,1.71,11,0,0
TP-1,186,2.24,46.5,1.23,12,0,0
TP-1,187,2.0,45.6,1.09,13,0,0
TP-1,188,2.04,46.7,1.32,14,0,0
TP-1,189,2.13,46.7,1.23,15,0,0
TP-1,190,1.93,46.7,1.43,16,0,0
TP-1,191,2.2,47.2,1.11,17,0,0
TP-1,192,1.85,48.1,1.07,18,0,0
TP-1,193,2.52,49.1,0.56,19,0,0
TP-1,194,1.87,45.0,1.54,20,0,0
TP-1,195,2.43,46.8,0.62,21,0,0
TP-1,196,2.38,46.4,1.19,22,0,0
TP-1,197,2.35,47.9,1.35,23,0,0
TP-1,198,1.83,47.1,1.15,24,0,0
TP-1,199,2.1,46.1,0.81,25,0,0
TP-1,200,1.94,46.6,0.88,26,0,0
TP-1,201,1.87,46.5,0.97,27,0,0
TP-1,202,1.77,47.6,1.25,28,0,0
TP-1,203,2.03,46.8,1.27,29,0,0
TP-1,204,2.63,46.3,0.79,30,0,0
TP-1,205,2.12,44.4,1.13,31,0,0
TP-1,206,2.17,45.2,1.03,32,0,0
TP-1,207,1.96,45.7,1.08,33,0,0
TP-1,208,2.1,46.6,1.13,34,0,0
TP-1,209,1.87,44.6,1.35,35,0,0
TP-1,210,1.72,47.4,1.01,36,0,0
TP-1,211,1.88,46.6,1.06,37,0,0
TP-1,212,1.94,47.8,1.35,38,0,0
TP-1,213,2.24,46.7,1.34,39,0,0
TP-1,214,2.07,43.5,1.28,40,0,0
TP-1,215,2.04,47.1,0.98,41,0,0
TP-1,216,2.4,47.1,0.65,42,0,0
TP-1,217,2.12,45.8,0.83,43,0,0
TP-1,218,2.31,46.0,0.91,44,0,0
TP-1,219,2.47,45.8,1.01,45,0,0
TP-1,220,2.05,48.8,1.31,46,0,0
TP-1,221,1.79,48.8,0.9,47,0,0
TP-1,222,2.17,48.7,1.21,48,0,0
TP-1,223,2.31,45.9,1.39,49,0,0
TP-1,224,2.53,47.9,1.0,50,0,0
TP-1,225,2.29,47.9,1.45,51,0,0
TP-1,226,2.26,47.0,1.24,52,0,0
TP-1,227,2.34,47.2,0.9,53,0,0
TP-1,228,2.42,47.9,1.01,54,0,0
TP-1,229,1.76,46.7,1.26,55,0,0
TP-1,230,2.14,47.1,1.06,56,0,0
TP-1,231,1.97,46.6,1.48,57,0,0
TP-1,232,2.39,46.2,1.39,58,0,0
TP-1,233,1.91,46.5,1.19,59,0,0
TP-1,234,2.72,47.2,1.1,60,0,0
TP-1,235,2.26,46.8,0.96,61,0,0
TP-1,236,2.53,48.6,1.8,62,0,0
TP-1,237,2.27,47.8,1.16,63,0,0
TP-1,238,2.82,48.1,1.37,64,0,0
TP-1,239,2.59,47.7,1.57,65,0,0
TP-1,240,2.73,49.0,1.42,66,0,0
TP-1,241,2.95,49.0,2.07,67,0,0
TP-1,242,3.25,48.8,1.87,68,0,0
TP-1,243,2.67,51.0,1.85,69,0,0
TP-1,244,2.73,48.3,1.46,70,0,0
TP-1,245,3.76,51.1,1.62,71,0,0
TP-1,246,3.08,50.4,1.62,72,0,0
TP-1,247,3.43,50.4,2.43,73,0,1
TP-1,248,3.83,52.8,1.6,74,0,1
TP-1,249,4.29,52.2,2.14,75,0,1
TP-1,250,3.9,52.4,2.67,76,0,1
TP-1,251,4.23,51.9,2.18,77,0,1
TP-1,252,4.14,54.2,2.8,78,0,1
TP-1,253,4.68,52.0,2.77,79,0,1
TP-1,254,4.49,54.9,2.27,80,1,1
TP-1,255,1.84,45.0,0.94,0,0,0
TP-1,256,1.99,45.9,1.45,1,0,0
TP-1,257,1.87,45.5,1.31,2,0,0
TP-1,258,1.9,46.0,1.44,3,0,0
TP-1,259,2.14,47.2,0.84,4,0,0
TP-1,260,1.98,45.9,1.14,5,0,0
TP-1,261,2.0,44.4,1.44,6,0,0
TP-1,262,2.19,46.1,1.19,7,0,0
TP-1,263,2.4,48.3,1.36,8,0,0
TP-1,264,2.32,46.1,1.03,9,0,0
TP-1,265,2.37,47.2,1.59,10,0,0
TP-1,266,2.12,46.5,0.75,11,0,0
TP-1,267,2.22,47.5,0.96,12,0,0
TP-1,268,1.9,45.6,0.94,13,0,0
TP-1,269,1.74,47.1,1.11,14,0,0
TP-1,270,1.82,45.0,1.49,15,0,0
TP-1,271,2.06,45.4,1.3,16,0,0
TP-1,272,2.33,47.0,1.05,17,0,0
TP-1,273,2.55,45.9,1.83,18,0,0
TP-1,274,1.86,46.5,1.3,19,0,0
TP-1,275,2.05,46.3,1.04,20,0,0
TP-1,276,2.15,46.2,1.15,21,0,0
TP-1,277,2.12,46.1,0.65,22,0,0
TP-1,278,2.01,46.6,1.04,23,0,0
TP-1,279,2.2,46.2,0.86,24,0,0
TP-1,280,1.79,46.3,1.35,25,0,0
TP-1,281,2.38,46.4,1.37,26,0,0
TP-1,282,1.93,48.3,0.94,27,0,0
TP-1,283,2.05,46.2,0.56,28,0,0
TP-1,284,1.71,46.1,0.96,29,0,0
TP-1,285,1.97,47.9,1.19,30,0,0
TP-1,286,2.1,45.5,1.49,31,0,0
TP-1,287,2.42,46.3,1.44,32,0,0
TP-1,288,2.16,48.2,1.56,33,0,0
TP-1,289,2.36,45.7,1.46,34,0,0
TP-1,290,1.97,45.8,1.69,35,0,0
TP-1,291,1.99,47.5,0.78,36,0,0
TP-1,292,2.34,49.6,1.11,37,0,0
TP-1,293,1.97,47.4,1.27,38,0,0
TP-1,294,1.91,45.4,1.81,39,0,0
TP-1,295,2.01,49.6,0.6,40,0,0
TP-1,296,2.52,45.5,1.14,41,0,0
TP-1,297,1.8,47.2,1.38,42,0,0
TP-1,298,2.1,46.7,1.51,43,0,0
TP-1,299,2.04,46.0,1.42,44,0,0
TP-1,300,2.48,47.8,1.25,45,0,0
TP-1,301,2.4,48.3,1.1,46,0,0
TP-1,302,2.2,48.7,1.19,47,0,0
TP-1,303,2.41,46.6,1.11,48,0,0
TP-1,304,1.95,46.1,1.72,49,0,0
TP-1,305,2.53,47.8,0.94,50,0,0
TP-1,306,2.24,47.8,1.3,51,0,0
TP-1,307,2.66,47.1,1.39,52,0,0
TP-1,308,1.56,45.4,1.21,53,0,0
TP-1,309,2.06,46.6,1.34,54,0,0
TP-1,310,2.08,44.8,0.86,55,0,0
TP-1,311,2.35,49.8,1.33,56,0,0
TP-1,312,2.09,48.9,0.99,57,0,0
TP-1,313,2.72,49.3,1.16,58,0,0
TP-1,314,2.31,47.1,0.72,59,0,0
TP-1,315,2.53,47.4,1.24,60,0,0
TP-1,316,2.02,49.1,0.86,61,0,0
TP-1,317,2.16,47.6,1.07,62,0,0
TP-1,318,2.44,47.2,1.09,63,0,0
TP-1,319,2.55,47.1,0.99,64,0,0
TP-1,320,2.62,46.8,1.33,65,0,0
TP-1,321,2.46,47.6,1.27,66,0,0
TP-1,322,2.19,49.1,1.44,67,0,0
TP-1,323,2.3,47.8,1.73,68,0,0
TP-1,324,1.85,45.4,0.8,69,0,0
TP-1,325,2.2,48.4,1.15,70,0,0
TP-1,326,1.73,49.1,1.12,71,0,0
TP-1,327,1.96,47.3,1.13,72,0,0
TP-1,328,2.06,48.3,0.87,73,0,0
TP-1,329,2.32,46.9,1.44,74,0,0
TP-1,330,2.21,49.7,1.18,75,0,0
TP-1,331,2.2,48.3,0.96,76,0,0
TP-1,332,2.25,47.0,0.92,77,0,0
TP-1,333,2.1,47.1,1.36,78,0,0
TP-1,334,2.32,47.7,1.82,79,0,0
TP-1,335,2.66,48.7,0.95,80,0,0
TP-1,336,2.04,49.7,1.31,81,0,0
TP-1,337,2.39,47.1,1.16,82,0,0
TP-1,338,1.67,46.3,0.67,83,0,0
TP-1,339,2.19,47.4,0.89,84,0,0
TP-1,340,2.56,47.5,1.01,85,0,0
TP-1,341,2.21,47.4,0.71,86,0,0
TP-1,342,2.12,47.9,1.39,87,0,0
TP-1,343,2.69,48.8,1.22,88,0,0
TP-1,344,2.38,47.8,1.04,89,0,0
TP-1,345,1.83,47.7,1.25,90,0,0
TP-1,346,2.47,47.0,1.31,91,0,0
TP-1,347,2.24,48.0,1.3,92,0,0
TP-1,348,2.54,48.0,1.9,93,0,0
TP-1,349,2.72,47.5,0.73,94,0,0
TP-1,350,2.35,47.0,1.58,95,0,0
TP-1,351,2.96,45.0,1.06,96,0,0
TP-1,352,2.8,47.1,1.68,97,0,0
TP-1,353,2.78,47.8,1.57,98,0,0
TP-1,354,3.04,47.7,2.09,99,0,0
TP-1,355,2.61,48.4,1.67,100,0,0
TP-1,356,2.77,51.2,1.43,101,0,0
TP-1,357,3.75,48.3,2.26,102,0,0
TP-1,358,3.39,49.2,2.25,103,0,0
TP-1,359,4.03,49.3,1.25,104,0,0
TP-1,360,4.14,52.0,2.16,105,0,0
TP-1,361,3.52,51.1,2.02,106,0,0
TP-1,362,3.79,53.1,1.98,107,0,0
TP-1,363,3.8,51.4,2.1,108,0,0
TP-1,364,4.11,51.3,2.07,109,0,0
TP-1,365,4.25,52.8,2.3,110,0,0
TP-2,1,2.36,47.7,1.33,32,0,0
TP-2,2,2.27,46.4,1.24,33,0,0
TP-2,3,2.13,46.3,0.93,34,0,0
TP-2,4,2.25,46.5,0.58,35,0,0
TP-2,5,2.05,48.8,1.28,36,0,0
TP-2,6,2.23,46.4,0.77,37,0,0
TP-2,7,2.11,47.3,1.92,38,0,0
TP-2,8,2.52,50.0,1.27,39,0,0
TP-2,9,2.05,49.1,1.4,40,0,0
TP-2,10,2.38,45.9,1.17,41,0,0
TP-2,11,2.75,46.7,1.3,42,0,0
TP-2,12,2.44,44.2,1.66,43,0,0
TP-2,13,2.31,49.9,1.17,44,0,0
TP-2,14,2.34,48.5,1.31,45,0,0
TP-2,15,2.09,48.1,1.14,46,0,0
TP-2,16,1.91,45.5,1.41,47,0,0
TP-2,17,2.4,47.5,1.25,48,0,0
TP-2,18,2.06,45.8,1.16,49,0,0
TP-2,19,2.16,46.5,0.89,50,0,0
TP-2,20,2.25,48.2,0.99,51,0,0
TP-2,21,2.23,46.5,1.14,52,0,0
TP-2,22,2.15,44.7,1.56,53,0,0
TP-2,23,2.21,48.5,1.52,54,0,0
TP-2,24,2.3,47.8,1.62,55,0,0
TP-2,25,2.31,46.6,1.28,56,0,0
TP-2,26,1.95,49.0,0.98,57,0,0
TP-2,27,2.31,47.8,0.86,58,0,0
TP-2,28,2.22,47.2,1.21,59,0,0
TP-2,29,2.43,49.5,0.91,60,0,0
TP-2,30,1.74,45.7,0.84,61,0,0
TP-2,31,2.26,47.8,1.27,62,0,0
TP-2,32,2.35,45.4,1.45,63,0,0
TP-2,33,2.28,46.9,1.33,64,0,0
TP-2,34,2.74,47.2,1.07,65,0,0
TP-2,35,2.05,44.6,0.73,66,0,0
TP-2,36,2.35,49.3,1.05,67,0,0
TP-2,37,2.38,48.9,1.26,68,0,0
TP-2,38,2.24,45.7,0.99,69,0,0
TP-2,39,2.21,46.6,1.44,70,0,0
TP-2,40,2.21,48.3,1.5,71,0,0
TP-2,41,2.55,49.1,1.3,72,0,0
TP-2,42,2.23,48.9,1.62,73,0,0
TP-2,43,2.73,49.7,1.72,74,0,0
TP-2,44,2.82,47.8,1.29,75,0,0
TP-2,45,2.74,48.3,1.67,76,0,0
TP-2,46,3.26,48.6,2.05,77,0,0
TP-2,47,3.37,48.4,2.14,78,0,0
TP-2,48,3.37,49.0,1.78,79,0,0
TP-2,49,3.63,47.9,1.87,80,0,0
TP-2,50,3.53,51.1,1.64,81,0,1
TP-2,51,4.09,50.6,1.7,82,0,1
TP-2,52,3.98,52.3,2.11,83,0,1
TP-2,53,4.11,51.9,2.62,84,0,1
TP-2,54,4.31,51.1,1.97,85,0,1
TP-2,55,4.5,51.3,2.68,86,0,1
TP-2,56,4.61,56.0,2.63,87,0,1
TP-2,57,4.38,54.7,2.3,88,1,1
TP-2,58,2.21,45.7,0.99,0,0,0
TP-2,59,1.95,46.2,1.1,1,0,0
TP-2,60,1.96,45.8,1.55,2,0,0
TP-2,61,2.19,47.4,1.36,3,0,0
TP-2,62,2.17,48.4,1.77,4,0,0
TP-2,63,2.02,45.9,1.19,5,0,0
TP-2,64,2.06,45.6,1.28,6,0,0
TP-2,65,1.93,45.6,1.42,7,0,0
TP-2,66,2.0,46.9,1.14,8,0,0
TP-2,67,2.43,47.8,1.09,9,0,0
TP-2,68,2.1,47.2,1.27,10,0,0
TP-2,69,1.94,45.7,1.04,11,0,0
TP-2,70,2.08,45.3,1.33,12,0,0
TP-2,71,2.12,43.9,0.97,13,0,0
TP-2,72,2.08,43.5,0.82,14,0,0
TP-2,73,2.13,45.2,0.93,15,0,0
TP-2,74,2.35,47.6,1.83,16,0,0
TP-2,75,2.03,45.5,1.0,17,0,0
TP-2,76,1.8,47.0,1.0,18,0,0
TP-2,77,2.18,44.4,1.71,19,0,0
TP-2,78,2.38,45.5,1.2,20,0,0
TP-2,79,1.98,46.9,1.19,21,0,0
TP-2,80,2.48,44.7,1.35,22,0,0
TP-2,81,2.1,47.4,1.41,23,0,0
TP-2,82,2.14,46.9,0.96,24,0,0
TP-2,83,1.62,46.5,0.9,25,0,0
TP-2,84,1.83,46.1,1.28,26,0,0
TP-2,85,2.41,46.8,1.2,27,0,0
TP-2,86,1.68,46.7,1.26,28,0,0
TP-2,87,2.07,46.2,1.11,29,0,0
TP-2,88,2.07,46.6,1.84,30,0,0
TP-2,89,2.37,46.8,1.46,31,0,0
TP-2,90,2.26,46.8,1.09,32,0,0
TP-2,91,2.05,46.7,1.31,33,0,0
TP-2,92,1.63,46.6,1.09,34,0,0
TP-2,93,2.58,46.6,0.84,35,0,0
TP-2,94,2.42,48.0,1.46,36,0,0
TP-2,95,2.49,46.3,1.1,37,0,0
TP-2,96,2.47,45.4,1.14,38,0,0
TP-2,97,2.23,47.2,1.16,39,0,0
TP-2,98,1.82,45.8,0.74,40,0,0
TP-2,99,1.85,47.3,1.2,41,0,0
TP-2,100,2.2,48.0,1.05,42,0,0
TP-2,101,2.29,44.7,0.81,43,0,0
TP-2,102,2.52,45.1,1.29,44,0,0
TP-2,103,1.81,47.9,1.12,45,0,0
TP-2,104,2.38,47.7,1.57,46,0,0
TP-2,105,1.91,45.2,1.38,47,0,0
TP-2,106,2.0,45.1,1.31,48,0,0
TP-2,107,2.59,46.1,1.24,49,0,0
TP-2,108,2.34,47.6,0.85,50,0,0
TP-2,109,2.52,46.7,1.39,51,0,0
TP-2,110,2.29,45.3,1.09,52,0,0
TP-2,111,2.42,47.5,1.71,53,0,0
TP-2,112,2.27,49.5,1.68,54,0,0
TP-2,113,2.84,47.5,1.62,55,0,0
TP-2,114,2.78,49.1,1.64,56,0,0
TP-2,115,3.16,47.7,1.92,57,0,0
TP-2,116,3.27,49.6,2.11,58,0,0
TP-2,117,3.28,49.7,1.99,59,0,0
TP-2,118,2.94,48.5,2.0,60,0,0
TP-2,119,3.47,50.1,2.14,61,0,0
TP-2,120,3.77,50.4,1.68,62,0,1
TP-2,121,3.8,48.9,2.41,63,0,1
TP-2,122,4.22,51.8,2.45,64,0,1
TP-2,123,3.55,50.3,2.3,65,0,1
TP-2,124,3.93,50.2,2.78,66,0,1
TP-2,125,4.18,52.3,2.7,67,0,1
TP-2,126,3.85,53.2,2.45,68,0,1
TP-2,127,4.63,52.4,2.12,69,1,1
TP-2,128,1.91,46.4,0.83,0,0,0
TP-2,129,2.26,45.1,1.23,1,0,0
TP-2,130,1.53,47.5,1.07,2,0,0
TP-2,131,1.92,48.8,0.83,3,0,0
TP-2,132,1.9,45.5,1.53,4,0,0
TP-2,133,2.08,45.7,1.35,5,0,0
TP-2,134,1.98,44.2,1.31,6,0,0
TP-2,135,1.82,46.1,1.35,7,0,0
TP-2,136,2.35,47.1,1.36,8,0,0
TP-2,137,2.38,47.7,0.84,9,0,0
TP-2,138,1.81,46.7,1.15,10,0,0
TP-2,139,2.14,46.9,1.34,11,0,0
TP-2,140,1.86,46.2,0.88,12,0,0
TP-2,141,2.42,45.4,0.94,13,0,0
TP-2,142,1.94,46.1,1.3,14,0,0
TP-2,143,1.9,45.2,0.96,15,0,0
TP-2,144,2.21,46.0,0.97,16,0,0
TP-2,145,1.86,46.5,1.03,17,0,0
TP-2,146,1.77,45.7,1.13,18,0,0
TP-2,147,2.45,46.2,1.31,19,0,0
TP-2,148,1.99,47.1,0.79,20,0,0
TP-2,149,2.16,46.0,1.1,21,0,0
TP-2,150,2.26,44.0,1.55,22,0,0
TP-2,151,2.43,47.8,1.0,23,0,0
TP-2,152,2.52,47.0,0.74,24,0,0
TP-2,153,2.81,47.7,1.38,25,0,0
TP-2,154,2.75,45.4,1.45,26,0,0
TP-2,155,2.02,47.4,1.43,27,0,0
TP-2,156,2.43,46.4,1.36,28,0,0
TP-2,157,1.77,45.1,1.35,29,0,0
TP-2,158,2.51,45.0,1.14,30,0,0
TP-2,159,2.09,46.2,1.29,31,0,0
TP-2,160,2.14,47.3,0.96,32,0,0
TP-2,161,2.2,45.9,1.36,33,0,0
TP-2,162,1.98,47.6,0.55,34,0,0
TP-2,163,2.15,44.5,1.28,35,0,0
TP-2,164,2.22,46.3,1.54,36,0,0
TP-2,165,2.32,48.3,1.16,37,0,0
TP-2,166,2.44,46.6,1.43,38,0,0
TP-2,167,1.89,48.2,1.33,39,0,0
TP-2,168,2.24,45.8,1.1,40,0,0
TP-2,169,2.35,45.6,0.88,41,0,0
TP-2,170,1.85,47.7,0.96,42,0,0
TP-2,171,2.21,46.7,1.51,43,0,0
TP-2,172,2.28,44.4,0.8,44,0,0
TP-2,173,2.34,47.4,1.2,45,0,0
TP-2,174,2.37,47.0,0.9,46,0,0
TP-2,175,2.56,45.2,1.1,47,0,0
TP-2,176,2.26,47.1,1.28,48,0,0
TP-2,177,2.05,48.1,1.11,49,0,0
TP-2,178,2.24,47.5,1.19,50,0,0
TP-2,179,1.51,45.3,1.07,51,0,0
TP-2,180,2.32,46.7,0.79,52,0,0
TP-2,181,2.31,46.3,0.99,53,0,0
TP-2,182,2.21,47.4,1.16,54,0,0
TP-2,183,2.16,48.8,1.28,55,0,0
TP-2,184,2.36,48.7,1.5,56,0,0
TP-2,185,2.51,48.4,1.62,57,0,0
TP-2,186,2.31,50.6,1.28,58,0,0
TP-2,187,2.43,48.0,1.59,59,0,0
TP-2,188,2.69,47.2,1.37,60,0,0
TP-2,189,2.51,47.6,1.69,61,0,0
TP-2,190,2.5,46.1,1.73,62,0,0
TP-2,191,3.19,49.3,1.98,63,0,0
TP-2,192,3.3,49.4,1.89,64,0,0
TP-2,193,3.52,50.8,1.39,65,0,0
TP-2,194,2.88,48.6,1.91,66,0,0
TP-2,195,3.7,48.8,2.13,67,0,1
TP-2,196,3.64,49.8,1.98,68,0,1
TP-2,197,3.75,51.4,2.15,69,0,1
TP-2,198,3.7,51.4,2.18,70,0,1
TP-2,199,4.72,51.4,2.2,71,0,1
TP-2,200,4.69,56.5,2.35,72,0,1
TP-2,201,4.3,52.7,2.2,73,0,1
TP-2,202,4.65,53.6,2.46,74,1,1
TP-2,203,2.48,46.2,1.37,0,0,0
TP-2,204,2.04,47.0,1.3,1,0,0
TP-2,205,2.04,45.1,1.09,2,0,0
TP-2,206,1.77,44.9,1.18,3,0,0
TP-2,207,2.32,46.9,0.98,4,0,0
TP-2,208,1.73,44.3,1.46,5,0,0
TP-2,209,2.32,47.0,1.86,6,0,0
TP-2,210,1.81,46.4,1.45,7,0,0
TP-2,211,2.4,46.7,0.88,8,0,0
TP-2,212,2.06,47.8,1.45,9,0,0
TP-2,213,1.41,46.5,1.38,10,0,0
TP-2,214,2.35,47.1,0.89,11,0,0
TP-2,215,2.38,47.2,1.02,12,0,0
TP-2,216,2.33,46.6,0.69,13,0,0
TP-2,217,2.24,47.0,1.61,14,0,0
TP-2,218,2.07,47.2,1.17,15,0,0
TP-2,219,2.15,45.7,1.0,16,0,0
TP-2,220,2.32,47.3,0.93,17,0,0
TP-2,221,2.28,45.6,1.37,18,0,0
TP-2,222,1.73,48.3,0.84,19,0,0
TP-2,223,2.03,47.1,1.18,20,0,0
TP-2,224,1.66,45.3,1.39,21,0,0
TP-2,225,2.09,49.1,1.26,22,0,0
TP-2,226,2.12,47.2,1.37,23,0,0
TP-2,227,2.2,46.6,1.07,24,0,0
TP-2,228,2.26,46.8,1.05,25,0,0
TP-2,229,2.2,46.4,1.46,26,0,0
TP-2,230,2.2,47.4,1.25,27,0,0
TP-2,231,2.29,47.3,0.59,28,0,0
TP-2,232,2.32,46.9,1.46,29,0,0
TP-2,233,2.21,45.4,1.29,30,0,0
TP-2,234,2.28,46.1,1.25,31,0,0
TP-2,235,2.03,49.2,1.74,32,0,0
TP-2,236,2.33,44.9,0.85,33,0,0
TP-2,237,2.53,45.9,1.38,34,0,0
TP-2,238,2.49,45.7,1.64,35,0,0
TP-2,239,2.07,45.9,1.14,36,0,0
TP-2,240,1.85,46.1,1.06,37,0,0
TP-2,241,2.41,46.2,1.19,38,0,0
TP-2,242,2.43,48.3,1.39,39,0,0
TP-2,243,1.59,46.5,1.27,40,0,0
TP-2,244,2.2,47.4,1.02,41,0,0
TP-2,245,2.21,47.3,1.05,42,0,0
TP-2,246,2.37,44.9,1.02,43,0,0
TP-2,247,2.55,46.9,1.14,44,0,0
TP-2,248,2.18,47.7,1.32,45,0,0
TP-2,249,2.22,45.5,1.0,46,0,0
TP-2,250,2.46,49.2,0.99,47,0,0
TP-2,251,2.35,48.4,1.36,48,0,0
TP-2,252,2.38,45.2,1.37,49,0,0
TP-2,253,2.59,45.8,0.65,50,0,0
TP-2,254,2.24,48.0,0.91,51,0,0
TP-2,255,2.26,47.3,1.25,52,0,0
TP-2,256,2.05,47.3,0.92,53,0,0
TP-2,257,2.39,48.7,1.24,54,0,0
TP-2,258,1.92,46.7,1.27,55,0,0
TP-2,259,1.86,47.8,0.85,56,0,0
TP-2,260,2.04,46.5,0.94,57,0,0
TP-2,261,2.01,47.2,1.22,58,0,0
TP-2,262,2.32,48.9,1.49,59,0,0
TP-2,263,2.91,46.4,1.06,60,0,0
TP-2,264,1.89,47.2,1.0,61,0,0
TP-2,265,2.06,45.3,1.24,62,0,0
TP-2,266,2.07,46.8,1.38,63,0,0
TP-2,267,2.3,47.8,1.29,64,0,0
TP-2,268,2.15,45.9,0.83,65,0,0
TP-2,269,2.16,44.7,1.72,66,0,0
TP-2,270,2.51,48.6,1.38,67,0,0
TP-2,271,2.43,48.0,1.09,68,0,0
TP-2,272,2.09,48.3,1.01,69,0,0
TP-2,273,2.37,47.6,1.02,70,0,0
TP-2,274,1.75,46.3,1.05,71,0,0
TP-2,275,2.39,44.3,1.08,72,0,0
TP-2,276,1.9,47.0,1.35,73,0,0
TP-2,277,1.74,48.6,0.93,74,0,0
TP-2,278,2.38,49.4,1.1,75,0,0
TP-2,279,2.24,46.3,1.04,76,0,0
TP-2,280,1.84,45.3,1.53,77,0,0
TP-2,281,2.18,47.2,1.26,78,0,0
TP-2,282,2.02,48.1,1.25,79,0,0
TP-2,283,2.39,47.2,1.03,80,0,0
TP-2,284,2.58,45.6,0.91,81,0,0
TP-2,285,2.47,48.4,1.3,82,0,0
TP-2,286,1.76,48.9,0.98,83,0,0
TP-2,287,2.59,46.7,1.11,84,0,0
TP-2,288,2.3,45.7,1.38,85,0,0
TP-2,289,2.38,47.1,0.96,86,0,0
TP-2,290,2.35,48.6,1.37,87,0,0
TP-2,291,2.42,49.0,1.21,88,0,0
TP-2,292,2.01,49.1,1.21,89,0,0
TP-2,293,2.3,47.1,1.34,90,0,0
TP-2,294,2.32,50.9,1.12,91,0,0
TP-2,295,2.45,46.3,0.84,92,0,0
TP-2,296,2.41,49.3,1.25,93,0,0
TP-2,297,2.22,46.4,1.21,94,0,0
TP-2,298,2.43,47.0,1.62,95,0,0
TP-2,299,3.06,47.2,2.07,96,0,0
TP-2,300,2.46,49.9,1.29,97,0,0
TP-2,301,3.34,49.9,1.29,98,0,0
TP-2,302,2.48,50.6,1.9,99,0,0
TP-2,303,2.51,49.8,2.0,100,0,0
TP-2,304,3.14,50.5,1.56,101,0,0
TP-2,305,3.36,49.9,1.74,102,0,0
TP-2,306,3.38,50.8,2.05,103,0,0
TP-2,307,4.12,47.9,2.11,104,0,0
TP-2,308,3.65,49.5,2.5,105,0,1
TP-2,309,3.71,52.2,1.64,106,0,1
TP-2,310,4.09,51.0,2.18,107,0,1
TP-2,311,4.24,52.8,2.11,108,0,1
TP-2,312,4.4,52.9,2.44,109,0,1
TP-2,313,4.45,56.3,2.59,110,0,1
TP-2,314,5.21,55.7,2.25,111,0,1
TP-2,315,5.03,53.5,2.22,112,1,1
TP-2,316,2.1,47.5,1.63,0,0,0
TP-2,317,2.13,46.4,1.37,1,0,0
TP-2,318,1.99,45.6,1.3,2,0,0
TP-2,319,1.45,46.0,1.32,3,0,0
TP-2,320,1.6,45.5,0.71,4,0,0
TP-2,321,1.93,45.4,1.65,5,0,0
TP-2,322,2.11,46.5,1.06,6,0,0
TP-2,323,2.47,45.5,1.27,7,0,0
TP-2,324,2.13,45.9,1.28,8,0,0
TP-2,325,1.77,45.7,1.24,9,0,0
TP-2,326,2.34,44.4,1.24,10,0,0
TP-2,327,1.81,43.5,1.56,11,0,0
TP-2,328,2.38,44.1,1.28,12,0,0
TP-2,329,2.13,46.4,1.17,13,0,0
TP-2,330,1.84,43.6,1.05,14,0,0
TP-2,331,1.95,45.2,0.95,15,0,0
TP-2,332,1.81,44.6,0.93,16,0,0
TP-2,333,1.6,46.4,1.17,17,0,0
TP-2,334,1.43,46.2,1.09,18,0,0
TP-2,335,2.15,45.8,1.56,19,0,0
TP-2,336,2.31,46.6,1.25,20,0,0
TP-2,337,2.27,45.8,1.51,21,0,0
TP-2,338,1.96,47.4,0.89,22,0,0
TP-2,339,2.0,46.9,1.39,23,0,0
TP-2,340,2.36,45.7,1.16,24,0,0
TP-2,341,2.11,46.1,0.9,25,0,0
TP-2,342,2.18,47.2,1.14,26,0,0
TP-2,343,1.95,46.6,1.35,27,0,0
TP-2,344,2.11,44.6,0.96,28,0,0
TP-2,345,1.67,45.5,1.31,29,0,0
TP-2,346,2.62,46.8,1.05,30,0,0
TP-2,347,2.16,46.7,0.79,31,0,0
TP-2,348,2.17,46.4,1.2,32,0,0
TP-2,349,1.83,45.6,1.38,33,0,0
TP-2,350,1.46,48.1,1.16,34,0,0
TP-2,351,2.26,46.6,1.06,35,0,0
TP-2,352,2.53,47.4,1.13,36,0,0
TP-2,353,2.49,46.3,0.84,37,0,0
TP-2,354,2.89,47.8,1.39,38,0,0
TP-2,355,2.57,47.2,1.41,39,0,0
TP-2,356,2.05,47.4,1.27,40,0,0
TP-2,357,1.94,50.0,1.12,41,0,0
TP-2,358,2.48,45.8,0.97,42,0,0
TP-2,359,2.21,46.4,1.52,43,0,0
TP-2,360,2.07,46.3,0.97,44,0,0
TP-2,361,1.97,45.7,1.19,45,0,0
TP-2,362,2.45,48.2,1.22,46,0,0
TP-2,363,2.15,46.4,0.65,47,0,0
TP-2,364,1.73,47.2,1.18,48,0,0
TP-2,365,2.4,47.4,1.47,49,0,0
TP-3,1,1.73,44.3,1.07,14,0,0
TP-3,2,2.16,45.2,1.53,15,0,0
TP-3,3,1.74,47.8,1.6,16,0,0
TP-3,4,1.61,46.7,1.57,17,0,0
TP-3,5,2.14,47.8,1.17,18,0,0
TP-3,6,1.91,45.0,1.42,19,0,0
TP-3,7,1.97,46.6,1.16,20,0,0
TP-3,8,2.01,45.1,1.03,21,0,0
TP-3,9,2.26,45.2,1.17,22,0,0
TP-3,10,1.89,47.5,1.23,23,0,0
TP-3,11,2.03,46.9,1.46,24,0,0
TP-3,12,2.01,45.4,1.01,25,0,0
TP-3,13,1.89,46.6,1.21,26,0,0
TP-3,14,2.38,48.6,1.16,27,0,0
TP-3,15,2.12,45.6,1.46,28,0,0
TP-3,16,2.01,45.1,1.1,29,0,0
TP-3,17,1.99,46.0,1.31,30,0,0
TP-3,18,2.28,45.8,0.8,31,0,0
TP-3,19,2.06,45.5,0.95,32,0,0
TP-3,20,2.37,46.4,1.5,33,0,0
TP-3,21,1.76,45.8,0.89,34,0,0
TP-3,22,2.56,47.0,0.92,35,0,0
TP-3,23,1.99,49.5,1.05,36,0,0
TP-3,24,2.09,45.0,1.28,37,0,0
TP-3,25,2.16,45.7,1.25,38,0,0
TP-3,26,2.17,46.7,1.19,39,0,0
TP-3,27,1.91,45.8,1.01,40,0,0
TP-3,28,2.33,47.8,1.2,41,0,0
TP-3,29,2.0,45.1,1.05,42,0,0
TP-3,30,2.01,47.6,1.07,43,0,0
TP-3,31,1.82,44.3,0.99,44,0,0
TP-3,32,2.21,47.2,1.13,45,0,0
TP-3,33,2.47,45.9,1.11,46,0,0
TP-3,34,2.28,47.3,1.17,47,0,0
TP-3,35,1.97,45.7,1.19,48,0,0
TP-3,36,1.76,47.1,1.12,49,0,0
TP-3,37,1.93,47.5,1.63,50,0,0
TP-3,38,2.7,48.9,1.82,51,0,0
TP-3,39,2.67,47.5,1.15,52,0,0
TP-3,40,2.3,47.4,1.67,53,0,0
TP-3,41,2.21,47.7,1.4,54,0,0
TP-3,42,2.02,44.5,1.43,55,0,0
TP-3,43,2.21,48.7,1.39,56,0,0
TP-3,44,2.52,47.5,1.03,57,0,0
TP-3,45,1.83,47.0,0.97,58,0,0
TP-3,46,2.34,47.5,0.88,59,0,0
TP-3,47,2.4,47.7,1.61,60,0,0
TP-3,48,2.11,47.9,1.26,61,0,0
TP-3,49,2.32,48.0,1.63,62,0,0
TP-3,50,2.13,45.6,1.41,63,0,0
TP-3,51,2.18,48.6,1.06,64,0,0
TP-3,52,2.52,47.4,1.3,65,0,0
TP-3,53,2.23,47.6,1.33,66,0,0
TP-3,54,2.55,48.9,1.33,67,0,0
TP-3,55,2.61,46.6,0.96,68,0,0
TP-3,56,1.94,48.1,1.31,69,0,0
TP-3,57,2.4,46.6,0.88,70,0,0
TP-3,58,2.03,47.3,1.34,71,0,0
TP-3,59,2.19,50.4,1.0,72,0,0
TP-3,60,1.63,46.9,1.55,73,0,0
TP-3,61,2.79,46.0,1.35,74,0,0
TP-3,62,1.99,47.6,0.64,75,0,0
TP-3,63,2.1,48.0,1.16,76,0,0
TP-3,64,1.97,48.1,1.49,77,0,0
TP-3,65,2.2,46.7,1.49,78,0,0
TP-3,66,2.32,47.1,1.24,79,0,0
TP-3,67,2.16,47.5,1.4,80,0,0
TP-3,68,2.2,48.8,1.29,81,0,0
TP-3,69,2.15,46.4,0.96,82,0,0
TP-3,70,1.98,48.4,1.1,83,0,0
TP-3,71,2.8,47.0,1.21,84,0,0
TP-3,72,2.27,44.7,1.52,85,0,0
TP-3,73,2.79,49.2,1.14,86,0,0
TP-3,74,2.54,48.3,1.8,87,0,0
TP-3,75,2.38,47.7,1.7,88,0,0
TP-3,76,2.44,50.6,1.72,89,0,0
TP-3,77,2.77,47.3,1.59,90,0,0
TP-3,78,3.14,49.4,1.82,91,0,0
TP-3,79,3.06,46.7,1.55,92,0,0
TP-3,80,3.33,49.5,1.94,93,0,0
TP-3,81,3.34,50.6,2.09,94,0,0
TP-3,82,3.59,50.5,1.99,95,0,0
TP-3,83,3.53,50.9,2.0,96,0,0
TP-3,84,3.48,52.0,1.49,97,0,1
TP-3,85,3.76,50.6,2.01,98,0,1
TP-3,86,4.2,51.0,2.31,99,0,1
TP-3,87,4.57,54.6,2.41,100,0,1
TP-3,88,3.86,53.1,1.95,101,0,1
TP-3,89,4.53,52.9,2.46,102,0,1
TP-3,90,4.67,52.8,2.53,103,0,1
TP-3,91,4.66,56.1,2.44,104,1,1
TP-3,92,2.26,46.0,1.29,0,0,0
TP-3,93,1.81,45.0,1.35,1,0,0
TP-3,94,2.17,44.1,1.17,2,0,0
TP-3,95,2.37,46.7,1.07,3,0,0
TP-3,96,1.83,46.6,0.88,4,0,0
TP-3,97,1.93,47.5,0.84,5,0,0
TP-3,98,2.22,45.7,1.36,6,0,0
TP-3,99,1.82,45.8,1.22,7,0,0
TP-3,100,2.06,47.3,1.14,8,0,0
TP-3,101,2.08,46.9,1.4,9,0,0
TP-3,102,2.41,45.7,1.2,10,0,0
TP-3,103,2.24,47.2,0.56,11,0,0
TP-3,104,2.28,44.9,0.94,12,0,0
TP-3,105,1.91,47.3,0.92,13,0,0
TP-3,106,2.31,45.1,0.87,14,0,0
TP-3,107,2.25,46.4,1.01,15,0,0
TP-3,108,2.06,45.9,1.05,16,0,0
TP-3,109,2.06,48.0,0.92,17,0,0
TP-3,110,2.44,46.3,1.13,18,0,0
TP-3,111,2.53,46.8,1.36,19,0,0
TP-3,112,1.99,46.1,1.04,20,0,0
TP-3,113,2.03,44.3,1.49,21,0,0
TP-3,114,1.91,45.9,1.38,22,0,0
TP-3,115,2.36,45.7,1.45,23,0,0
TP-3,116,1.71,46.6,0.98,24,0,0
TP-3,117,1.94,45.8,1.16,25,0,0
TP-3,118,1.89,44.9,1.24,26,0,0
TP-3,119,2.32,45.9,1.13,27,0,0
TP-3,120,1.89,48.2,0.97,28,0,0
TP-3,121,2.23,47.1,1.0,29,0,0
TP-3,122,2.08,47.8,0.95,30,0,0
TP-3,123,2.04,46.3,1.71,31,0,0
TP-3,124,1.9,44.7,1.39,32,0,0
TP-3,125,2.37,47.0,1.65,33,0,0
TP-3,126,2.09,47.3,1.35,34,0,0
TP-3,127,2.49,46.2,1.5,35,0,0
TP-3,128,2.41,46.6,1.57,36,0,0
TP-3,129,2.18,46.8,1.32,37,0,0
TP-3,130,2.46,46.3,1.08,38,0,0
TP-3,131,2.35,47.4,1.62,39,0,0
TP-3,132,2.29,45.1,1.13,40,0,0
TP-3,133,1.99,48.0,1.04,41,0,0
TP-3,134,2.45,49.7,1.35,42,0,0
TP-3,135,2.46,49.1,1.94,43,0,0
TP-3,136,2.75,47.4,1.64,44,0,0
TP-3,137,2.76,47.5,1.6,45,0,0
TP-3,138,3.28,46.7,1.41,46,0,0
TP-3,139,3.37,46.0,1.31,47,0,0
TP-3,140,3.16,49.7,2.2,48,0,0
TP-3,141,3.36,51.9,2.19,49,0,0
TP-3,142,3.49,50.3,2.07,50,0,1
TP-3,143,3.83,50.1,2.33,51,0,1
TP-3,144,3.67,52.1,2.14,52,0,1
TP-3,145,3.91,51.5,2.04,53,0,1
TP-3,146,4.48,53.3,2.59,54,0,1
TP-3,147,4.69,51.2,2.15,55,0,1
TP-3,148,4.4,52.0,2.53,56,0,1
TP-3,149,4.33,54.1,2.37,57,1,1
TP-3,150,1.46,46.0,1.42,0,0,0
TP-3,151,1.9,44.9,0.73,1,0,0
TP-3,152,1.79,46.1,1.19,2,0,0
TP-3,153,1.89,45.7,1.38,3,0,0
TP-3,154,2.41,47.0,0.96,4,0,0
TP-3,155,2.1,44.9,1.4,5,0,0
TP-3,156,2.09,46.4,1.03,6,0,0
TP-3,157,2.09,46.0,1.16,7,0,0
TP-3,158,1.97,47.8,1.0,8,0,0
TP-3,159,2.17,47.8,1.19,9,0,0
TP-3,160,2.02,45.6,1.62,10,0,0
TP-3,161,2.28,43.9,1.07,11,0,0
TP-3,162,2.08,45.6,1.25,12,0,0
TP-3,163,1.97,46.8,1.49,13,0,0
TP-3,164,2.68,45.7,1.08,14,0,0
TP-3,165,2.08,45.9,1.42,15,0,0
TP-3,166,2.0,46.4,0.92,16,0,0
TP-3,167,2.24,45.8,1.32,17,0,0
TP-3,168,2.03,45.0,1.34,18,0,0
TP-3,169,2.37,46.4,0.79,19,0,0
TP-3,170,2.0,48.5,1.1,20,0,0
TP-3,171,1.81,44.6,1.29,21,0,0
TP-3,172,1.95,46.2,1.49,22,0,0
TP-3,173,2.18,45.7,1.1,23,0,0
TP-3,174,2.32,47.7,0.92,24,0,0
TP-3,175,2.18,48.2,1.03,25,0,0
TP-3,176,1.81,45.6,0.6,26,0,0
TP-3,177,2.44,47.1,1.43,27,0,0
TP-3,178,2.34,46.3,0.82,28,0,0
TP-3,179,2.31,46.9,1.22,29,0,0
TP-3,180,1.92,46.2,1.23,30,0,0
TP-3,181,1.92,45.6,0.87,31,0,0
TP-3,182,2.32,45.8,1.4,32,0,0
TP-3,183,2.23,46.7,1.45,33,0,0
TP-3,184,1.98,46.9,1.29,34,0,0
TP-3,185,2.16,46.3,1.54,35,0,0
TP-3,186,2.18,48.3,1.1,36,0,0
TP-3,187,1.68,47.6,1.32,37,0,0
TP-3,188,1.88,43.3,1.06,38,0,0
TP-3,189,2.33,47.0,1.8,39,0,0
TP-3,190,2.1,46.2,1.65,40,0,0
TP-3,191,2.2,48.4,1.25,41,0,0
TP-3,192,2.34,47.5,0.97,42,0,0
TP-3,193,2.08,46.9,1.39,43,0,0
TP-3,194,1.98,48.7,1.36,44,0,0
TP-3,195,2.15,47.9,1.26,45,0,0
TP-3,196,2.51,47.1,0.95,46,0,0
TP-3,197,2.03,47.2,1.77,47,0,0
TP-3,198,1.81,45.9,1.48,48,0,0
TP-3,199,2.31,46.4,1.2,49,0,0
TP-3,200,2.25,49.1,0.88,50,0,0
TP-3,201,1.8,47.3,0.63,51,0,0
TP-3,202,2.12,47.5,0.92,52,0,0
TP-3,203,2.21,45.8,1.51,53,0,0
TP-3,204,2.21,47.4,0.9,54,0,0
TP-3,205,2.24,45.9,1.38,55,0,0
TP-3,206,2.31,49.7,1.53,56,0,0
TP-3,207,2.4,45.9,1.14,57,0,0
TP-3,208,2.16,44.6,1.47,58,0,0
TP-3,209,2.58,47.0,1.42,59,0,0
TP-3,210,1.84,45.7,1.23,60,0,0
TP-3,211,2.48,48.5,1.0,61,0,0
TP-3,212,2.13,48.8,1.58,62,0,0
TP-3,213,2.18,46.4,1.13,63,0,0
TP-3,214,2.01,47.2,1.41,64,0,0
TP-3,215,2.21,47.7,0.8,65,0,0
TP-3,216,2.32,46.9,1.04,66,0,0
TP-3,217,2.45,48.3,1.0,67,0,0
TP-3,218,2.34,46.5,1.34,68,0,0
TP-3,219,2.06,47.2,0.92,69,0,0
TP-3,220,2.23,48.9,1.13,70,0,0
TP-3,221,2.25,49.0,1.21,71,0,0
TP-3,222,1.7,48.2,1.61,72,0,0
TP-3,223,1.91,47.6,0.93,73,0,0
TP-3,224,2.49,48.5,1.06,74,0,0
TP-3,225,2.42,45.0,1.24,75,0,0
TP-3,226,2.0,47.3,1.05,76,0,0
TP-3,227,2.59,48.6,0.91,77,0,0
TP-3,228,2.15,47.4,1.23,78,0,0
TP-3,229,2.03,44.8,1.21,79,0,0
TP-3,230,2.42,47.4,1.78,80,0,0
TP-3,231,2.0,47.3,1.14,81,0,0
TP-3,232,2.13,46.0,0.94,82,0,0
TP-3,233,2.49,48.8,1.53,83,0,0
TP-3,234,2.62,47.6,0.86,84,0,0
TP-3,235,2.52,48.0,1.35,85,0,0
TP-3,236,2.64,49.6,0.94,86,0,0
TP-3,237,2.15,47.4,1.71,87,0,0
TP-3,238,2.34,47.0,1.79,88,0,0
TP-3,239,2.36,49.3,1.5,89,0,0
TP-3,240,2.6,48.6,1.18,90,0,0
TP-3,241,2.83,48.5,1.48,91,0,0
TP-3,242,2.75,49.9,1.97,92,0,0
TP-3,243,2.53,48.4,2.38,93,0,0
TP-3,244,3.03,49.6,1.95,94,0,0
TP-3,245,3.31,49.6,2.05,95,0,0
TP-3,246,3.09,53.1,1.78,96,0,0
TP-3,247,3.23,48.2,2.04,97,0,0
TP-3,248,3.58,52.0,2.63,98,0,0
TP-3,249,3.97,52.7,1.67,99,0,1
TP-3,250,3.96,50.9,2.42,100,0,1
TP-3,251,3.96,53.6,1.72,101,0,1
TP-3,252,4.39,52.6,2.7,102,0,1
TP-3,253,3.97,53.9,2.21,103,0,1
TP-3,254,4.16,56.8,2.49,104,0,1
TP-3,255,4.88,54.5,2.33,105,0,1
TP-3,256,4.85,55.5,2.1,106,1,1
TP-3,257,1.75,47.8,1.12,0,0,0
TP-3,258,1.94,47.5,1.62,1,0,0
TP-3,259,1.85,44.8,1.35,2,0,0
TP-3,260,2.05,44.1,0.86,3,0,0
TP-3,261,2.05,45.8,1.59,4,0,0
TP-3,262,2.39,46.3,0.72,5,0,0
TP-3,263,1.99,45.9,1.59,6,0,0
TP-3,264,1.69,48.2,1.11,7,0,0
TP-3,265,1.76,44.1,1.59,8,0,0
TP-3,266,2.07,46.9,1.51,9,0,0
TP-3,267,2.01,50.2,0.96,10,0,0
TP-3,268,2.06,46.4,1.57,11,0,0
TP-3,269,2.13,45.6,1.42,12,0,0
TP-3,270,1.82,45.3,1.4,13,0,0
TP-3,271,1.98,46.8,1.56,14,0,0
TP-3,272,1.92,46.7,1.34,15,0,0
TP-3,273,1.76,46.1,0.89,16,0,0
TP-3,274,2.29,47.1,0.94,17,0,0
TP-3,275,1.8,46.0,1.66,18,0,0
TP-3,276,2.25,47.2,1.02,19,0,0
TP-3,277,2.23,47.1,1.36,20,0,0
TP-3,278,1.84,47.0,1.49,21,0,0
TP-3,279,2.48,46.2,1.63,22,0,0
TP-3,280,2.29,46.5,1.47,23,0,0
TP-3,281,1.6,46.1,1.31,24,0,0
TP-3,282,2.28,44.8,1.21,25,0,0
TP-3,283,2.2,47.0,1.44,26,0,0
TP-3,284,2.16,47.3,1.12,27,0,0
TP-3,285,1.92,46.8,1.21,28,0,0
TP-3,286,2.05,47.6,1.39,29,0,0
TP-3,287,2.53,47.0,1.39,30,0,0
TP-3,288,1.77,47.4,1.23,31,0,0
TP-3,289,2.17,45.6,1.01,32,0,0
TP-3,290,1.96,46.9,1.34,33,0,0
TP-3,291,2.3,46.4,0.8,34,0,0
TP-3,292,2.04,47.3,1.61,35,0,0
TP-3,293,2.29,48.3,0.93,36,0,0
TP-3,294,1.92,44.7,1.23,37,0,0
TP-3,295,1.63,47.4,1.47,38,0,0
TP-3,296,1.85,47.7,1.5,39,0,0
TP-3,297,2.09,44.1,1.37,40,0,0
TP-3,298,2.16,46.0,0.98,41,0,0
TP-3,299,2.61,45.5,1.29,42,0,0
TP-3,300,2.15,46.6,1.58,43,0,0
TP-3,301,2.25,45.9,1.31,44,0,0
TP-3,302,2.16,48.1,1.42,45,0,0
TP-3,303,2.25,46.2,1.61,46,0,0
TP-3,304,1.76,45.7,1.07,47,0,0
TP-3,305,2.82,44.8,1.32,48,0,0
TP-3,306,2.46,47.5,1.52,49,0,0
TP-3,307,2.42,47.6,1.08,50,0,0
TP-3,308,2.14,46.9,1.03,51,0,0
TP-3,309,1.98,47.9,1.22,52,0,0
TP-3,310,2.09,48.7,1.63,53,0,0
TP-3,311,2.28,47.9,1.21,54,0,0
TP-3,312,2.28,47.4,0.94,55,0,0
TP-3,313,2.5,47.0,1.16,56,0,0
TP-3,314,2.22,46.7,1.09,57,0,0
TP-3,315,2.34,47.8,0.99,58,0,0
TP-3,316,2.28,48.1,0.97,59,0,0
TP-3,317,2.14,47.1,1.26,60,0,0
TP-3,318,2.11,47.6,0.96,61,0,0
TP-3,319,2.25,45.7,1.05,62,0,0
TP-3,320,1.99,48.1,0.98,63,0,0
TP-3,321,2.3,48.2,1.25,64,0,0
TP-3,322,2.0,47.2,0.87,65,0,0
TP-3,323,2.1,47.2,0.88,66,0,0
TP-3,324,2.12,48.0,1.73,67,0,0
TP-3,325,2.39,47.8,1.09,68,0,0
TP-3,326,2.01,45.8,1.33,69,0,0
TP-3,327,2.98,47.8,1.61,70,0,0
TP-3,328,2.33,48.8,1.79,71,0,0
TP-3,329,2.5,47.2,1.0,72,0,0
TP-3,330,2.34,46.7,1.25,73,0,0
TP-3,331,2.21,48.2,1.28,74,0,0
TP-3,332,2.37,46.4,1.5,75,0,0
TP-3,333,2.48,46.6,1.17,76,0,0
TP-3,334,2.15,47.3,0.73,77,0,0
TP-3,335,2.3,48.1,1.27,78,0,0
TP-3,336,2.58,47.3,1.35,79,0,0
TP-3,337,2.16,49.1,1.12,80,0,0
TP-3,338,2.3,47.9,1.03,81,0,0
TP-3,339,2.47,48.2,0.74,82,0,0
TP-3,340,2.6,48.3,1.57,83,0,0
TP-3,341,2.76,48.6,1.42,84,0,0
TP-3,342,2.4,46.5,1.23,85,0,0
TP-3,343,2.74,46.4,1.03,86,0,0
TP-3,344,2.33,47.8,1.78,87,0,0
TP-3,345,3.13,50.2,2.04,88,0,0
TP-3,346,2.86,49.9,1.23,89,0,0
TP-3,347,3.16,48.2,1.91,90,0,0
TP-3,348,2.98,50.6,1.86,91,0,0
TP-3,349,3.14,50.0,2.13,92,0,0
TP-3,350,3.72,50.7,1.98,93,0,0
TP-3,351,3.11,51.6,2.58,94,0,0
TP-3,352,3.95,51.0,1.98,95,0,1
TP-3,353,3.92,51.2,1.91,96,0,1
TP-3,354,4.1,51.3,2.4,97,0,1
TP-3,355,3.94,52.1,1.91,98,0,1
TP-3,356,3.96,53.7,2.36,99,0,1
TP-3,357,4.3,52.0,2.44,100,0,1
TP-3,358,4.49,53.4,2.29,101,0,1
TP-3,359,4.49,54.7,2.6,102,1,1
TP-3,360,2.35,46.8,0.84,0,0,0
TP-3,361,1.73,44.6,1.3,1,0,0
TP-3,362,2.15,46.1,0.82,2,0,0
TP-3,363,1.88,46.5,0.99,3,0,0
TP-3,364,1.91,45.7,1.26,4,0,0
TP-3,365,1.99,45.3,0.97,5,0,0
TP-4,1,2.3,46.3,0.91,0,0,0
TP-4,2,1.52,45.6,1.11,1,0,0
TP-4,3,1.75,47.8,1.35,2,0,0
TP-4,4,1.71,48.0,0.95,3,0,0
TP-4,5,2.34,44.5,1.39,4,0,0
TP-4,6,1.89,46.2,1.6,5,0,0
TP-4,7,2.09,46.2,1.14,6,0,0
TP-4,8,2.36,45.3,1.54,7,0,0
TP-4,9,2.29,46.2,1.39,8,0,0
TP-4,10,1.9,44.7,1.38,9,0,0
TP-4,11,1.99,46.1,0.98,10,0,0
TP-4,12,2.07,48.5,0.87,11,0,0
TP-4,13,2.28,46.2,0.87,12,0,0
TP-4,14,2.02,44.1,0.73,13,0,0
TP-4,15,2.31,46.7,1.27,14,0,0
TP-4,16,1.53,46.8,1.39,15,0,0
TP-4,17,1.9,48.1,0.86,16,0,0
TP-4,18,2.11,46.1,1.06,17,0,0
TP-4,19,2.29,48.0,1.38,18,0,0
TP-4,20,2.12,45.6,1.11,19,0,0
TP-4,21,2.2,47.0,1.32,20,0,0
TP-4,22,2.06,47.1,0.95,21,0,0
TP-4,23,2.5,47.0,1.09,22,0,0
TP-4,24,2.24,48.1,0.78,23,0,0
TP-4,25,2.1,46.1,1.02,24,0,0
TP-4,26,2.22,45.9,0.92,25,0,0
TP-4,27,1.62,47.7,0.78,26,0,0
TP-4,28,2.15,45.2,0.96,27,0,0
TP-4,29,1.92,46.0,0.78,28,0,0
TP-4,30,2.48,46.2,0.98,29,0,0
TP-4,31,2.17,44.8,1.04,30,0,0
TP-4,32,1.9,45.1,0.89,31,0,0
TP-4,33,1.91,45.9,0.97,32,0,0
TP-4,34,1.74,44.5,1.29,33,0,0
TP-4,35,2.12,47.7,1.05,34,0,0
TP-4,36,1.87,46.0,1.27,35,0,0
TP-4,37,1.92,46.3,1.09,36,0,0
TP-4,38,2.47,46.9,1.54,37,0,0
TP-4,39,2.41,47.0,1.27,38,0,0
TP-4,40,1.98,49.4,1.15,39,0,0
TP-4,41,1.84,46.8,1.13,40,0,0
TP-4,42,2.7,45.7,1.29,41,0,0
TP-4,43,1.89,46.0,0.85,42,0,0
TP-4,44,2.09,46.3,1.07,43,0,0
TP-4,45,2.16,44.4,1.0,44,0,0
TP-4,46,2.5,45.9,1.07,45,0,0
TP-4,47,2.64,46.6,1.27,46,0,0
TP-4,48,2.53,46.1,0.97,47,0,0
TP-4,49,1.93,48.9,0.86,48,0,0
TP-4,50,2.26,48.3,1.53,49,0,0
TP-4,51,2.42,46.8,0.95,50,0,0
TP-4,52,2.55,45.7,1.53,51,0,0
TP-4,53,1.93,47.5,1.08,52,0,0
TP-4,54,2.11,46.3,0.87,53,0,0
TP-4,55,2.44,45.1,1.14,54,0,0
TP-4,56,2.38,45.5,1.31,55,0,0
TP-4,57,2.73,47.0,1.31,56,0,0
TP-4,58,2.04,47.5,0.7,57,0,0
TP-4,59,2.03,47.6,0.96,58,0,0
TP-4,60,2.25,45.8,1.13,59,0,0
TP-4,61,2.36,48.7,1.31,60,0,0
TP-4,62,2.13,47.3,1.1,61,0,0
TP-4,63,2.02,47.7,1.6,62,0,0
TP-4,64,2.24,46.9,1.24,63,0,0
TP-4,65,2.31,46.7,1.4,64,0,0
TP-4,66,2.49,47.3,1.03,65,0,0
TP-4,67,2.62,48.7,1.14,66,0,0
TP-4,68,2.44,47.6,0.7,67,0,0
TP-4,69,2.11,49.1,1.44,68,0,0
TP-4,70,2.6,47.3,1.34,69,0,0
TP-4,71,2.46,48.8,1.2,70,0,0
TP-4,72,2.66,47.4,1.05,71,0,0
TP-4,73,2.3,49.7,1.54,72,0,0
TP-4,74,2.46,45.8,1.29,73,0,0
TP-4,75,2.37,48.6,1.36,74,0,0
TP-4,76,2.38,49.9,1.26,75,0,0
TP-4,77,2.49,48.7,1.56,76,0,0
TP-4,78,3.06,48.0,1.33,77,0,0
TP-4,79,2.65,49.1,1.43,78,0,0
TP-4,80,3.01,49.9,1.66,79,0,0
TP-4,81,2.96,47.9,1.58,80,0,0
TP-4,82,3.33,49.9,2.16,81,0,0
TP-4,83,3.32,51.2,2.19,82,0,0
TP-4,84,3.09,48.8,1.88,83,0,0
TP-4,85,4.18,52.3,2.17,84,0,0
TP-4,86,4.05,50.5,1.99,85,0,1
TP-4,87,3.35,52.1,2.58,86,0,1
TP-4,88,4.24,51.2,2.15,87,0,1
TP-4,89,4.52,53.1,2.01,88,0,1
TP-4,90,4.09,54.7,2.42,89,0,1
TP-4,91,4.72,52.8,2.44,90,0,1
TP-4,92,4.93,54.8,2.46,91,0,1
TP-4,93,4.77,55.0,2.48,92,1,1
TP-4,94,1.95,46.8,1.5,0,0,0
TP-4,95,2.31,46.6,1.18,1,0,0
TP-4,96,1.89,46.0,1.24,2,0,0
TP-4,97,2.25,46.6,1.54,3,0,0
TP-4,98,1.94,46.9,1.05,4,0,0
TP-4,99,2.06,45.1,1.4,5,0,0
TP-4,100,2.39,47.3,1.12,6,0,0
TP-4,101,1.98,46.5,1.4,7,0,0
TP-4,102,1.93,46.1,1.24,8,0,0
TP-4,103,1.68,47.7,0.95,9,0,0
TP-4,104,1.9,44.8,1.32,10,0,0
TP-4,105,2.57,45.2,1.51,11,0,0
TP-4,106,1.98,47.1,1.42,12,0,0
TP-4,107,1.49,46.0,1.26,13,0,0
TP-4,108,1.88,46.3,1.37,14,0,0
TP-4,109,2.12,45.3,1.26,15,0,0
TP-4,110,1.91,46.3,0.67,16,0,0
TP-4,111,1.79,47.2,1.29,17,0,0
TP-4,112,1.49,44.0,1.69,18,0,0
TP-4,113,2.46,47.6,1.29,19,0,0
TP-4,114,1.87,46.9,1.37,20,0,0
TP-4,115,2.06,44.3,1.14,21,0,0
TP-4,116,2.02,45.3,1.42,22,0,0
TP-4,117,2.02,44.5,1.34,23,0,0
TP-4,118,2.17,47.4,1.04,24,0,0
TP-4,119,1.98,47.7,1.25,25,0,0
TP-4,120,1.76,46.0,1.2,26,0,0
TP-4,121,2.11,45.3,0.83,27,0,0
TP-4,122,2.43,46.8,1.17,28,0,0
TP-4,123,1.56,46.6,1.43,29,0,0
TP-4,124,1.76,46.1,1.0,30,0,0
TP-4,125,1.76,43.9,1.27,31,0,0
TP-4,126,2.18,45.5,0.92,32,0,0
TP-4,127,2.23,43.6,1.1,33,0,0
TP-4,128,2.1,47.5,0.92,34,0,0
TP-4,129,1.95,48.1,1.01,35,0,0
TP-4,130,2.58,44.0,1.14,36,0,0
TP-4,131,2.87,45.6,1.46,37,0,0
TP-4,132,2.24,46.5,1.17,38,0,0
TP-4,133,2.17,45.9,1.1,39,0,0
TP-4,134,2.51,48.9,0.81,40,0,0
TP-4,135,2.39,45.9,1.26,41,0,0
TP-4,136,1.97,46.9,1.66,42,0,0
TP-4,137,2.52,47.3,1.49,43,0,0
TP-4,138,2.69,47.3,1.13,44,0,0
TP-4,139,2.07,47.2,1.25,45,0,0
TP-4,140,2.23,46.9,1.26,46,0,0
TP-4,141,2.28,46.3,0.99,47,0,0
TP-4,142,2.43,48.2,1.31,48,0,0
TP-4,143,2.41,47.5,1.41,49,0,0
TP-4,144,2.38,48.3,1.11,50,0,0
TP-4,145,2.2,47.9,1.14,51,0,0
TP-4,146,2.71,47.9,0.89,52,0,0
TP-4,147,2.24,45.9,1.49,53,0,0
TP-4,148,2.6,48.5,1.33,54,0,0
TP-4,149,2.54,46.0,1.36,55,0,0
TP-4,150,2.52,48.3,1.12,56,0,0
TP-4,151,2.11,48.9,1.2,57,0,0
TP-4,152,2.17,44.3,1.23,58,0,0
TP-4,153,2.33,49.0,1.13,59,0,0
TP-4,154,2.86,46.5,0.95,60,0,0
TP-4,155,2.52,49.2,0.93,61,0,0
TP-4,156,2.45,47.9,1.1,62,0,0
TP-4,157,1.87,47.4,1.28,63,0,0
TP-4,158,2.17,48.4,1.48,64,0,0
TP-4,159,2.2,48.3,1.48,65,0,0
TP-4,160,1.89,45.4,1.34,66,0,0
TP-4,161,2.06,45.1,1.08,67,0,0
TP-4,162,2.13,47.9,1.13,68,0,0
TP-4,163,2.58,45.6,1.21,69,0,0
TP-4,164,2.63,49.1,1.7,70,0,0
TP-4,165,2.19,48.6,1.65,71,0,0
TP-4,166,2.64,47.1,1.66,72,0,0
TP-4,167,2.7,49.8,1.86,73,0,0
TP-4,168,2.94,47.0,1.59,74,0,0
TP-4,169,3.26,47.4,1.52,75,0,0
TP-4,170,2.89,49.2,1.58,76,0,0
TP-4,171,3.04,49.8,1.89,77,0,0
TP-4,172,2.96,50.1,2.1,78,0,0
TP-4,173,3.44,48.5,1.76,79,0,0
TP-4,174,3.35,50.9,1.6,80,0,0
TP-4,175,3.4,52.1,2.06,81,0,1
TP-4,176,3.51,51.7,1.58,82,0,1
TP-4,177,3.76,52.5,2.13,83,0,1
TP-4,178,3.61,52.0,1.85,84,0,1
TP-4,179,4.5,51.7,2.26,85,0,1
TP-4,180,4.19,53.4,2.34,86,0,1
TP-4,181,4.59,55.0,2.34,87,0,1
TP-4,182,4.77,54.1,2.84,88,1,1
TP-4,183,2.06,46.5,0.78,0,0,0
TP-4,184,2.4,44.0,1.16,1,0,0
TP-4,185,2.02,46.3,1.3,2,0,0
TP-4,186,2.11,47.4,1.09,3,0,0
TP-4,187,2.46,46.4,1.33,4,0,0
TP-4,188,2.03,44.9,1.07,5,0,0
TP-4,189,2.04,47.8,1.21,6,0,0
TP-4,190,2.08,46.0,1.31,7,0,0
TP-4,191,2.23,44.1,0.98,8,0,0
TP-4,192,2.34,45.1,1.34,9,0,0
TP-4,193,1.97,46.8,1.32,10,0,0
TP-4,194,1.91,48.6,1.45,11,0,0
TP-4,195,2.29,47.2,1.58,12,0,0
TP-4,196,2.0,45.0,1.5,13,0,0
TP-4,197,1.56,45.1,1.39,14,0,0
TP-4,198,2.41,46.3,1.36,15,0,0
TP-4,199,1.54,44.5,1.45,16,0,0
TP-4,200,2.44,44.5,1.1,17,0,0
TP-4,201,2.4,46.9,0.85,18,0,0
TP-4,202,2.14,48.1,0.97,19,0,0
TP-4,203,1.77,46.5,1.13,20,0,0
TP-4,204,2.23,45.1,1.08,21,0,0
TP-4,205,2.25,48.2,0.89,22,0,0
TP-4,206,2.46,47.6,1.14,23,0,0
TP-4,207,2.45,47.3,1.22,24,0,0
TP-4,208,2.32,46.5,1.02,25,0,0
TP-4,209,1.94,46.1,1.67,26,0,0
TP-4,210,2.39,45.3,0.9,27,0,0
TP-4,211,1.87,44.1,1.15,28,0,0
TP-4,212,1.97,47.6,1.38,29,0,0
TP-4,213,2.37,44.7,1.33,30,0,0
TP-4,214,1.9,45.9,1.15,31,0,0
TP-4,215,2.14,46.1,1.01,32,0,0
TP-4,216,2.19,46.4,1.21,33,0,0
TP-4,217,2.03,45.9,1.23,34,0,0
TP-4,218,2.35,46.4,1.14,35,0,0
TP-4,219,2.15,48.0,1.19,36,0,0
TP-4,220,2.23,46.5,1.45,37,0,0
TP-4,221,1.97,45.2,0.93,38,0,0
TP-4,222,1.88,44.8,1.22,39,0,0
TP-4,223,2.32,46.4,1.04,40,0,0
TP-4,224,2.08,46.1,1.17,41,0,0
TP-4,225,1.91,45.4,1.35,42,0,0
TP-4,226,2.23,48.0,1.22,43,0,0
TP-4,227,2.18,47.3,1.05,44,0,0
TP-4,228,2.36,46.2,0.74,45,0,0
TP-4,229,2.32,47.6,1.34,46,0,0
TP-4,230,2.51,47.2,1.56,47,0,0
TP-4,231,2.42,46.7,1.21,48,0,0
TP-4,232,2.43,49.1,1.4,49,0,0
TP-4,233,2.89,47.2,1.7,50,0,0
TP-4,234,2.38,47.5,1.81,51,0,0
TP-4,235,2.82,48.1,2.0,52,0,0
TP-4,236,2.95,48.6,1.7,53,0,0
TP-4,237,2.96,48.4,2.1,54,0,0
TP-4,238,3.21,49.7,1.99,55,0,0
TP-4,239,3.41,50.3,1.87,56,0,0
TP-4,240,3.23,49.7,2.45,57,0,1
TP-4,241,3.63,53.0,2.17,58,0,1
TP-4,242,3.74,50.6,1.95,59,0,1
TP-4,243,4.07,51.0,1.96,60,0,1
TP-4,244,3.96,52.1,2.51,61,0,1
TP-4,245,4.38,53.7,2.22,62,0,1
TP-4,246,4.36,52.9,2.47,63,0,1
TP-4,247,4.53,55.6,2.15,64,1,1
TP-4,248,1.85,46.3,0.9,0,0,0
TP-4,249,2.39,43.8,1.11,1,0,0
TP-4,250,2.11,47.2,1.37,2,0,0
TP-4,251,2.17,43.4,1.29,3,0,0
TP-4,252,1.81,47.6,1.4,4,0,0
TP-4,253,1.56,49.7,1.03,5,0,0
TP-4,254,1.85,44.7,1.37,6,0,0
TP-4,255,1.63,48.1,1.22,7,0,0
TP-4,256,1.67,44.1,1.19,8,0,0
TP-4,257,2.41,45.5,1.22,9,0,0
TP-4,258,2.17,46.7,0.86,10,0,0
TP-4,259,1.7,44.9,1.08,11,0,0
TP-4,260,2.11,45.4,1.06,12,0,0
TP-4,261,1.53,47.4,1.34,13,0,0
TP-4,262,2.45,45.5,1.13,14,0,0
TP-4,263,1.51,47.3,1.15,15,0,0
TP-4,264,1.96,48.2,0.93,16,0,0
TP-4,265,2.19,46.7,1.03,17,0,0
TP-4,266,2.44,44.5,1.37,18,0,0
TP-4,267,2.22,46.1,1.33,19,0,0
TP-4,268,2.22,46.0,1.5,20,0,0
TP-4,269,1.68,44.7,1.47,21,0,0
TP-4,270,1.92,45.8,0.86,22,0,0
TP-4,271,2.07,45.6,0.72,23,0,0
TP-4,272,2.06,46.4,0.96,24,0,0
TP-4,273,2.06,45.6,0.74,25,0,0
TP-4,274,2.4,47.0,1.3,26,0,0
TP-4,275,2.14,47.5,1.2,27,0,0
TP-4,276,2.25,45.3,1.52,28,0,0
TP-4,277,2.26,45.6,1.06,29,0,0
TP-4,278,1.92,47.2,1.69,30,0,0
TP-4,279,2.54,46.4,1.13,31,0,0
TP-4,280,2.22,46.6,0.69,32,0,0
TP-4,281,1.93,47.6,1.11,33,0,0
TP-4,282,1.67,47.8,1.14,34,0,0
TP-4,283,1.77,46.2,1.51,35,0,0
TP-4,284,2.04,48.1,1.17,36,0,0
TP-4,285,2.01,45.5,0.96,37,0,0
TP-4,286,2.2,46.0,1.52,38,0,0
TP-4,287,2.0,46.7,1.77,39,0,0
TP-4,288,1.49,48.5,1.21,40,0,0
TP-4,289,2.09,48.1,1.43,41,0,0
TP-4,290,1.87,45.7,1.1,42,0,0
TP-4,291,1.98,47.8,1.25,43,0,0
TP-4,292,1.84,47.4,1.12,44,0,0
TP-4,293,1.72,46.5,1.16,45,0,0
TP-4,294,2.1,47.1,0.92,46,0,0
TP-4,295,2.13,45.7,1.49,47,0,0
TP-4,296,2.19,48.2,1.04,48,0,0
TP-4,297,2.31,47.5,0.94,49,0,0
TP-4,298,2.37,46.6,1.31,50,0,0
TP-4,299,2.47,47.1,1.16,51,0,0
TP-4,300,1.89,47.0,1.59,52,0,0
TP-4,301,2.79,47.1,1.91,53,0,0
TP-4,302,1.98,48.8,1.53,54,0,0
TP-4,303,2.36,48.4,1.86,55,0,0
TP-4,304,3.25,49.9,2.0,56,0,0
TP-4,305,2.5,46.6,1.81,57,0,0
TP-4,306,2.63,49.9,1.75,58,0,0
TP-4,307,3.13,48.9,1.64,59,0,0
TP-4,308,3.21,49.0,1.91,60,0,0
TP-4,309,3.58,48.4,1.88,61,0,0
TP-4,310,3.7,50.8,1.78,62,0,1
TP-4,311,3.79,50.5,1.98,63,0,1
TP-4,312,3.69,52.2,2.03,64,0,1
TP-4,313,3.69,52.6,2.2,65,0,1
TP-4,314,4.14,51.4,2.22,66,0,1
TP-4,315,4.87,53.9,2.38,67,0,1
TP-4,316,4.58,52.7,2.42,68,0,1
TP-4,317,4.47,55.3,2.64,69,1,1
TP-4,318,1.89,45.8,0.98,0,0,0
TP-4,319,2.37,45.7,1.02,1,0,0
TP-4,320,2.02,45.7,1.23,2,0,0
TP-4,321,1.98,47.2,0.8,3,0,0
TP-4,322,1.82,46.8,1.62,4,0,0
TP-4,323,2.04,46.4,1.26,5,0,0
TP-4,324,1.92,45.2,1.3,6,0,0
TP-4,325,2.19,45.8,1.01,7,0,0
TP-4,326,1.6,45.2,1.6,8,0,0
TP-4,327,2.18,44.0,1.45,9,0,0
TP-4,328,2.21,45.3,1.27,10,0,0
TP-4,329,2.05,45.6,1.13,11,0,0
TP-4,330,1.64,45.7,1.21,12,0,0
TP-4,331,2.17,46.2,1.23,13,0,0
TP-4,332,2.1,46.3,1.74,14,0,0
TP-4,333,1.97,45.6,1.36,15,0,0
TP-4,334,2.07,46.6,0.85,16,0,0
TP-4,335,1.76,47.0,1.29,17,0,0
TP-4,336,2.5,45.4,1.43,18,0,0
TP-4,337,2.55,47.9,1.13,19,0,0
TP-4,338,1.91,45.5,1.14,20,0,0
TP-4,339,2.13,46.3,1.24,21,0,0
TP-4,340,2.01,45.1,1.56,22,0,0
TP-4,341,2.56,46.6,0.84,23,0,0
TP-4,342,2.17,46.6,0.98,24,0,0
TP-4,343,1.68,48.3,1.2,25,0,0
TP-4,344,2.11,48.3,0.83,26,0,0
TP-4,345,2.4,44.9,1.01,27,0,0
TP-4,346,2.08,47.6,1.13,28,0,0
TP-4,347,2.17,46.5,1.23,29,0,0
TP-4,348,2.51,46.2,1.13,30,0,0
TP-4,349,1.86,49.6,0.97,31,0,0
TP-4,350,2.21,47.8,1.45,32,0,0
TP-4,351,2.5,46.8,1.01,33,0,0
TP-4,352,1.55,45.7,1.39,34,0,0
TP-4,353,1.88,45.8,1.46,35,0,0
TP-4,354,2.2,45.7,1.17,36,0,0
TP-4,355,2.04,46.3,1.07,37,0,0
TP-4,356,1.81,48.6,1.12,38,0,0
TP-4,357,2.38,46.7,1.47,39,0,0
TP-4,358,2.7,45.8,0.97,40,0,0
TP-4,359,2.37,46.1,0.79,41,0,0
TP-4,360,1.69,46.3,1.3,42,0,0
TP-4,361,2.29,47.7,1.2,43,0,0
TP-4,362,2.43,45.3,1.12,44,0,0
TP-4,363,2.14,47.2,1.64,45,0,0
TP-4,364,2.3,45.6,0.93,46,0,0
TP-4,365,2.16,48.4,1.43,47,0,0
