batch,polymer,drug_polymer_ratio,surfactant_pct,solubility_ug_ml,auc_ng_h_ml
SD01,PVP K30,6,0.0,39.7,816.0
SD02,PVP K30,8,2.0,81.9,1372.0
SD03,Soluplus,2,0.0,43.2,1036.0
SD04,HPMC E5,2,0.0,9.5,424.0
SD05,HPMC E5,2,0.0,9.2,333.0
SD06,PVP K30,1,0.0,6.3,393.0
SD07,HPMC E5,5,2.0,46.7,976.0
SD08,Soluplus,2,1.0,42.9,892.0
SD09,Soluplus,8,2.0,468.1,3124.0
SD10,PVP K30,8,1.0,83.1,1182.0
SD11,HPMC E5,8,2.0,83.1,1548.0
SD12,Soluplus,5,2.0,238.2,2375.0
SD13,HPMC E5,3,2.0,16.8,468.0
SD14,HPMC E5,5,0.0,30.0,711.0
SD15,HPMC E5,1,0.0,3.6,164.0
SD16,HPMC E5,2,0.0,5.4,333.0
SD17,Soluplus,1,2.0,64.9,1153.0
SD18,HPMC E5,4,1.0,26.5,720.0
SD19,PVP K30,6,0.5,59.3,1174.0
SD20,PVP K30,3,1.0,36.7,883.0
SD21,Soluplus,8,2.0,329.5,3139.0
SD22,Soluplus,4,2.0,213.5,1820.0
SD23,Soluplus,4,0.5,103.9,1477.0
SD24,Soluplus,4,2.0,156.7,2188.0
SD25,Soluplus,1,0.0,20.4,604.0
SD26,PVP K30,1,2.0,20.9,601.0
SD27,HPMC E5,1,0.0,7.2,376.0
SD28,PVP K30,8,0.0,46.7,839.0
SD29,PVP K30,2,0.0,13.3,522.0
SD30,Soluplus,4,1.0,198.8,2042.0
SD31,PVP K30,8,0.0,56.8,1047.0
SD32,PVP K30,5,0.0,31.7,769.0
SD33,Soluplus,5,1.0,202.5,2219.0
SD34,HPMC E5,4,1.0,16.2,566.0
SD35,HPMC E5,3,0.0,20.5,662.0
SD36,HPMC E5,4,0.5,18.2,699.0
SD37,HPMC E5,3,1.0,15.0,571.0
SD38,HPMC E5,4,2.0,44.3,823.0
SD39,PVP K30,4,1.0,73.6,1436.0
SD40,Soluplus,4,0.5,96.2,1227.0
SD41,PVP K30,4,0.5,26.7,700.0
SD42,PVP K30,2,2.0,39.8,888.0
SD43,Soluplus,6,0.5,251.6,2656.0
SD44,PVP K30,1,0.5,10.0,445.0
SD45,Soluplus,8,0.5,178.1,1734.0
SD46,PVP K30,4,0.5,45.6,923.0
SD47,PVP K30,8,0.0,80.6,1561.0
SD48,Soluplus,3,1.0,148.2,1731.0
