compound,MW,logP,rot_bonds,aromatic_prop,HBD,TPSA,logS
S001,435.2,2.22,9,0.38,1,29.1,-4.56
S002,199.5,1.85,8,0.75,0,58.8,-2.26
S003,305.7,1.5,7,0.32,4,24.4,-3.17
S004,586.7,5.85,10,0.7,1,134.9,-7.12
S005,378.1,5.6,5,0.74,3,65.6,-6.4
S006,569.7,3.01,7,0.69,1,130.9,-5.06
S007,582.5,2.24,5,0.22,4,96.8,-4.84
S008,591.5,6.89,10,0.7,1,42.2,-8.76
S009,166.6,0.68,11,0.67,2,38.1,-0.84
S010,275.7,2.03,6,0.13,0,132.9,-2.94
S011,173.3,3.23,0,0.15,1,34.3,-2.81
S012,459.1,4.12,8,0.04,3,45.9,-3.96
S013,512.7,2.02,10,0.76,1,40.8,-3.26
S014,494.0,5.4,7,0.41,0,75.5,-5.95
S015,226.6,0.09,0,0.25,3,30.3,-1.55
S016,444.0,1.77,3,0.33,2,122.5,-3.95
S017,156.0,1.51,9,0.71,1,122.6,-1.91
S018,516.0,5.33,0,0.66,1,129.2,-7.6
S019,462.1,3.54,1,0.06,2,138.7,-4.37
S020,274.9,5.67,10,0.76,4,91.1,-5.27
S021,260.2,2.26,2,0.43,4,25.6,-2.55
S022,325.8,2.36,5,0.06,4,132.0,-2.18
S023,351.3,3.26,1,0.28,1,91.2,-4.35
S024,190.2,0.8,5,0.06,3,23.9,-0.84
S025,464.0,2.67,11,0.63,3,44.2,-3.5
S026,383.9,1.45,2,0.72,2,54.1,-2.77
S027,351.9,1.41,7,0.27,2,103.4,-1.91
S028,404.5,3.54,11,0.14,3,48.7,-3.05
S029,246.9,3.53,2,0.44,4,114.1,-3.71
S030,376.5,3.12,10,0.12,4,50.3,-3.1
S031,410.5,2.88,1,0.49,1,112.4,-4.89
S032,359.6,-0.27,4,0.29,3,76.9,-0.71
S033,497.0,5.73,1,0.19,2,22.7,-6.9
S034,169.1,3.82,7,0.57,4,39.7,-2.96
S035,262.2,1.05,1,0.22,0,80.4,-2.15
S036,366.0,2.51,3,0.69,4,36.8,-4.13
S037,192.4,2.42,11,0.55,0,118.6,-2.55
S038,431.5,3.16,2,0.3,3,139.1,-4.99
S039,537.2,4.69,4,0.11,1,43.6,-5.9
S040,550.4,4.36,3,0.23,2,85.6,-5.25
S041,562.4,4.35,7,0.35,1,110.6,-5.29
S042,218.4,0.64,11,0.55,4,129.5,-0.47
S043,401.2,1.37,1,0.7,3,77.1,-2.91
S044,430.9,2.67,8,0.24,3,80.0,-3.41
S045,515.6,0.92,11,0.05,4,98.6,-2.72
S046,344.5,5.25,7,0.52,2,128.5,-5.6
S047,486.5,2.6,9,0.24,0,88.4,-4.93
S048,436.8,5.99,2,0.01,4,99.0,-6.18
S049,378.8,-0.57,11,0.15,1,133.9,-0.45
S050,387.2,1.98,1,0.49,3,115.0,-3.1
S051,228.2,2.14,9,0.42,4,127.5,-1.93
S052,441.4,1.96,2,0.47,2,96.0,-3.83
S053,320.7,1.48,6,0.23,1,134.5,-2.11
S054,264.4,1.38,7,0.49,0,92.9,-1.89
S055,286.7,4.67,3,0.3,4,89.8,-3.55
S056,440.7,5.7,11,0.58,4,73.0,-5.83
S057,229.5,4.19,6,0.37,0,31.2,-4.3
S058,474.5,2.67,6,0.29,4,67.8,-3.74
S059,473.1,1.33,8,0.49,3,107.7,-2.7
S060,543.2,0.1,8,0.44,0,88.7,-2.68
S061,567.2,0.8,0,0.47,4,67.7,-4.29
S062,411.0,-1.47,2,0.78,2,116.6,-1.78
S063,493.9,2.49,0,0.07,3,79.2,-5.44
S064,494.7,4.24,8,0.66,3,119.7,-5.09
S065,529.2,3.65,2,0.04,0,97.1,-4.34
S066,481.8,4.27,7,0.57,2,95.2,-5.34
S067,196.4,2.23,5,0.78,0,98.7,-3.17
S068,537.7,4.71,4,0.15,0,51.1,-6.44
S069,580.9,2.1,5,0.04,4,88.4,-4.31
S070,533.2,5.99,11,0.51,0,106.1,-6.6
S071,525.6,2.64,4,0.14,1,130.9,-5.17
S072,264.5,3.42,9,0.51,1,139.1,-3.07
S073,429.4,5.9,0,0.76,1,111.9,-7.77
S074,467.7,3.66,4,0.05,3,47.6,-4.07
S075,521.6,4.04,3,0.29,0,80.6,-5.78
S076,561.3,-0.07,9,0.51,2,115.0,-3.27
S077,418.0,1.97,1,0.08,0,57.6,-3.52
S078,460.3,1.58,6,0.13,1,45.1,-2.77
S079,402.2,-0.43,0,0.02,2,114.2,-2.28
S080,452.2,4.77,2,0.05,2,24.5,-5.14
S081,273.6,2.36,1,0.62,1,43.9,-3.17
S082,448.7,3.91,3,0.5,0,24.4,-5.25
S083,472.2,4.02,0,0.1,4,30.1,-5.42
S084,516.3,1.92,11,0.01,3,28.6,-4.0
S085,355.9,1.23,2,0.61,3,62.1,-2.65
S086,293.7,1.66,11,0.36,4,93.5,-1.41
S087,590.7,2.18,5,0.62,1,102.2,-4.25
S088,253.5,2.45,0,0.27,3,69.1,-2.99
S089,403.6,4.23,8,0.34,4,22.8,-3.92
S090,473.0,1.75,1,0.57,4,119.6,-4.17
S091,478.5,5.98,9,0.66,1,133.9,-7.22
S092,432.6,3.85,9,0.4,4,105.2,-4.95
S093,466.8,3.41,11,0.3,2,78.5,-4.35
S094,207.8,-1.06,9,0.23,2,63.1,-0.51
S095,359.7,1.84,8,0.61,2,72.0,-3.53
S096,481.7,3.46,4,0.04,3,96.8,-4.76
S097,523.7,3.85,0,0.38,1,115.1,-5.79
S098,580.2,4.67,9,0.49,2,21.8,-5.78
S099,592.6,0.87,1,0.19,4,125.7,-2.97
S100,410.6,3.05,6,0.01,4,36.5,-3.4
S101,486.3,4.31,7,0.46,3,58.4,-5.18
S102,249.4,2.61,3,0.51,0,130.4,-2.86
S103,446.9,2.89,6,0.79,2,27.7,-4.96
S104,481.8,1.32,0,0.12,2,105.3,-2.68
S105,450.2,6.33,3,0.75,2,123.9,-7.17
S106,514.2,4.55,5,0.48,0,32.5,-6.34
S107,223.6,3.03,5,0.43,0,110.5,-2.87
S108,319.9,3.79,3,0.26,4,125.6,-4.15
S109,468.3,8.09,8,0.3,1,23.3,-9.85
S110,597.9,3.04,11,0.07,0,85.1,-4.49
S111,170.7,0.65,6,0.52,1,118.7,-1.48
S112,342.0,2.99,8,0.02,2,130.2,-3.04
S113,369.9,0.96,11,0.3,2,130.7,-1.4
S114,347.9,2.82,5,0.24,1,56.3,-3.52
S115,266.4,3.96,5,0.41,0,108.5,-4.23
S116,360.3,2.09,7,0.24,1,125.6,-3.13
S117,303.8,3.77,2,0.69,4,80.4,-3.94
S118,286.7,4.34,9,0.33,0,25.1,-3.69
S119,430.5,1.82,11,0.77,0,43.0,-3.85
S120,429.9,5.17,4,0.78,2,117.5,-5.8
S121,517.5,5.32,9,0.5,2,113.8,-6.33
S122,499.5,0.7,7,0.68,2,56.5,-3.81
S123,333.6,1.28,5,0.3,0,110.1,-1.96
S124,389.1,0.05,2,0.26,2,20.4,-2.3
S125,470.9,3.19,11,0.27,3,83.6,-4.12
S126,287.6,0.83,7,0.15,1,99.6,-1.83
S127,561.0,5.15,10,0.39,0,56.4,-6.3
S128,442.9,3.62,1,0.06,0,90.8,-4.98
S129,372.1,3.37,6,0.55,4,56.2,-3.29
S130,577.4,5.65,6,0.71,4,25.8,-7.68
S131,442.7,1.11,9,0.77,0,49.6,-3.76
S132,190.8,1.55,4,0.07,4,127.8,-1.36
S133,321.3,3.45,3,0.29,0,54.4,-4.55
S134,331.3,2.15,10,0.35,1,111.9,-3.09
S135,598.7,1.0,10,0.52,2,114.6,-3.77
S136,314.1,4.8,0,0.78,3,37.1,-5.9
S137,389.0,0.23,8,0.77,2,75.5,-2.16
S138,286.5,4.25,4,0.49,4,93.8,-4.12
S139,276.6,3.86,2,0.64,3,49.4,-3.71
S140,228.0,1.83,3,0.6,4,97.1,-2.5
S141,227.8,4.24,2,0.28,2,32.7,-3.0
S142,362.4,0.59,7,0.45,4,78.6,-2.25
S143,531.4,2.95,11,0.2,3,43.4,-4.03
S144,497.0,1.54,9,0.22,4,93.0,-3.17
S145,283.1,3.65,7,0.02,2,90.4,-2.92
S146,497.0,3.67,4,0.23,3,53.6,-4.62
S147,202.3,0.73,1,0.6,4,58.3,-1.78
S148,481.4,3.61,9,0.3,4,86.6,-4.47
S149,290.5,2.13,10,0.51,0,37.6,-2.66
S150,160.4,4.79,10,0.2,3,136.2,-2.73
S151,469.0,4.79,11,0.08,2,107.9,-4.12
S152,580.1,4.63,7,0.75,1,118.6,-5.78
S153,317.5,4.1,0,0.43,3,24.9,-4.32
S154,322.6,2.92,3,0.33,4,138.7,-2.7
S155,187.3,3.5,8,0.75,1,125.4,-3.52
S156,573.8,2.66,9,0.18,1,52.4,-4.55
S157,204.6,1.76,8,0.14,2,43.8,-1.52
S158,455.4,0.73,4,0.58,3,94.8,-3.33
S159,494.0,1.32,9,0.55,3,48.0,-3.74
S160,272.8,1.34,8,0.59,1,123.8,-2.4
S161,344.8,5.21,3,0.32,0,33.2,-4.8
S162,447.9,0.53,6,0.12,2,106.7,-3.44
S163,194.2,3.04,2,0.67,4,49.8,-2.5
S164,354.4,4.33,0,0.08,3,79.7,-4.0
S165,507.5,3.18,1,0.12,1,120.9,-4.53
S166,351.7,1.87,7,0.63,3,21.7,-3.23
S167,300.8,3.93,2,0.74,1,126.7,-5.35
S168,226.0,2.1,4,0.11,2,57.2,-2.02
S169,438.7,3.23,2,0.78,1,139.5,-4.99
S170,363.3,2.91,10,0.2,1,27.2,-3.68
S171,544.3,2.04,6,0.56,2,93.8,-3.6
S172,280.7,2.61,7,0.39,4,23.4,-1.61
S173,180.8,5.08,5,0.21,2,49.4,-4.59
S174,276.5,2.4,11,0.5,4,65.0,-1.84
S175,254.1,2.19,11,0.05,0,78.7,-2.5
S176,396.5,2.29,2,0.76,3,64.1,-3.99
S177,362.4,-0.99,9,0.24,0,40.5,-1.1
S178,373.6,-1.46,9,0.55,3,67.9,-0.46
S179,323.1,2.45,9,0.78,3,92.3,-3.06
S180,371.2,-1.44,5,0.63,1,113.7,-0.75
S181,499.7,3.37,7,0.3,4,38.5,-3.82
S182,213.0,1.46,3,0.19,1,94.0,-1.95
S183,286.7,0.26,0,0.27,2,71.9,-2.28
S184,581.2,4.8,9,0.15,3,108.9,-6.03
S185,420.0,0.43,9,0.02,4,129.4,-2.17
S186,373.5,2.07,4,0.19,0,95.1,-2.92
S187,356.5,4.89,2,0.05,0,77.9,-4.75
S188,513.6,2.13,5,0.51,3,73.9,-4.37
S189,492.9,4.48,5,0.33,1,24.4,-6.59
S190,238.6,3.56,3,0.72,0,87.3,-4.24
S191,441.4,5.2,9,0.48,0,132.0,-6.34
S192,365.1,-0.01,5,0.37,0,26.5,-2.12
S193,489.7,4.72,1,0.7,0,81.7,-6.31
S194,278.8,-0.42,1,0.3,3,132.3,-1.59
S195,262.2,3.66,6,0.4,1,97.2,-3.27
S196,240.1,-0.89,1,0.23,4,110.3,-0.54
S197,594.4,3.79,11,0.77,2,115.2,-5.58
S198,208.8,3.33,10,0.45,4,43.7,-2.87
S199,340.8,0.39,3,0.71,1,126.0,-2.38
S200,460.5,3.36,2,0.77,1,42.8,-5.54
S201,235.6,2.38,6,0.17,4,24.6,-2.28
S202,308.6,-0.71,3,0.73,2,66.6,-1.51
S203,539.7,5.4,2,0.67,4,118.8,-7.02
S204,243.2,1.79,10,0.63,3,126.0,-1.76
S205,511.2,4.86,7,0.73,1,44.8,-6.72
S206,382.0,0.95,1,0.41,2,66.5,-2.62
S207,204.6,2.57,4,0.68,4,62.6,-2.26
S208,468.9,2.95,1,0.3,0,108.2,-5.6
S209,385.2,1.42,8,0.71,0,138.1,-2.5
S210,371.5,2.76,6,0.58,2,54.3,-3.51
S211,151.4,3.09,1,0.07,4,38.4,-2.4
S212,343.5,3.25,4,0.5,4,107.9,-4.86
S213,523.1,4.36,5,0.16,0,76.5,-5.21
S214,211.5,3.43,0,0.45,2,45.4,-4.34
S215,592.9,2.56,8,0.32,2,138.2,-4.14
S216,348.4,2.01,2,0.54,4,58.5,-3.33
S217,525.0,4.01,7,0.08,4,58.2,-4.72
S218,196.1,1.95,1,0.31,4,44.6,-1.61
S219,179.4,2.34,4,0.76,1,77.5,-2.43
S220,484.6,1.65,7,0.27,2,105.8,-3.81
S221,437.1,2.34,3,0.16,0,121.7,-4.64
S222,542.5,2.93,0,0.45,3,41.8,-5.02
S223,515.2,2.8,2,0.38,2,87.5,-5.06
S224,429.5,2.74,9,0.37,3,52.1,-4.05
S225,578.7,3.28,0,0.76,2,99.5,-5.6
S226,516.2,4.66,7,0.79,4,62.0,-5.65
S227,212.9,0.51,4,0.45,3,46.7,-1.06
S228,404.0,3.51,9,0.43,0,104.1,-5.14
S229,224.8,2.96,2,0.05,4,108.9,-2.36
S230,328.0,-0.62,4,0.72,0,75.8,-1.56
S231,556.2,5.3,7,0.21,0,37.7,-5.98
S232,494.3,4.25,2,0.78,3,121.9,-7.14
S233,593.7,2.06,4,0.74,4,92.5,-4.08
S234,160.6,2.8,10,0.41,3,40.4,-1.39
S235,330.7,0.18,0,0.09,4,50.6,-1.53
S236,409.7,4.94,6,0.22,1,79.0,-4.74
S237,469.0,3.1,4,0.57,2,130.4,-3.8
S238,361.7,4.55,0,0.28,3,53.5,-5.0
S239,475.9,3.58,3,0.76,1,84.3,-4.28
S240,303.9,3.82,7,0.15,0,38.6,-4.75
S241,432.8,4.42,11,0.03,1,123.3,-5.43
S242,429.8,4.17,9,0.44,3,61.6,-4.94
S243,246.2,1.12,7,0.1,0,129.6,-1.09
S244,399.0,4.82,6,0.24,3,32.6,-5.63
S245,336.4,0.73,8,0.43,4,73.1,-2.1
S246,340.8,4.82,2,0.21,1,60.3,-5.16
S247,240.2,2.52,6,0.64,3,32.7,-2.81
S248,336.6,1.35,11,0.36,4,33.9,-2.34
S249,582.2,-0.35,6,0.66,4,119.1,-3.78
S250,511.4,3.11,0,0.11,4,127.5,-4.41
S251,445.2,3.77,3,0.7,2,107.5,-4.74
S252,241.1,3.42,7,0.41,1,60.7,-4.03
S253,195.3,1.48,0,0.22,0,38.7,-2.2
S254,487.9,1.49,3,0.12,4,138.5,-3.58
S255,422.7,5.59,11,0.22,2,26.9,-5.53
S256,524.3,2.43,1,0.17,3,94.8,-5.26
S257,204.4,-0.71,9,0.79,1,29.4,-0.41
S258,355.2,2.53,6,0.19,0,63.6,-3.72
S259,317.6,2.44,6,0.6,0,121.8,-4.2
S260,347.8,2.79,2,0.7,1,74.2,-4.72
S261,399.8,-0.83,9,0.49,4,76.6,-1.54
S262,203.1,2.07,0,0.19,4,133.6,-2.36
S263,181.3,0.22,5,0.4,0,134.2,-1.27
S264,267.5,1.08,6,0.71,4,32.4,-0.82
S265,336.0,0.24,10,0.38,4,130.0,-0.85
S266,409.0,2.08,11,0.31,4,74.9,-3.34
S267,309.7,1.4,3,0.74,4,108.0,-2.87
S268,260.9,0.01,10,0.59,1,26.0,-1.63
S269,337.8,5.42,5,0.51,0,103.9,-6.27
S270,271.5,2.81,5,0.34,2,130.7,-3.24
S271,177.5,1.39,7,0.62,1,34.6,-2.11
S272,264.0,-0.11,11,0.27,0,73.2,-0.47
S273,575.3,2.72,11,0.53,4,135.2,-3.88
S274,258.7,-0.38,0,0.16,3,30.5,-0.74
S275,166.4,3.78,6,0.68,1,120.7,-3.23
S276,260.6,2.44,11,0.37,4,110.3,-1.13
S277,582.1,3.04,6,0.37,0,139.9,-4.34
S278,543.6,6.82,3,0.33,0,87.0,-8.65
S279,411.4,2.57,2,0.75,0,138.7,-4.59
S280,525.9,3.31,7,0.14,2,40.0,-4.81
S281,583.0,2.54,4,0.72,2,106.2,-5.89
S282,227.1,4.07,2,0.05,4,31.9,-2.74
S283,189.0,3.32,6,0.17,0,97.9,-2.44
S284,323.7,4.14,4,0.38,3,116.6,-3.95
S285,318.5,0.2,10,0.13,3,32.0,-0.84
S286,151.2,2.54,2,0.24,4,63.1,-1.38
S287,258.6,1.44,10,0.31,1,120.4,-2.05
S288,483.1,2.8,10,0.7,3,82.3,-4.34
S289,440.1,2.78,5,0.5,4,96.5,-4.25
S290,594.4,4.37,3,0.41,2,27.4,-6.22
S291,371.9,1.97,10,0.12,0,110.4,-3.08
S292,300.7,1.31,4,0.46,0,43.5,-2.15
S293,218.8,2.8,7,0.47,0,75.4,-2.91
S294,150.9,2.28,2,0.64,4,125.6,-2.16
S295,533.8,3.25,3,0.39,4,32.1,-5.42
S296,289.2,2.98,7,0.37,3,138.2,-3.09
S297,497.4,3.14,3,0.54,1,30.2,-5.23
S298,263.1,3.89,9,0.03,1,82.5,-1.87
S299,288.1,4.74,11,0.45,3,125.0,-4.55
S300,431.4,5.81,10,0.46,1,59.7,-5.57
