formulation,binder_pct,disintegrant_pct,lubricant_pct,compression_kN,hardness_kp,disintegration_min,dissolved_30min_pct
F01,4.57,1.32,1.36,16.0,7.7,4.07,77.7
F02,2.13,4.4,0.65,14.9,6.14,0.93,92.6
F03,3.21,1.32,1.53,17.7,6.37,4.4,77.1
F04,3.91,3.29,1.75,15.6,6.33,1.89,81.8
F05,2.07,1.96,1.45,18.5,6.7,3.78,79.4
F06,2.93,2.49,1.39,12.9,5.55,2.05,85.3
F07,3.83,3.12,1.65,12.5,5.5,1.53,87.2
F08,3.59,4.95,0.88,15.9,7.72,1.22,90.0
F09,4.84,3.98,1.51,16.6,8.23,1.87,84.1
F10,2.62,1.95,1.76,15.7,5.66,2.43,83.5
F11,4.9,1.12,0.77,19.5,8.79,4.6,81.2
F12,4.98,3.83,0.4,19.5,9.81,2.07,87.3
F13,4.79,1.75,0.9,8.0,4.95,2.17,84.4
F14,5.81,4.59,0.54,12.2,7.64,1.07,90.0
F15,3.23,3.1,1.74,10.7,5.02,1.71,81.8
F16,4.45,1.79,1.48,10.9,5.38,3.13,79.7
F17,4.4,2.2,0.86,17.2,7.92,2.36,85.6
F18,4.7,1.33,0.83,16.4,7.6,3.82,82.0
F19,5.16,2.16,1.09,15.9,8.22,3.79,80.9
F20,4.54,1.05,0.58,11.3,6.07,2.85,85.6
F21,5.84,1.94,0.37,8.2,6.82,1.97,88.4
F22,3.46,3.46,1.82,9.9,4.4,1.51,83.5
F23,2.82,2.8,0.48,9.7,5.14,1.24,92.2
F24,4.44,1.29,1.27,10.7,5.45,3.19,79.5
F25,4.54,1.22,0.49,11.4,6.83,2.56,84.9
F26,5.6,3.75,1.81,8.2,4.75,1.39,82.0
F27,4.49,4.53,0.88,17.0,7.82,1.27,86.2
F28,4.31,1.48,1.43,15.8,7.75,4.18,79.7
F29,3.15,2.03,1.19,12.9,5.74,2.76,84.0
F30,4.95,1.42,0.76,19.3,9.88,4.7,79.6
F31,3.3,1.31,1.03,13.6,6.06,3.68,80.9
F32,2.44,2.15,1.35,12.6,5.2,2.11,84.0
F33,3.93,4.95,1.08,19.5,8.68,1.44,87.8
F34,3.75,4.84,0.9,16.2,8.26,1.34,88.4
F35,5.26,2.68,0.75,12.9,7.28,2.37,87.1
F36,4.92,1.66,0.44,14.3,7.93,3.29,83.4
F37,4.91,1.25,0.35,14.4,7.74,3.52,84.8
F38,5.12,3.16,0.58,12.8,7.34,1.65,88.0
F39,4.93,4.89,1.73,8.2,4.01,0.84,83.0
F40,5.63,3.86,1.64,11.1,5.99,1.8,80.1
F41,4.0,4.06,1.08,17.7,8.19,1.56,89.2
F42,5.01,4.31,1.29,15.8,7.22,1.49,86.9
F43,3.53,2.73,1.43,13.0,6.21,2.31,82.0
F44,5.23,4.45,1.31,16.9,7.94,1.32,86.3
F45,4.35,2.47,1.68,15.2,5.97,2.99,79.9
F46,4.06,1.3,1.79,15.0,6.17,3.64,76.8
F47,5.72,4.88,0.6,20.0,10.6,1.72,88.0
F48,3.65,1.78,0.43,17.5,7.98,2.46,90.1
F49,3.6,1.67,1.61,15.8,6.04,3.31,79.9
F50,5.8,3.63,0.47,17.3,8.86,1.88,88.7
F51,3.99,1.62,1.94,12.1,5.11,3.38,77.1
F52,3.04,2.75,1.64,12.8,5.41,1.81,85.4
F53,2.63,3.0,1.61,17.6,6.27,2.19,84.5
F54,2.67,1.36,0.95,18.9,7.71,3.45,84.2
F55,2.37,4.41,0.25,11.1,5.49,0.81,97.6
F56,3.57,2.74,1.55,19.2,8.19,3.78,78.4
F57,3.33,4.86,1.86,13.7,5.29,1.23,85.6
F58,2.48,1.79,1.34,18.0,6.51,3.55,82.1
F59,2.62,4.34,1.32,9.4,4.33,1.01,90.5
F60,2.23,1.41,0.38,9.2,4.98,2.41,91.6
