mixture,paracetamol_ug_ml,caffeine_ug_ml,A220,A221,A222,A223,A224,A225,A226,A227,A228,A229,A230,A231,A232,A233,A234,A235,A236,A237,A238,A239,A240,A241,A242,A243,A244,A245,A246,A247,A248,A249,A250,A251,A252,A253,A254,A255,A256,A257,A258,A259,A260,A261,A262,A263,A264,A265,A266,A267,A268,A269,A270,A271,A272,A273,A274,A275,A276,A277,A278,A279,A280,A281,A282,A283,A284,A285,A286,A287,A288,A289,A290,A291,A292,A293,A294,A295,A296,A297,A298,A299,A300,A301,A302,A303,A304,A305,A306,A307,A308,A309,A310,A311,A312,A313,A314,A315,A316,A317,A318,A319,A320
M01,5.54,2.28,0.1507,0.1751,0.1844,0.1984,0.2196,0.2292,0.2397,0.2585,0.2688,0.2821,0.2956,0.3077,0.3173,0.3275,0.3412,0.3492,0.35,0.3663,0.3774,0.3751,0.3853,0.3859,0.3896,0.3869,0.3902,0.3973,0.3916,0.3855,0.3862,0.3716,0.3684,0.3639,0.3591,0.3448,0.3438,0.33,0.3165,0.3077,0.2898,0.2899,0.2798,0.2747,0.2651,0.2564,0.2455,0.2456,0.2342,0.2208,0.2136,0.2087,0.2074,0.2043,0.1951,0.1938,0.1854,0.181,0.1864,0.1747,0.1745,0.1539,0.1633,0.1517,0.1525,0.1455,0.1366,0.1351,0.1329,0.1261,0.1267,0.1183,0.1088,0.1072,0.0971,0.0941,0.0864,0.086,0.0756,0.0762,0.0671,0.0623,0.0647,0.0489,0.054,0.0421,0.0439,0.0332,0.0373,0.0297,0.0314,0.0188,0.0204,0.0175,0.0133,0.0148,0.018,0.014,0.0137,0.0106,0.0138,0.017,0.0116
M02,5.65,6.8,0.2102,0.2314,0.254,0.2665,0.2925,0.305,0.3207,0.325,0.3418,0.3502,0.3477,0.3567,0.3652,0.3708,0.3714,0.3772,0.382,0.3902,0.3934,0.3997,0.4018,0.4054,0.4068,0.4127,0.4216,0.4237,0.4238,0.4243,0.4248,0.4305,0.4329,0.4275,0.427,0.4284,0.4246,0.4227,0.4234,0.4252,0.4229,0.4238,0.425,0.4292,0.4221,0.4206,0.4291,0.4312,0.4251,0.4248,0.4229,0.4165,0.4231,0.4254,0.4078,0.409,0.4008,0.4027,0.3902,0.3772,0.371,0.3616,0.3528,0.3338,0.3277,0.318,0.298,0.2842,0.269,0.2525,0.2432,0.2245,0.215,0.193,0.1836,0.1618,0.16,0.1379,0.1298,0.1153,0.1101,0.0921,0.0831,0.0778,0.067,0.0655,0.0534,0.0434,0.0383,0.0315,0.0311,0.0231,0.0263,0.0146,0.011,0.0148,0.0108,0.0069,0.0081,0.0024,0.0033,0.0049,0.0056
M03,9.91,7.51,0.3117,0.3461,0.3799,0.4076,0.4269,0.4637,0.488,0.5051,0.5252,0.5546,0.5668,0.577,0.5991,0.6046,0.619,0.6418,0.6491,0.6646,0.6703,0.679,0.6972,0.7025,0.7085,0.715,0.7157,0.7184,0.7137,0.7094,0.7007,0.7046,0.6947,0.693,0.687,0.6748,0.6622,0.6573,0.6403,0.6318,0.6178,0.6131,0.6083,0.5932,0.584,0.5742,0.5714,0.5637,0.5594,0.5468,0.5398,0.5281,0.5276,0.5171,0.5075,0.5036,0.4947,0.481,0.4733,0.4672,0.4476,0.4379,0.4283,0.4192,0.3986,0.385,0.3654,0.3509,0.334,0.3249,0.311,0.293,0.2765,0.2527,0.233,0.2088,0.2076,0.1848,0.1773,0.1601,0.1512,0.1325,0.1175,0.1157,0.0952,0.0893,0.0828,0.0659,0.064,0.0559,0.0462,0.0469,0.0348,0.0315,0.017,0.03,0.0231,0.0223,0.0243,0.0181,0.0143,0.0122,0.0083
M04,6.63,5.5,0.2271,0.2441,0.2548,0.2842,0.3014,0.325,0.3378,0.355,0.3633,0.3838,0.3928,0.4067,0.4156,0.4198,0.4249,0.4375,0.4418,0.4447,0.4635,0.4628,0.4751,0.474,0.4846,0.4839,0.4787,0.4897,0.4877,0.494,0.4777,0.4809,0.4843,0.4692,0.4682,0.4642,0.4537,0.4507,0.451,0.4435,0.4313,0.4303,0.4228,0.4173,0.4124,0.4115,0.4051,0.4015,0.3993,0.3933,0.3885,0.3888,0.3841,0.3779,0.3678,0.3598,0.3699,0.3536,0.3411,0.3353,0.3307,0.3164,0.3153,0.3048,0.2926,0.2852,0.274,0.26,0.2494,0.2328,0.2265,0.2101,0.2021,0.1923,0.173,0.1553,0.1489,0.1443,0.1291,0.1182,0.1129,0.0894,0.0866,0.079,0.0729,0.0633,0.062,0.0521,0.0488,0.0479,0.0416,0.0354,0.0277,0.0324,0.0229,0.0258,0.0237,0.0225,0.023,0.0211,0.0141,0.0104,0.0158
M05,10.01,5.94,0.2989,0.3243,0.3503,0.3829,0.4139,0.4454,0.4584,0.4857,0.511,0.5311,0.5573,0.5682,0.5791,0.5997,0.6189,0.6384,0.647,0.6677,0.6716,0.68,0.6927,0.6989,0.7099,0.7081,0.7087,0.7114,0.7032,0.7104,0.7012,0.6922,0.6873,0.6766,0.6594,0.6476,0.641,0.6194,0.61,0.5953,0.5844,0.5754,0.5591,0.5506,0.5323,0.5276,0.5128,0.5003,0.4886,0.4856,0.4746,0.4638,0.4532,0.4455,0.4349,0.4247,0.4171,0.4119,0.4011,0.3995,0.3761,0.367,0.358,0.355,0.3382,0.333,0.317,0.3032,0.2907,0.28,0.268,0.2547,0.2418,0.2252,0.206,0.2001,0.185,0.1626,0.1604,0.1438,0.1332,0.1166,0.1165,0.1027,0.0965,0.0874,0.0844,0.0682,0.0541,0.0569,0.0466,0.0445,0.0379,0.0381,0.0265,0.0252,0.0333,0.0169,0.018,0.0173,0.0147,0.0114,0.0144
M06,13.28,8.95,0.3913,0.4344,0.4764,0.5086,0.5446,0.5849,0.6152,0.6483,0.6772,0.7124,0.7245,0.7497,0.7725,0.7934,0.8118,0.8321,0.8472,0.863,0.8833,0.901,0.9145,0.9139,0.9311,0.9354,0.938,0.9355,0.9353,0.9281,0.9267,0.9191,0.9074,0.89,0.881,0.8737,0.855,0.8363,0.8192,0.8032,0.7881,0.7818,0.7595,0.748,0.7376,0.7185,0.7045,0.692,0.6796,0.6687,0.6641,0.6528,0.6323,0.6266,0.6108,0.607,0.5961,0.5844,0.5611,0.5522,0.5475,0.5263,0.5061,0.4932,0.4814,0.4582,0.4421,0.4166,0.4029,0.38,0.3625,0.3464,0.3287,0.3027,0.2828,0.2653,0.244,0.2229,0.2054,0.1891,0.1776,0.1543,0.1473,0.1204,0.1148,0.0991,0.0862,0.0788,0.0723,0.0535,0.0508,0.043,0.0363,0.0297,0.0159,0.0236,0.0116,0.0131,0.0037,0.0096,0.0004,0.0023,0.0065
M07,12.09,5.1,0.326,0.3488,0.3903,0.4185,0.4597,0.4889,0.5291,0.5563,0.5832,0.6083,0.6254,0.6662,0.6777,0.7005,0.7187,0.7439,0.7605,0.7746,0.7963,0.8069,0.8252,0.836,0.8298,0.843,0.8405,0.8395,0.8296,0.8342,0.8232,0.8117,0.7963,0.7748,0.7599,0.7511,0.7275,0.7087,0.6833,0.6672,0.6435,0.6232,0.6005,0.578,0.5577,0.5408,0.5345,0.5093,0.4947,0.477,0.4663,0.4544,0.4416,0.4257,0.4189,0.4113,0.4051,0.3943,0.3783,0.3686,0.3637,0.3495,0.3407,0.3251,0.3168,0.3059,0.3011,0.2945,0.2756,0.2691,0.2528,0.2427,0.228,0.219,0.2008,0.1954,0.1818,0.1673,0.1559,0.1436,0.1401,0.1181,0.1168,0.1106,0.0924,0.0894,0.0733,0.0756,0.0593,0.0578,0.0498,0.0384,0.0315,0.0402,0.0246,0.0191,0.0249,0.0163,0.0186,-0.0015,0.0187,0.0092,0.01
M08,10.46,4.57,0.2744,0.3007,0.3296,0.3567,0.3961,0.4155,0.4454,0.4739,0.4951,0.5165,0.5444,0.57,0.5842,0.6003,0.6254,0.6349,0.6571,0.6751,0.6836,0.6987,0.7076,0.7191,0.7268,0.7187,0.724,0.7224,0.7166,0.7137,0.7061,0.6975,0.6869,0.6768,0.6526,0.6404,0.6301,0.6127,0.5911,0.5734,0.5631,0.5387,0.5238,0.502,0.4862,0.4723,0.4528,0.4405,0.4347,0.4159,0.3996,0.3938,0.3789,0.3758,0.3572,0.3571,0.3442,0.3317,0.3312,0.3193,0.3058,0.3041,0.2941,0.2864,0.2726,0.2717,0.2598,0.2518,0.2396,0.2215,0.2199,0.2111,0.1976,0.1833,0.1759,0.1688,0.1505,0.149,0.1366,0.1221,0.1069,0.1041,0.1013,0.0798,0.073,0.0693,0.062,0.0606,0.051,0.0461,0.0405,0.0278,0.029,0.0246,0.014,0.0173,0.0121,0.008,0.0067,0.0046,0.0048,0.0053,0.004
M09,14.52,6.2,0.3815,0.4168,0.4654,0.5145,0.5428,0.5775,0.6137,0.6553,0.6934,0.7147,0.7444,0.7837,0.805,0.8392,0.86,0.8837,0.9117,0.9273,0.9479,0.9621,0.9868,0.9886,1.01,1.0043,1.0083,0.9988,0.9998,0.9952,0.9744,0.972,0.9503,0.9361,0.9082,0.8912,0.8656,0.8517,0.8157,0.7912,0.766,0.7469,0.7199,0.6952,0.6728,0.6465,0.6274,0.6136,0.5895,0.5716,0.5547,0.5388,0.5333,0.5191,0.4962,0.4847,0.4689,0.4598,0.4436,0.4404,0.4283,0.4182,0.4041,0.3927,0.3772,0.3609,0.356,0.3403,0.3296,0.3099,0.3002,0.2861,0.2699,0.2554,0.2438,0.2246,0.2129,0.1988,0.1829,0.1735,0.1525,0.1404,0.124,0.114,0.1121,0.1028,0.0848,0.0839,0.0645,0.0534,0.0467,0.0378,0.0384,0.0304,0.0265,0.0169,0.0241,0.0152,0.0146,0.0186,0.0089,0.0024,0.0035
M10,15.14,4.14,0.3691,0.4069,0.4499,0.4932,0.5252,0.5741,0.6113,0.6452,0.6826,0.723,0.7518,0.7969,0.8219,0.8548,0.8819,0.9078,0.9327,0.9657,0.9748,0.9909,1.0032,1.0276,1.0336,1.0316,1.0336,1.0309,1.0225,1.0122,1.0018,0.9777,0.9559,0.9446,0.9133,0.8964,0.853,0.8296,0.7964,0.7581,0.7325,0.7095,0.6717,0.6417,0.616,0.5853,0.5681,0.5388,0.5182,0.493,0.4679,0.4497,0.4365,0.4161,0.3945,0.3907,0.3745,0.3709,0.3538,0.3511,0.3399,0.3248,0.3159,0.3025,0.2987,0.2945,0.2799,0.2782,0.2701,0.2576,0.2462,0.2339,0.2364,0.2191,0.2042,0.2009,0.1899,0.1778,0.1697,0.1578,0.1426,0.1338,0.1176,0.1061,0.0943,0.0944,0.0779,0.0778,0.0681,0.0534,0.0427,0.0462,0.0306,0.0309,0.0261,0.0256,0.0203,0.0226,0.0129,0.0166,0.0058,0.0034,0.0041
M11,10.33,9.79,0.3464,0.3795,0.4178,0.452,0.4814,0.5134,0.5322,0.5584,0.5713,0.5953,0.6053,0.6322,0.6376,0.6541,0.6607,0.6748,0.6781,0.6927,0.7033,0.7164,0.7264,0.7358,0.7473,0.7474,0.7544,0.7541,0.7457,0.7554,0.7481,0.7497,0.7465,0.7493,0.7324,0.7299,0.7306,0.7187,0.7098,0.698,0.6967,0.6896,0.6874,0.6888,0.6809,0.674,0.662,0.6654,0.6597,0.6497,0.654,0.6446,0.633,0.6304,0.6256,0.6181,0.6104,0.5928,0.5794,0.5687,0.5539,0.5429,0.5334,0.5079,0.4967,0.4703,0.4511,0.4343,0.4136,0.3878,0.3658,0.3541,0.3278,0.3011,0.2886,0.2636,0.2484,0.2212,0.2013,0.1812,0.1759,0.1434,0.1366,0.1248,0.1058,0.0981,0.0902,0.0763,0.0665,0.0591,0.0481,0.0427,0.0305,0.0338,0.0223,0.0227,0.0269,0.0081,0.0046,0.008,0.0078,-0.0024,0.0008
M12,5.47,9.9,0.2592,0.2705,0.2955,0.3228,0.3436,0.3653,0.3725,0.3783,0.3872,0.3977,0.3997,0.3983,0.3903,0.3919,0.3991,0.4001,0.3958,0.3982,0.4082,0.4024,0.4185,0.4215,0.4286,0.4298,0.4258,0.4387,0.4433,0.4534,0.4559,0.46,0.463,0.4684,0.4713,0.4781,0.4776,0.4871,0.5051,0.4986,0.5088,0.5125,0.5276,0.5365,0.5468,0.5536,0.5546,0.5581,0.5612,0.5722,0.5762,0.5718,0.5782,0.575,0.5702,0.5682,0.5666,0.5628,0.5492,0.5435,0.5249,0.5115,0.5011,0.4719,0.4601,0.4421,0.4171,0.4001,0.3757,0.3613,0.3385,0.3136,0.2923,0.2668,0.2466,0.2232,0.2046,0.1772,0.1779,0.1586,0.1407,0.1271,0.1115,0.1029,0.092,0.0833,0.0709,0.0629,0.058,0.047,0.0411,0.0348,0.0323,0.0242,0.0208,0.0296,0.0184,0.0175,0.0161,0.0067,0.004,0.0078,0.0054
M13,6.62,3.31,0.1827,0.2014,0.2165,0.2425,0.2575,0.2771,0.2896,0.3088,0.3247,0.3433,0.3527,0.364,0.37,0.3847,0.4017,0.4015,0.4161,0.4295,0.4412,0.44,0.4622,0.4578,0.4609,0.4619,0.4698,0.4632,0.4591,0.4591,0.448,0.4509,0.4441,0.433,0.4199,0.4186,0.4064,0.3947,0.3807,0.3743,0.3675,0.3521,0.3359,0.3378,0.3178,0.3151,0.3076,0.2958,0.2882,0.2857,0.2879,0.2673,0.2679,0.2491,0.2515,0.2498,0.2402,0.2325,0.2366,0.2189,0.2215,0.2137,0.2019,0.1981,0.198,0.1845,0.1866,0.1724,0.1693,0.1603,0.1563,0.1416,0.1417,0.1338,0.1179,0.117,0.1106,0.1065,0.0878,0.0817,0.0817,0.0636,0.0589,0.0662,0.0486,0.0443,0.0389,0.0404,0.0343,0.0292,0.0213,0.023,0.0124,0.0119,0.0151,0.0118,0.0105,0.0041,0.0021,0.0093,0.0068,0.0057,0.0114
M14,14.87,6.11,0.4037,0.4357,0.4725,0.5276,0.5569,0.5968,0.6315,0.6728,0.7075,0.7434,0.7752,0.8022,0.8275,0.8567,0.8932,0.9082,0.9364,0.9595,0.9827,0.9934,1.0135,1.0209,1.0256,1.0329,1.0388,1.033,1.0335,1.022,1.0131,0.9922,0.9782,0.9601,0.9407,0.9168,0.8884,0.8645,0.8416,0.8107,0.7852,0.7508,0.7345,0.711,0.6809,0.6666,0.6457,0.6223,0.5925,0.5802,0.5606,0.5513,0.538,0.5203,0.5068,0.4972,0.4833,0.4663,0.4577,0.4473,0.4292,0.4224,0.409,0.399,0.3849,0.3746,0.3584,0.3433,0.3304,0.3169,0.3068,0.2978,0.2811,0.255,0.2558,0.2364,0.2178,0.2115,0.1928,0.1799,0.1689,0.1564,0.1326,0.1278,0.1146,0.1072,0.093,0.0848,0.0679,0.0587,0.0592,0.0566,0.0425,0.037,0.0335,0.034,0.0199,0.0212,0.0181,0.015,0.0151,0.0195,0.0113
M15,12.46,9.25,0.3758,0.4148,0.4572,0.4916,0.5349,0.5676,0.591,0.6251,0.6584,0.6779,0.6998,0.724,0.7406,0.7599,0.7672,0.7844,0.8061,0.8148,0.8343,0.8489,0.8622,0.8663,0.8763,0.8847,0.8968,0.8952,0.8869,0.884,0.8769,0.8652,0.8678,0.8531,0.8399,0.8308,0.8149,0.8052,0.8018,0.778,0.764,0.756,0.7426,0.7328,0.7193,0.7084,0.6984,0.6832,0.672,0.6667,0.6615,0.6455,0.6409,0.639,0.6257,0.6105,0.6068,0.5897,0.5892,0.5645,0.5535,0.5399,0.5194,0.5053,0.4849,0.4675,0.4417,0.4311,0.4061,0.3841,0.3712,0.3429,0.3182,0.3026,0.2913,0.273,0.238,0.2215,0.2014,0.1859,0.1676,0.1568,0.1401,0.1278,0.1084,0.0989,0.0842,0.0731,0.0606,0.065,0.0467,0.0428,0.0307,0.0263,0.0249,0.0216,0.0284,0.0118,0.0109,0.0116,0.0063,-0.0035,-0.0031
M16,14.24,2.7,0.3433,0.3699,0.4086,0.4404,0.4886,0.517,0.5576,0.5948,0.6313,0.6622,0.6991,0.737,0.7696,0.7953,0.8178,0.8521,0.8822,0.894,0.9206,0.9474,0.9608,0.9692,0.9749,0.9765,0.9659,0.9632,0.9576,0.9524,0.9313,0.9151,0.9002,0.8682,0.8437,0.8213,0.786,0.7569,0.727,0.697,0.6677,0.6347,0.6047,0.5702,0.5404,0.5213,0.4888,0.4626,0.4341,0.417,0.4005,0.3773,0.359,0.3375,0.3253,0.3186,0.3027,0.2881,0.2803,0.2696,0.2652,0.2596,0.2573,0.2556,0.2469,0.2341,0.2329,0.231,0.2247,0.2167,0.2097,0.1986,0.2002,0.1858,0.1728,0.172,0.1606,0.1537,0.1426,0.1386,0.1303,0.1179,0.1043,0.1063,0.087,0.0835,0.0783,0.0717,0.059,0.0509,0.0513,0.0489,0.0407,0.0384,0.0306,0.0288,0.0233,0.0161,0.0188,0.0155,0.0156,0.0113,0.0122
M17,5.17,7.42,0.2189,0.2439,0.2595,0.2785,0.2936,0.3097,0.3158,0.3289,0.334,0.3519,0.3448,0.3564,0.3636,0.3611,0.3685,0.3662,0.373,0.3813,0.3785,0.3838,0.3884,0.3857,0.3908,0.3996,0.3974,0.4108,0.4103,0.4136,0.4058,0.4159,0.4136,0.4173,0.4181,0.4234,0.4255,0.425,0.4321,0.4295,0.4256,0.4398,0.4411,0.4397,0.4394,0.4521,0.4545,0.4512,0.4475,0.4508,0.4556,0.4583,0.4572,0.4578,0.4547,0.4491,0.4377,0.4355,0.4345,0.4144,0.4143,0.3975,0.3896,0.3715,0.3641,0.3473,0.3305,0.3074,0.2959,0.2851,0.2606,0.25,0.2308,0.2233,0.2025,0.1873,0.1683,0.1591,0.1434,0.1284,0.1218,0.108,0.0937,0.0951,0.0734,0.0701,0.0619,0.0616,0.047,0.0429,0.0407,0.0304,0.0391,0.0281,0.0259,0.0257,0.0222,0.0204,0.0174,0.0213,0.0096,0.0231,0.0111
M18,9.52,7.81,0.2956,0.3403,0.3617,0.3915,0.4132,0.4458,0.4593,0.4897,0.5124,0.5282,0.5449,0.5489,0.5769,0.5861,0.5927,0.6025,0.6265,0.6298,0.6301,0.652,0.6537,0.6727,0.6689,0.6685,0.6761,0.6749,0.6849,0.6799,0.6782,0.6683,0.6772,0.6582,0.6514,0.6442,0.6405,0.6269,0.6181,0.615,0.5977,0.5989,0.5913,0.5801,0.5712,0.5536,0.5589,0.5523,0.5524,0.5486,0.5305,0.533,0.5265,0.5179,0.5019,0.5074,0.4913,0.4816,0.4798,0.4704,0.4497,0.4444,0.4265,0.4158,0.3961,0.3802,0.3643,0.3467,0.3366,0.317,0.3035,0.2839,0.2556,0.2466,0.2278,0.2106,0.1952,0.1827,0.1647,0.1513,0.1415,0.1197,0.1038,0.0915,0.0859,0.0747,0.0664,0.0606,0.0454,0.0401,0.0431,0.034,0.0221,0.0168,0.0166,0.016,0.0139,0.0048,0.011,-0.0012,0.0007,-0.0009,-0.0078
M19,10.75,3.18,0.2779,0.2986,0.3258,0.3557,0.3817,0.4145,0.4405,0.4693,0.4986,0.5247,0.5408,0.5698,0.5931,0.6202,0.6357,0.6621,0.6728,0.6972,0.7038,0.714,0.7284,0.737,0.7375,0.7448,0.7469,0.7413,0.7385,0.7297,0.7255,0.7105,0.6921,0.6802,0.6656,0.6404,0.6184,0.5989,0.5825,0.5576,0.5329,0.5182,0.4935,0.4689,0.4564,0.4294,0.4193,0.3949,0.3835,0.3696,0.3507,0.3486,0.3281,0.3152,0.3014,0.3059,0.2889,0.2791,0.2752,0.2672,0.2458,0.2479,0.2447,0.2381,0.2331,0.2251,0.217,0.2137,0.2087,0.1971,0.1928,0.1865,0.1795,0.1736,0.1678,0.154,0.1378,0.1319,0.1287,0.1185,0.1061,0.1067,0.0971,0.0799,0.0827,0.0687,0.0655,0.0576,0.0492,0.0426,0.0425,0.0341,0.024,0.0316,0.0232,0.0189,0.0233,0.0224,0.022,0.0189,0.0112,0.017,0.0167
M20,9.37,9.05,0.3184,0.3437,0.3756,0.4092,0.4327,0.4682,0.4803,0.5116,0.5223,0.5378,0.5586,0.5706,0.5764,0.5931,0.6027,0.6081,0.6285,0.6334,0.635,0.6511,0.6609,0.6623,0.665,0.6778,0.6842,0.6741,0.6818,0.6814,0.6841,0.6813,0.6717,0.6661,0.6646,0.6652,0.6571,0.6596,0.6501,0.6419,0.636,0.6296,0.63,0.6205,0.6256,0.6129,0.6074,0.6147,0.5991,0.603,0.5989,0.5924,0.5829,0.5798,0.5779,0.5616,0.5574,0.5485,0.5288,0.527,0.515,0.501,0.4912,0.4658,0.4515,0.4341,0.4088,0.3883,0.3743,0.3556,0.338,0.31,0.2966,0.2792,0.258,0.2388,0.2149,0.2026,0.1823,0.1615,0.1533,0.1399,0.1219,0.1061,0.0953,0.0865,0.075,0.0695,0.0493,0.053,0.0383,0.0403,0.0364,0.0209,0.018,0.0172,0.0158,0.0129,0.0122,0.0111,0.0109,-0.0003,-0.0031
M21,4.55,9.37,0.2248,0.2515,0.2681,0.2803,0.3059,0.3149,0.3302,0.3256,0.3376,0.3431,0.3376,0.3484,0.3471,0.346,0.3409,0.3404,0.3347,0.3394,0.3435,0.3409,0.3441,0.3495,0.3594,0.3624,0.3601,0.3685,0.3699,0.3806,0.387,0.3924,0.3938,0.3971,0.4042,0.4156,0.4207,0.4265,0.4342,0.4447,0.4543,0.4604,0.4724,0.4746,0.4851,0.4895,0.5082,0.5121,0.5164,0.5283,0.5316,0.5272,0.5339,0.5383,0.5335,0.5242,0.5356,0.5154,0.5113,0.5052,0.4888,0.4792,0.4582,0.4438,0.4264,0.4079,0.3866,0.37,0.3461,0.3361,0.3026,0.2889,0.2699,0.2472,0.2311,0.2122,0.1922,0.1744,0.1513,0.1459,0.1298,0.1214,0.1015,0.0968,0.0819,0.0692,0.0638,0.0563,0.0444,0.039,0.0392,0.0244,0.0311,0.0207,0.0212,0.0188,0.0111,0.0117,0.0016,0.0049,0.0068,0.0131,0.0024
M22,14.08,8.7,0.4101,0.4548,0.5008,0.5359,0.5707,0.6114,0.6465,0.6865,0.7023,0.7406,0.7662,0.7924,0.8157,0.8413,0.8648,0.8764,0.9061,0.9092,0.9363,0.9494,0.972,0.9681,0.9813,0.9878,0.9943,0.9943,0.9931,0.9835,0.9826,0.97,0.9563,0.944,0.9299,0.9131,0.8929,0.8779,0.8495,0.8489,0.8215,0.805,0.7842,0.7687,0.756,0.7406,0.7218,0.7143,0.6889,0.6733,0.67,0.6573,0.6415,0.6372,0.6233,0.6042,0.5936,0.5811,0.5737,0.5573,0.5359,0.5312,0.5144,0.4894,0.4771,0.4659,0.4394,0.4252,0.4026,0.3821,0.3763,0.3451,0.3303,0.3085,0.2893,0.2632,0.2578,0.2329,0.2213,0.1989,0.1805,0.1652,0.1415,0.1335,0.1175,0.1149,0.0932,0.08,0.0698,0.0615,0.0536,0.0525,0.0419,0.034,0.0273,0.0244,0.0273,0.0204,0.013,0.0157,0.0117,0.0026,0.0033
M23,11.26,3.12,0.2703,0.3074,0.3296,0.3617,0.3919,0.4221,0.4528,0.4783,0.5033,0.5359,0.5553,0.5895,0.6166,0.6302,0.6524,0.68,0.6951,0.7099,0.7302,0.7508,0.7533,0.7632,0.7679,0.77,0.7724,0.7689,0.7603,0.751,0.74,0.7294,0.7159,0.7034,0.6835,0.6574,0.64,0.615,0.59,0.5665,0.5445,0.5312,0.5057,0.4779,0.4587,0.4296,0.4207,0.4,0.3832,0.3623,0.3464,0.3391,0.3301,0.3125,0.3042,0.2909,0.291,0.2694,0.2732,0.2599,0.2523,0.2462,0.2365,0.2346,0.2157,0.2156,0.2113,0.2066,0.1955,0.1939,0.1803,0.178,0.1728,0.1612,0.1588,0.1412,0.14,0.1342,0.1277,0.1152,0.1044,0.0988,0.0852,0.0757,0.0695,0.0619,0.0607,0.0503,0.0551,0.0452,0.0342,0.0306,0.0249,0.0233,0.0257,0.0089,0.0083,0.0152,0.008,0.0079,0.0073,0.0042,0.0019
M24,11.76,6.55,0.3295,0.3634,0.4024,0.4337,0.4667,0.4978,0.5296,0.5561,0.5909,0.6086,0.6295,0.6507,0.6769,0.693,0.713,0.7349,0.7533,0.7627,0.7798,0.7987,0.8025,0.8078,0.8186,0.8209,0.8312,0.8259,0.8165,0.8178,0.8104,0.7968,0.7944,0.7779,0.7672,0.749,0.7344,0.7221,0.691,0.6843,0.6618,0.6546,0.6333,0.6185,0.6028,0.5795,0.5755,0.5627,0.5485,0.5343,0.52,0.5158,0.4951,0.5005,0.4831,0.4704,0.4647,0.449,0.4372,0.4269,0.4169,0.4081,0.3939,0.3852,0.3695,0.3492,0.3406,0.3306,0.3157,0.3055,0.2847,0.2732,0.2573,0.2446,0.2256,0.2155,0.1962,0.1874,0.1692,0.1565,0.1549,0.1263,0.1168,0.1078,0.1011,0.087,0.0814,0.0619,0.059,0.0521,0.0521,0.0356,0.0339,0.0242,0.0221,0.0155,0.0126,0.0232,0.0091,0.0138,0.0032,0.0089,0.0074
M25,13.12,6.28,0.3434,0.3763,0.4216,0.4629,0.4929,0.5258,0.5564,0.5816,0.6156,0.6469,0.6708,0.7057,0.7255,0.7429,0.7808,0.7991,0.8152,0.8365,0.8568,0.8625,0.875,0.8902,0.8916,0.8994,0.8975,0.903,0.8952,0.8998,0.882,0.8651,0.8591,0.8419,0.8183,0.7987,0.7843,0.7643,0.7511,0.7189,0.7006,0.6825,0.651,0.6365,0.6168,0.5976,0.5871,0.5627,0.5481,0.5424,0.5224,0.5141,0.4967,0.4763,0.4795,0.4569,0.4517,0.4385,0.4251,0.4241,0.3983,0.3981,0.3898,0.3746,0.3574,0.3437,0.3344,0.3258,0.3046,0.2972,0.2754,0.2607,0.2534,0.2368,0.2177,0.2064,0.1861,0.1721,0.1642,0.1498,0.1338,0.123,0.1132,0.097,0.0966,0.0757,0.069,0.0581,0.0461,0.0399,0.0333,0.0279,0.0281,0.0108,0.0028,0.0025,0.0067,0.0072,-0.0109,0.0025,-0.0061,-0.0064,-0.0055
M26,15.14,3.74,0.3673,0.4037,0.4437,0.4856,0.5302,0.5605,0.6042,0.6303,0.673,0.7124,0.7508,0.7784,0.8203,0.8481,0.8788,0.9066,0.9363,0.9603,0.9787,0.9979,1.0141,1.0212,1.0358,1.034,1.0366,1.0338,1.0153,1.0185,0.9969,0.9824,0.9612,0.9326,0.9103,0.8793,0.8463,0.8315,0.7917,0.7532,0.7277,0.7008,0.6612,0.637,0.6048,0.577,0.5459,0.5139,0.4982,0.4713,0.4578,0.4398,0.4152,0.4034,0.3724,0.3683,0.361,0.3456,0.3345,0.3238,0.3173,0.3151,0.3015,0.2975,0.285,0.2822,0.266,0.2653,0.258,0.2513,0.2425,0.2335,0.2207,0.2151,0.1969,0.1945,0.1795,0.1681,0.1607,0.1477,0.1356,0.1168,0.1179,0.1107,0.1024,0.0933,0.0828,0.0678,0.0715,0.0579,0.0513,0.0424,0.0413,0.0334,0.027,0.0154,0.0261,0.0153,0.008,0.0109,0.0078,0.0065,0.0084
M27,11.05,6.33,0.3239,0.3509,0.3809,0.419,0.4288,0.4733,0.5125,0.5329,0.5557,0.5769,0.6017,0.6243,0.6443,0.6539,0.6826,0.6964,0.708,0.7348,0.7484,0.7522,0.7639,0.7763,0.7783,0.7791,0.7878,0.7732,0.7807,0.7744,0.7664,0.7619,0.7423,0.7369,0.7234,0.7165,0.6953,0.6829,0.6636,0.6437,0.6366,0.6235,0.6069,0.5839,0.5746,0.5726,0.5507,0.5434,0.5263,0.5197,0.5047,0.497,0.4845,0.4717,0.4648,0.4507,0.4494,0.4415,0.4308,0.4216,0.4061,0.4011,0.3818,0.3728,0.358,0.3442,0.334,0.3157,0.3093,0.2929,0.2773,0.2686,0.256,0.2348,0.2242,0.2033,0.1922,0.1723,0.1699,0.1536,0.1457,0.1276,0.1141,0.1093,0.0975,0.0881,0.068,0.0679,0.0613,0.0505,0.05,0.0353,0.0361,0.026,0.0261,0.0233,0.0249,0.0223,0.0178,0.0159,0.009,0.0124,0.0182
M28,6.5,4.68,0.1944,0.2119,0.2341,0.2517,0.2719,0.28,0.3133,0.3232,0.3372,0.3471,0.3602,0.358,0.3833,0.3891,0.397,0.4091,0.4094,0.4249,0.4352,0.4323,0.4417,0.4517,0.4531,0.4542,0.4592,0.4633,0.46,0.4585,0.4475,0.4464,0.4451,0.4372,0.4464,0.4215,0.4294,0.4096,0.4044,0.397,0.3959,0.3944,0.3837,0.3697,0.3735,0.3628,0.3538,0.3525,0.3491,0.3465,0.3368,0.3298,0.3261,0.3223,0.3166,0.3058,0.3094,0.298,0.2897,0.284,0.2705,0.2688,0.2594,0.2542,0.2468,0.2365,0.2265,0.2167,0.2059,0.1968,0.1785,0.1664,0.1661,0.1501,0.1379,0.1339,0.1243,0.1193,0.1034,0.0894,0.09,0.0764,0.0695,0.0666,0.0556,0.0467,0.0439,0.0383,0.0303,0.0352,0.0294,0.0101,0.0161,0.0104,0.012,0.0046,0.0082,0.0033,0.0053,0.0029,0.0078,-0.003,0.0044
M29,7.33,3.94,0.217,0.2319,0.2677,0.2725,0.2965,0.3154,0.3394,0.3515,0.3656,0.3889,0.4137,0.418,0.4279,0.4447,0.4531,0.4663,0.4735,0.4791,0.4967,0.5037,0.5099,0.5127,0.5153,0.5244,0.5307,0.5291,0.5188,0.5148,0.5134,0.5067,0.495,0.4855,0.4773,0.4671,0.4652,0.447,0.4472,0.4257,0.4203,0.4138,0.3926,0.3912,0.3802,0.3692,0.3596,0.3509,0.337,0.3331,0.3294,0.3189,0.3183,0.3064,0.3058,0.2981,0.2969,0.2864,0.2735,0.2709,0.2624,0.2573,0.2523,0.247,0.2407,0.2318,0.2213,0.2102,0.1969,0.1907,0.1777,0.1766,0.1661,0.1615,0.1475,0.1402,0.1322,0.1236,0.1142,0.1099,0.095,0.0848,0.0862,0.0735,0.0674,0.0636,0.0559,0.0546,0.0517,0.0476,0.0407,0.0316,0.0281,0.0295,0.0308,0.026,0.0184,0.017,0.0139,0.0204,0.0184,0.0139,0.0133
M30,11.53,4.33,0.3062,0.3389,0.3628,0.396,0.4301,0.4596,0.4925,0.524,0.5514,0.5755,0.601,0.6245,0.6435,0.6754,0.688,0.6979,0.7244,0.7457,0.7687,0.7687,0.7762,0.7916,0.8005,0.8052,0.8006,0.8068,0.8031,0.7901,0.7886,0.7705,0.7521,0.7312,0.724,0.7033,0.6809,0.6703,0.6428,0.6204,0.6011,0.5771,0.5516,0.5339,0.527,0.5088,0.4812,0.4664,0.45,0.4332,0.4239,0.4066,0.3874,0.3895,0.3786,0.3695,0.356,0.3438,0.3358,0.329,0.3193,0.3214,0.3025,0.2921,0.2858,0.281,0.2627,0.2588,0.2493,0.2335,0.2304,0.2198,0.2147,0.2076,0.1864,0.1759,0.1739,0.1547,0.149,0.1413,0.1231,0.1133,0.1112,0.0944,0.093,0.0799,0.0727,0.0649,0.0624,0.0519,0.0461,0.0463,0.0379,0.0271,0.0214,0.024,0.025,0.019,0.0216,0.0152,0.0086,0.0122,0.0136
M31,9.78,4.13,0.2552,0.2853,0.317,0.3377,0.3626,0.3915,0.4157,0.4416,0.4638,0.4886,0.5063,0.5268,0.5435,0.5633,0.582,0.594,0.6198,0.6262,0.6353,0.656,0.6565,0.6758,0.6662,0.6794,0.6761,0.6808,0.6741,0.6714,0.6554,0.6616,0.6378,0.6283,0.6112,0.5998,0.5858,0.5666,0.5456,0.5312,0.5204,0.4967,0.48,0.4674,0.4493,0.4318,0.4299,0.4139,0.3936,0.3785,0.3759,0.3552,0.3448,0.3436,0.3361,0.3161,0.3139,0.3056,0.2991,0.2938,0.2889,0.2854,0.2743,0.2618,0.2526,0.2411,0.2399,0.2272,0.2145,0.2136,0.2068,0.1924,0.1848,0.1698,0.1581,0.1489,0.1427,0.1365,0.1311,0.1191,0.1088,0.1059,0.0875,0.0819,0.0743,0.0618,0.0551,0.0486,0.0425,0.0354,0.0385,0.0243,0.0248,0.022,0.0134,0.0108,0.0148,0.0121,0.0069,0.0065,-0.0009,0.0019,0.0014
M32,15.14,5.29,0.3941,0.434,0.4716,0.5127,0.5617,0.5949,0.6342,0.6787,0.7131,0.7478,0.7813,0.8108,0.8364,0.8763,0.8981,0.9233,0.9525,0.9736,0.9957,1.0131,1.0301,1.0356,1.0449,1.0558,1.059,1.056,1.05,1.0353,1.021,1.0056,0.9866,0.9605,0.9354,0.9146,0.8949,0.8583,0.8282,0.7959,0.7721,0.7463,0.7227,0.6888,0.6679,0.6419,0.6147,0.5981,0.5776,0.551,0.5308,0.5168,0.5016,0.4823,0.4752,0.465,0.444,0.4343,0.4246,0.4088,0.403,0.3854,0.378,0.3662,0.3577,0.3472,0.3404,0.3234,0.3144,0.2989,0.2926,0.2772,0.2616,0.2529,0.2377,0.2244,0.2095,0.1933,0.1876,0.1804,0.169,0.1547,0.1398,0.1259,0.1073,0.1017,0.093,0.08,0.0764,0.0695,0.0622,0.0535,0.0477,0.0452,0.0399,0.0256,0.0306,0.0311,0.0247,0.025,0.0251,0.0144,0.0128
M33,4.22,4.77,0.157,0.1739,0.1915,0.2007,0.2196,0.2283,0.2389,0.2503,0.253,0.2559,0.2598,0.2746,0.2788,0.2725,0.2871,0.2897,0.2989,0.2939,0.3035,0.3001,0.3027,0.3075,0.3162,0.3218,0.3134,0.3163,0.3156,0.3196,0.3258,0.3212,0.3199,0.3172,0.3163,0.3139,0.3125,0.3179,0.3138,0.3165,0.3135,0.3113,0.3106,0.3042,0.3109,0.3082,0.3096,0.3061,0.313,0.313,0.3057,0.3032,0.3076,0.2993,0.3018,0.2954,0.2919,0.2862,0.2905,0.2717,0.2649,0.2577,0.2601,0.2477,0.2369,0.2263,0.2234,0.2138,0.1961,0.1965,0.1772,0.1706,0.1579,0.1435,0.1368,0.1216,0.1114,0.0971,0.0921,0.0971,0.0811,0.0752,0.0708,0.0605,0.0596,0.0479,0.0348,0.0441,0.0337,0.0301,0.0315,0.0159,0.02,0.0105,0.0154,0.0161,0.0114,0.0098,0.011,0.0157,0.0116,0.0094,0.0028
M34,7.07,4.49,0.1923,0.2229,0.2424,0.2634,0.2798,0.3014,0.318,0.3362,0.3527,0.3698,0.3763,0.3974,0.4064,0.4097,0.4284,0.4357,0.4447,0.4591,0.4613,0.4672,0.4805,0.4818,0.4814,0.4906,0.4864,0.4878,0.4924,0.4823,0.4808,0.4802,0.4781,0.4591,0.4558,0.4491,0.4514,0.4321,0.4175,0.4225,0.4069,0.3968,0.3871,0.3866,0.3695,0.3671,0.3557,0.3532,0.3498,0.3363,0.3347,0.3303,0.324,0.3134,0.305,0.2971,0.2974,0.2877,0.2825,0.2849,0.2725,0.2554,0.2515,0.2427,0.2319,0.2246,0.2208,0.2134,0.1977,0.1893,0.1824,0.1744,0.1547,0.1514,0.1354,0.1262,0.1183,0.1031,0.1073,0.0901,0.0785,0.0702,0.0736,0.0556,0.045,0.0413,0.0403,0.0301,0.0315,0.0116,0.0158,0.0199,0.0164,0.012,0.0105,0.0006,0.0046,-0.0047,-0.0016,-0.0063,-0.0028,-0.0094,-0.0063
M35,6.8,6.81,0.2327,0.2567,0.2777,0.3006,0.3202,0.34,0.3608,0.3826,0.3825,0.3956,0.4089,0.4203,0.4224,0.4293,0.4413,0.4488,0.4506,0.457,0.4668,0.4673,0.4788,0.4802,0.4916,0.4958,0.5029,0.5099,0.5031,0.5002,0.4972,0.4974,0.4977,0.4968,0.4956,0.4821,0.4818,0.4848,0.4751,0.4738,0.4688,0.4632,0.4599,0.4578,0.4527,0.4613,0.4586,0.4539,0.4511,0.4476,0.4491,0.436,0.4376,0.433,0.4241,0.4268,0.4164,0.404,0.4057,0.3997,0.3808,0.3778,0.3659,0.3441,0.3422,0.3253,0.3161,0.2931,0.2812,0.2724,0.2576,0.2331,0.2289,0.2105,0.194,0.1753,0.1671,0.1476,0.1379,0.1259,0.1153,0.0991,0.0929,0.0848,0.0661,0.0639,0.0576,0.0484,0.0352,0.0366,0.038,0.0229,0.0283,0.0172,0.0223,0.0143,0.0079,0.0037,0.0047,0.008,0.008,0.0058,-0.0063
M36,7.54,8.27,0.2673,0.2992,0.3156,0.3421,0.3672,0.3886,0.4125,0.4221,0.4408,0.4457,0.4548,0.4667,0.467,0.48,0.4918,0.4955,0.5048,0.5101,0.5109,0.5198,0.5314,0.534,0.5393,0.538,0.5492,0.55,0.5569,0.554,0.561,0.5554,0.5639,0.5628,0.5586,0.5458,0.5486,0.5522,0.5448,0.5401,0.5391,0.5373,0.537,0.5273,0.533,0.5389,0.536,0.535,0.5255,0.5211,0.5238,0.528,0.5177,0.5199,0.5052,0.5035,0.5037,0.4858,0.4763,0.4717,0.4561,0.4417,0.4256,0.4167,0.4003,0.3819,0.3688,0.3525,0.3275,0.3189,0.2956,0.2819,0.2575,0.2396,0.226,0.2125,0.1929,0.173,0.16,0.1388,0.1292,0.1112,0.0986,0.0979,0.0765,0.0693,0.0622,0.0575,0.0419,0.0403,0.0326,0.0287,0.0256,0.014,0.012,0.0062,0.0082,0.0154,0.0054,0.0089,0.0054,0.0005,0.0058
M37,6.86,8.93,0.2587,0.2868,0.3127,0.3399,0.3647,0.3773,0.3993,0.4115,0.4211,0.4302,0.434,0.4438,0.4506,0.4558,0.4607,0.4625,0.4712,0.4716,0.4804,0.4837,0.4932,0.4932,0.5033,0.5068,0.5076,0.5087,0.5143,0.5214,0.5224,0.527,0.5289,0.5298,0.5261,0.5258,0.5242,0.5221,0.5292,0.5347,0.5327,0.536,0.54,0.5341,0.5402,0.5352,0.5407,0.5471,0.5437,0.5384,0.5397,0.5431,0.5472,0.5356,0.5356,0.5232,0.5202,0.5107,0.5064,0.498,0.4858,0.4742,0.4516,0.4425,0.4183,0.4044,0.3793,0.3693,0.3424,0.3335,0.3051,0.2903,0.2739,0.2528,0.2361,0.213,0.2,0.1731,0.1666,0.1525,0.1323,0.1148,0.1032,0.0868,0.0845,0.0692,0.0654,0.0467,0.046,0.0391,0.0326,0.0322,0.0228,0.0151,0.0148,0.0154,0.0078,0.0098,0.0033,-0.0011,0.0043,-0.0026,-0.0044
M38,15.82,7.0,0.4236,0.4653,0.5133,0.552,0.5998,0.6444,0.6945,0.7158,0.7551,0.7975,0.8289,0.8608,0.8861,0.928,0.9534,0.9755,0.9923,1.0215,1.0381,1.0578,1.0794,1.0936,1.0967,1.105,1.107,1.1045,1.096,1.0897,1.0819,1.0651,1.0461,1.0276,1.0072,0.9833,0.9516,0.9267,0.908,0.8757,0.8478,0.821,0.796,0.775,0.7488,0.7265,0.7043,0.6847,0.6706,0.6505,0.6241,0.5998,0.5917,0.5713,0.5627,0.5459,0.5337,0.5238,0.5061,0.4903,0.484,0.4727,0.4616,0.4503,0.4319,0.4126,0.4014,0.3841,0.3729,0.3577,0.342,0.3266,0.3065,0.2978,0.2735,0.2612,0.2392,0.2206,0.2111,0.192,0.1805,0.1729,0.1521,0.1386,0.1224,0.1147,0.1044,0.0954,0.0855,0.0722,0.068,0.0536,0.0499,0.0432,0.042,0.0333,0.0263,0.0198,0.0176,0.0139,0.0216,0.0184,0.0113
M39,9.65,9.25,0.323,0.3609,0.3963,0.4134,0.449,0.4821,0.5065,0.5303,0.5399,0.56,0.5742,0.5878,0.6002,0.6113,0.6238,0.6275,0.6419,0.6448,0.6621,0.6672,0.6743,0.6928,0.6919,0.6967,0.6984,0.6971,0.7082,0.7099,0.7029,0.7026,0.696,0.6956,0.6896,0.6883,0.6856,0.6747,0.6674,0.661,0.6496,0.6521,0.6486,0.6433,0.6398,0.6277,0.6341,0.6257,0.6178,0.6182,0.6146,0.6121,0.5981,0.598,0.5864,0.5821,0.5715,0.5635,0.5521,0.5421,0.5306,0.5134,0.4996,0.4827,0.4655,0.448,0.4228,0.4022,0.3833,0.365,0.3415,0.3238,0.3051,0.2826,0.2712,0.2462,0.2272,0.2051,0.197,0.179,0.154,0.1423,0.1319,0.1222,0.1072,0.0909,0.0801,0.0754,0.0634,0.0498,0.0481,0.034,0.0322,0.033,0.0227,0.0172,0.0206,0.0126,0.0158,0.012,0.0032,0.0018,0.0056
M40,8.8,7.93,0.2823,0.3137,0.3359,0.3683,0.3967,0.42,0.4357,0.4612,0.4713,0.4889,0.5118,0.5118,0.5284,0.5353,0.5505,0.5593,0.5623,0.5796,0.586,0.5997,0.6063,0.6032,0.6178,0.6201,0.6272,0.6285,0.6291,0.6304,0.6257,0.6263,0.622,0.6131,0.6077,0.599,0.6014,0.5938,0.5811,0.581,0.5696,0.57,0.5668,0.5579,0.5575,0.5417,0.5431,0.5331,0.5273,0.5359,0.5237,0.516,0.5206,0.5083,0.501,0.5019,0.481,0.4808,0.4659,0.4515,0.444,0.4295,0.4226,0.4057,0.3956,0.3852,0.3658,0.3407,0.3282,0.3036,0.2851,0.2727,0.2584,0.2385,0.2232,0.2025,0.1883,0.1708,0.1582,0.1444,0.1244,0.1157,0.0997,0.0875,0.0836,0.0731,0.0598,0.0505,0.0467,0.028,0.0315,0.0259,0.0108,0.0101,0.0122,0.0111,0.0035,-0.0005,-0.0033,0.0011,-0.0054,-0.0033,0.0006
