compound,logP,sigma,MR,HBD,MW,TPSA,basic_amine,assay_pIC50
V0001,0.67,0.5,31.9,5,293.2,41.0,0,3.58
V0002,1.12,0.3,49.6,5,393.0,28.1,1,4.09
V0003,1.16,-0.36,67.3,2,451.9,22.2,0,4.41
V0004,1.47,0.77,20.4,4,225.7,38.7,1,4.93
V0005,0.56,0.32,57.2,3,439.0,58.7,1,4.41
V0006,2.6,-0.34,20.1,1,243.0,93.2,1,5.37
V0007,5.77,-0.01,69.7,1,455.5,132.9,0,4.59
V0008,-0.38,0.85,48.6,4,366.6,98.3,1,2.63
V0009,0.88,0.79,37.3,1,373.2,125.5,0,5.3
V0010,0.53,0.14,66.8,2,431.9,62.0,0,3.87
V0011,0.42,0.2,63.6,1,407.1,112.0,0,4.78
V0012,1.35,-0.16,56.2,2,395.6,73.9,1,4.96
V0013,0.62,0.42,68.0,5,452.7,109.6,0,3.66
V0014,4.37,-0.2,69.3,1,463.5,56.1,0,5.47
V0015,6.02,0.73,25.8,5,280.8,58.9,0,3.87
V0016,0.79,0.21,54.7,0,375.2,59.7,1,4.96
V0017,3.29,-0.04,71.7,1,454.1,77.2,0,5.64
V0018,6.15,-0.18,36.3,0,396.9,132.3,0,3.45
V0019,6.44,-0.18,73.5,0,484.1,89.7,0,3.08
V0020,3.71,0.3,23.8,3,285.2,142.4,1,5.13
V0021,5.88,0.89,52.8,2,423.3,147.1,1,5.59
V0022,2.92,-0.05,51.6,5,412.6,55.0,1,4.6
V0023,0.3,0.74,37.5,4,356.8,148.7,0,3.23
V0024,5.62,-0.35,40.9,5,375.0,118.1,1,3.9
V0025,2.13,0.09,49.1,1,400.2,82.4,0,5.94
V0026,4.51,0.83,25.4,2,304.8,99.0,0,6.16
V0027,1.93,0.66,65.7,2,472.7,38.6,1,6.12
V0028,4.57,-0.36,38.6,0,367.7,59.5,0,5.29
V0029,6.47,0.11,47.6,3,359.4,148.6,0,3.08
V0030,5.66,0.63,16.1,4,234.2,94.3,0,4.76
V0031,2.44,0.07,17.3,0,248.5,78.3,0,5.6
V0032,-0.39,-0.3,70.2,0,472.7,95.8,1,2.14
V0033,3.67,0.89,63.3,0,448.0,76.9,0,6.83
V0034,0.8,-0.28,65.2,5,470.7,128.4,0,3.79
V0035,4.24,0.2,17.1,4,263.8,27.4,1,4.86
V0036,5.0,0.4,70.7,2,464.8,99.1,1,4.97
V0037,6.61,0.42,53.9,1,411.9,80.7,0,4.25
V0038,3.9,0.1,60.7,0,438.8,24.0,1,6.32
V0039,0.76,-0.27,44.4,3,345.8,80.4,0,3.84
V0040,6.07,-0.02,60.4,2,455.4,66.1,0,4.07
V0041,1.98,0.81,16.2,5,247.9,94.0,0,4.92
V0042,5.87,0.63,24.0,2,255.8,115.4,1,4.14
V0043,4.82,0.39,29.5,4,275.3,80.8,1,5.0
V0044,4.89,-0.3,44.5,2,373.0,121.8,1,4.89
V0045,4.5,0.67,57.6,1,419.6,31.4,0,6.49
V0046,3.81,0.88,27.5,5,287.7,129.1,1,5.19
V0047,5.67,0.85,47.3,1,352.0,140.3,0,6.08
V0048,5.93,-0.08,56.2,4,412.8,116.9,0,3.53
V0049,5.84,0.43,68.5,1,530.6,125.0,1,5.13
V0050,6.41,0.82,35.9,5,346.7,57.0,0,2.86
V0051,4.16,0.2,74.3,2,526.8,104.9,1,5.31
V0052,4.82,0.84,25.5,3,280.7,109.0,0,4.97
V0053,4.91,0.85,29.4,4,296.4,76.5,0,5.48
V0054,5.97,0.43,74.6,2,507.2,137.5,0,4.05
V0055,5.47,-0.05,36.6,3,320.3,107.5,1,4.81
V0056,3.94,0.16,56.7,1,405.5,69.5,1,6.1
V0057,0.26,-0.36,36.1,5,379.5,37.8,1,2.16
V0058,5.35,-0.03,70.1,2,505.6,27.9,0,4.82
V0059,4.65,0.02,42.2,4,351.1,40.6,1,5.01
V0060,6.21,0.44,16.8,4,269.6,95.5,0,2.99
V0061,2.95,0.37,63.1,3,448.9,59.5,0,5.89
V0062,0.1,0.28,42.1,5,381.2,38.4,1,3.04
V0063,5.92,-0.31,33.0,5,326.2,26.0,0,3.26
V0064,3.29,0.82,61.5,0,425.2,125.1,1,7.2
V0065,5.79,0.25,28.7,3,323.8,137.9,0,4.06
V0066,3.76,0.27,42.1,3,317.5,95.6,0,5.76
V0067,2.7,-0.37,28.7,0,316.5,77.2,0,5.58
V0068,3.5,-0.08,69.4,0,448.1,37.1,1,5.84
V0069,2.29,0.74,70.1,0,492.0,72.6,1,6.28
V0070,0.97,-0.38,19.7,5,230.6,41.2,1,3.07
V0071,2.91,0.26,39.0,1,361.2,80.8,0,5.63
V0072,-0.39,0.81,23.6,4,262.2,141.5,1,1.83
V0073,6.94,0.32,33.0,0,341.4,47.3,1,3.27
V0074,-0.32,-0.29,47.8,0,357.8,56.4,0,3.03
V0075,5.76,0.53,31.8,2,302.6,105.6,0,4.74
V0076,2.55,0.77,73.1,0,445.3,84.4,0,6.61
V0077,0.74,0.89,43.6,4,374.1,61.4,1,4.57
V0078,4.87,0.07,56.0,5,429.6,20.9,0,4.52
V0079,4.78,0.14,30.3,3,304.9,137.4,1,4.88
V0080,5.05,0.41,34.5,0,306.3,49.1,0,5.61
V0081,4.83,0.85,27.2,2,303.4,91.6,1,5.98
V0082,4.1,-0.24,29.4,4,304.9,89.6,1,4.13
V0083,-0.06,0.73,44.3,4,353.9,77.6,1,2.73
V0084,1.56,-0.29,25.1,3,274.8,59.7,0,4.21
V0085,6.25,-0.26,16.0,1,230.2,126.0,0,3.61
V0086,0.02,-0.26,67.7,4,445.9,21.4,0,2.64
V0087,6.92,0.8,45.4,5,357.3,45.1,0,2.97
V0088,3.22,0.47,30.6,3,283.9,88.4,0,5.68
V0089,3.5,0.49,70.1,5,466.8,147.8,0,4.89
V0090,6.68,0.43,65.1,0,468.6,127.6,0,3.93
V0091,2.47,0.21,55.6,1,410.8,25.7,0,6.39
V0092,1.49,-0.1,54.4,5,440.9,117.0,0,3.92
V0093,3.48,0.18,24.4,2,316.9,142.3,1,5.66
V0094,5.51,-0.06,48.1,5,384.4,117.9,0,3.55
V0095,0.05,-0.09,44.7,3,367.3,122.8,0,2.81
V0096,4.0,0.61,72.1,3,481.0,68.0,0,5.5
V0097,2.97,0.45,33.4,0,303.4,120.7,0,6.86
V0098,4.19,0.42,66.3,1,493.6,112.6,1,5.96
V0099,4.17,-0.3,65.2,1,449.3,62.9,0,5.42
V0100,2.4,0.7,23.6,2,272.5,142.2,0,5.47
V0101,3.3,0.49,62.4,0,474.6,50.1,0,6.54
V0102,0.99,0.85,41.6,2,341.7,117.1,0,4.78
V0103,5.49,0.8,69.0,4,494.1,105.2,0,4.75
V0104,2.39,0.28,40.0,0,363.9,100.6,1,6.43
V0105,2.31,0.73,69.9,3,484.7,134.5,0,5.68
V0106,0.2,0.86,34.5,2,340.6,89.5,1,3.65
V0107,6.58,0.08,30.0,0,311.7,117.0,0,3.91
V0108,4.09,0.26,67.8,2,446.5,129.2,0,5.81
V0109,0.35,0.05,57.7,0,414.0,138.7,0,4.34
V0110,6.95,0.16,15.9,0,232.4,120.0,0,2.14
V0111,-0.2,0.74,45.1,2,347.7,79.4,1,3.61
V0112,2.96,0.82,54.5,2,481.1,126.1,0,6.72
V0113,0.08,-0.02,22.8,4,306.7,33.1,1,1.71
V0114,4.49,0.59,68.5,1,433.8,21.8,1,6.04
V0115,1.09,0.05,15.3,0,240.0,59.7,0,4.29
V0116,2.03,0.59,53.2,1,389.3,29.7,0,5.69
V0117,5.24,0.73,23.4,0,261.2,95.3,0,5.87
V0118,6.3,-0.31,45.4,4,408.9,143.9,0,3.41
V0119,0.42,0.22,49.7,2,434.5,48.4,1,4.19
V0120,1.83,0.86,66.4,0,455.2,31.7,1,6.18
V0121,4.48,0.34,34.4,5,337.7,41.7,0,4.94
V0122,4.42,0.19,73.5,4,501.5,138.1,1,4.47
V0123,0.29,0.08,63.0,2,440.5,116.1,0,3.47
V0124,0.69,0.49,31.9,0,332.2,30.0,1,4.94
V0125,3.74,-0.01,22.8,3,269.2,142.0,0,5.2
V0126,1.47,0.01,64.3,0,461.3,40.1,0,5.22
V0127,2.95,-0.04,36.9,1,312.6,147.3,0,5.73
V0128,1.23,-0.18,40.6,0,331.6,85.3,0,4.99
V0129,5.67,0.63,36.2,1,324.8,82.0,0,6.08
V0130,5.07,0.87,53.5,4,346.8,118.6,1,5.61
V0131,6.63,0.58,55.7,1,405.4,140.4,0,3.75
V0132,1.17,-0.29,18.5,4,254.2,75.6,1,3.85
V0133,5.8,0.19,42.5,2,408.6,37.5,0,4.89
V0134,5.59,-0.1,35.0,0,314.4,50.3,0,4.8
V0135,-0.34,-0.06,71.6,3,466.8,95.6,1,2.35
V0136,3.44,-0.2,33.0,0,296.4,30.9,0,5.88
V0137,0.98,0.04,23.4,2,308.5,81.3,1,4.11
V0138,3.11,0.38,68.6,2,438.3,121.5,0,5.62
V0139,1.3,0.66,18.4,2,230.2,121.9,1,5.04
V0140,4.27,0.21,47.6,5,400.9,112.0,1,5.23
V0141,4.25,0.26,37.5,2,327.2,93.7,1,5.27
V0142,0.27,0.04,61.1,1,470.1,62.1,0,4.01
V0143,3.35,-0.38,60.7,3,490.1,127.7,0,4.93
V0144,3.43,0.09,62.8,2,397.0,79.8,1,5.47
V0145,2.21,0.57,41.6,1,333.0,116.9,0,6.15
V0146,-0.01,0.38,22.9,2,285.0,121.8,1,3.14
V0147,5.08,0.48,20.1,0,215.2,43.4,1,6.07
V0148,2.63,0.7,70.6,0,506.9,108.3,0,6.29
V0149,-0.37,-0.23,41.4,0,330.4,89.1,0,2.08
V0150,6.94,0.83,16.5,1,244.4,40.6,1,3.37
V0151,3.87,0.71,65.9,5,484.7,76.4,1,5.5
V0152,1.62,-0.13,26.3,1,273.2,65.3,1,4.8
V0153,-0.11,0.32,57.2,0,433.5,57.5,0,3.41
V0154,0.48,-0.29,45.6,2,328.1,32.7,0,3.65
V0155,6.21,0.25,21.4,4,285.5,42.1,1,3.24
V0156,1.12,0.88,20.4,3,263.7,80.1,1,4.81
V0157,4.26,0.32,50.3,0,387.4,100.4,0,6.54
V0158,6.89,-0.11,43.9,3,331.4,21.6,1,2.38
V0159,1.35,0.58,62.6,0,457.0,75.7,0,6.1
V0160,1.37,0.62,42.3,2,370.0,117.9,0,5.06
V0161,4.37,0.19,39.4,0,327.8,42.1,0,6.09
V0162,5.82,0.46,42.0,5,327.9,144.0,1,3.52
V0163,2.6,0.14,44.3,0,399.5,85.4,0,6.0
V0164,0.61,-0.35,74.1,5,490.7,132.1,1,2.58
V0165,2.01,0.01,74.3,2,532.3,49.9,0,4.91
V0166,2.82,0.65,67.8,5,420.7,30.1,0,5.37
V0167,0.98,0.85,40.6,5,353.6,142.6,1,4.46
V0168,0.11,0.37,16.4,5,259.4,131.3,1,2.54
V0169,0.72,0.4,53.9,0,417.2,56.9,1,4.98
V0170,6.43,0.73,56.3,5,403.8,122.7,0,3.25
V0171,2.72,0.23,42.1,5,332.3,79.6,1,4.83
V0172,3.9,0.07,67.9,1,478.6,135.2,0,6.04
V0173,3.22,-0.38,24.9,5,277.3,45.7,0,4.65
V0174,0.41,-0.09,64.7,3,453.3,79.4,0,3.76
V0175,3.95,-0.29,74.4,3,488.2,100.1,0,4.43
V0176,1.12,0.01,43.1,5,410.5,121.6,0,3.84
V0177,5.91,-0.1,72.2,1,462.0,118.5,0,4.14
V0178,3.4,0.84,20.7,3,249.9,38.6,0,6.02
V0179,2.2,0.86,33.9,4,304.2,49.2,1,5.44
V0180,4.96,0.43,60.9,3,426.2,66.7,0,5.6
V0181,0.46,-0.19,30.7,1,304.9,34.7,1,3.55
V0182,5.78,0.31,48.9,0,415.2,55.0,0,5.66
V0183,5.21,-0.36,68.7,2,521.8,39.4,0,4.8
V0184,-0.1,0.62,39.6,5,319.7,23.6,0,2.57
V0185,6.03,0.69,72.7,0,488.6,84.9,1,4.93
V0186,4.07,0.55,56.7,3,407.2,37.3,0,6.13
V0187,3.0,0.05,67.3,4,446.8,137.0,0,4.68
V0188,3.01,-0.18,35.1,0,291.4,107.9,1,5.89
V0189,1.12,-0.18,40.5,1,354.8,131.1,0,4.88
V0190,5.37,0.22,66.9,1,476.3,65.8,0,5.1
V0191,5.93,-0.19,57.3,5,413.7,23.1,0,3.55
V0192,3.07,-0.25,58.9,5,492.0,53.4,1,5.1
V0193,1.54,0.83,63.9,0,453.1,25.6,1,6.04
V0194,2.96,0.12,60.8,5,429.5,30.0,1,4.7
V0195,4.33,0.72,67.2,3,430.5,86.2,1,5.93
V0196,4.91,-0.29,31.0,1,263.7,53.2,0,5.09
V0197,6.15,-0.2,20.7,1,200.6,38.3,1,3.53
V0198,2.64,0.65,15.6,3,252.7,27.6,1,5.53
V0199,0.54,0.78,16.0,0,266.6,20.7,0,4.62
V0200,-0.07,-0.32,63.4,0,445.8,133.4,0,3.04
V0201,2.85,-0.01,27.3,5,274.2,143.9,1,4.4
V0202,0.69,-0.02,35.5,1,328.4,31.6,0,4.3
V0203,0.25,0.49,39.2,2,336.8,98.1,1,3.38
V0204,4.04,-0.37,22.9,3,264.4,29.1,1,4.9
V0205,1.84,-0.37,31.2,4,307.5,112.8,0,4.46
V0206,5.65,0.61,46.6,4,338.8,46.5,0,5.1
V0207,6.91,0.68,30.9,5,309.1,114.1,1,1.31
V0208,2.64,-0.35,27.2,3,285.6,128.1,1,4.68
V0209,1.57,0.47,63.9,1,472.5,42.1,0,5.36
V0210,-0.2,0.33,17.7,0,282.0,43.8,1,2.81
V0211,4.82,-0.32,54.2,0,449.8,128.3,1,5.86
V0212,1.76,-0.36,52.7,4,388.4,39.9,0,4.46
V0213,6.79,0.29,67.6,4,459.5,106.4,0,2.57
V0214,0.91,0.73,18.0,5,329.7,87.9,0,3.53
V0215,3.38,-0.1,54.0,3,373.8,70.8,1,5.34
V0216,0.56,0.69,43.5,1,394.3,115.0,0,4.42
V0217,3.93,0.23,40.9,5,341.1,73.5,1,5.03
V0218,-0.28,0.0,69.7,0,490.0,71.9,1,2.84
V0219,-0.23,0.43,16.9,2,225.4,26.8,1,2.9
V0220,2.51,0.55,58.4,4,408.8,95.5,0,5.89
V0221,0.74,0.65,60.5,1,412.8,117.0,0,5.36
V0222,4.51,0.42,36.2,2,331.4,142.2,0,6.1
V0223,4.46,-0.05,29.0,4,308.3,61.8,1,4.75
V0224,1.0,-0.34,24.1,3,296.5,23.6,1,3.45
V0225,6.8,-0.03,56.5,3,439.1,59.6,0,2.44
V0226,6.14,0.82,64.9,2,473.2,120.6,0,5.54
V0227,3.28,0.16,46.1,4,354.8,29.5,0,5.51
V0228,6.5,0.64,21.9,3,267.1,20.4,0,3.86
V0229,0.79,0.19,48.2,5,415.0,135.2,0,3.7
V0230,0.97,-0.29,36.0,4,330.4,60.5,0,3.83
V0231,2.84,0.85,56.6,5,416.9,108.5,0,6.01
V0232,-0.31,-0.26,29.0,0,288.3,50.5,0,2.51
V0233,0.11,0.36,30.0,3,300.4,50.4,1,2.67
V0234,0.68,-0.06,51.9,5,441.1,118.8,0,3.17
V0235,6.92,0.47,19.1,3,301.4,114.6,0,2.89
V0236,6.11,0.59,22.9,5,309.3,121.6,1,3.5
V0237,6.25,0.69,17.0,4,259.1,115.4,0,3.16
V0238,0.73,0.14,67.7,1,481.1,128.0,0,4.14
V0239,4.17,0.79,72.0,2,470.1,41.3,1,6.08
V0240,5.91,0.05,23.6,2,274.6,92.1,1,3.58
V0241,3.79,0.71,16.9,2,234.0,128.6,1,5.87
V0242,-0.28,0.12,34.0,5,328.7,71.7,1,1.54
V0243,1.29,-0.08,57.8,3,442.1,76.1,1,4.28
V0244,4.39,-0.0,39.5,4,358.5,116.1,0,4.74
V0245,5.95,0.62,29.6,1,293.1,73.2,0,4.62
V0246,2.73,-0.18,58.0,0,457.6,68.8,0,5.46
V0247,2.42,0.83,43.6,3,352.8,109.4,1,5.44
V0248,3.22,0.52,30.3,5,301.5,143.8,0,5.21
V0249,4.01,0.16,74.6,5,514.6,105.1,1,4.39
V0250,3.68,-0.23,64.9,5,452.5,87.1,1,4.21
V0251,2.7,0.48,54.0,3,413.0,122.9,1,5.92
V0252,3.12,0.41,46.7,3,364.4,121.1,1,5.84
V0253,4.78,0.16,71.0,0,481.7,53.5,1,5.42
V0254,5.14,0.62,21.7,3,267.5,73.8,1,5.35
V0255,3.75,-0.19,54.2,1,433.1,72.3,0,6.02
V0256,-0.12,-0.15,38.0,4,356.5,125.6,1,2.03
V0257,5.32,0.79,26.6,5,283.8,51.6,1,4.54
V0258,-0.41,0.16,61.6,3,439.1,130.1,1,1.16
V0259,3.23,-0.19,21.9,2,269.2,39.4,0,5.43
V0260,5.27,-0.03,23.2,2,279.5,122.2,1,4.57
V0261,-0.34,-0.26,27.0,5,346.9,40.8,0,1.03
V0262,3.46,-0.31,63.4,0,437.5,50.8,0,5.91
V0263,4.7,-0.28,22.3,5,275.1,81.5,1,3.66
V0264,3.49,-0.23,21.4,5,303.2,93.7,0,4.46
V0265,5.43,0.04,62.0,1,445.8,26.3,0,5.48
V0266,0.24,0.58,49.2,0,412.8,20.5,0,4.12
V0267,4.53,0.29,28.7,1,297.2,102.9,0,5.41
V0268,5.22,0.09,23.3,1,256.3,145.8,1,5.07
V0269,0.51,-0.38,33.1,2,333.9,92.1,0,3.37
V0270,1.91,0.13,65.7,1,425.8,105.3,0,5.28
V0271,4.29,-0.15,37.5,1,315.8,82.9,0,5.89
V0272,4.27,0.47,67.7,5,439.1,59.2,0,5.21
V0273,0.55,-0.17,36.3,5,332.2,96.3,0,3.0
V0274,6.63,0.74,23.3,1,311.0,98.1,1,3.56
V0275,0.47,-0.17,25.3,0,261.7,135.1,1,4.1
V0276,1.9,-0.15,21.4,0,229.7,110.3,0,5.12
V0277,2.4,0.38,29.2,4,282.7,56.9,0,5.34
V0278,1.34,-0.11,40.0,3,344.2,143.0,1,4.62
V0279,2.15,0.56,20.4,3,255.7,135.6,1,5.32
V0280,2.55,0.35,33.3,3,316.2,108.8,0,5.24
V0281,5.68,0.4,56.8,5,408.3,116.3,1,4.26
V0282,4.36,0.53,59.8,5,427.7,44.7,0,5.0
V0283,1.6,0.42,32.4,5,301.3,111.7,1,4.7
V0284,6.85,0.47,62.4,2,480.5,41.7,1,2.96
V0285,2.62,-0.31,52.8,2,396.2,149.5,1,5.3
V0286,6.51,0.18,21.4,2,243.1,57.4,0,3.59
V0287,1.9,0.09,31.1,2,309.9,69.5,1,4.84
V0288,4.52,-0.06,46.7,5,365.7,114.8,0,4.76
V0289,1.95,0.6,43.9,1,342.9,72.4,1,6.26
V0290,0.11,0.26,35.8,0,308.6,110.5,0,3.65
V0291,1.34,0.48,37.9,3,326.3,138.3,1,4.25
V0292,3.89,0.5,72.2,0,486.3,126.9,0,6.36
V0293,1.4,0.74,31.9,4,285.4,140.3,1,4.79
V0294,1.22,0.81,17.4,5,287.1,87.7,0,4.33
V0295,5.27,0.08,43.5,2,357.5,88.1,1,5.01
V0296,3.89,0.3,21.9,0,252.8,44.9,0,6.01
V0297,6.72,0.32,29.7,2,276.9,139.5,1,2.51
V0298,1.8,0.51,47.0,3,360.3,36.0,1,5.7
V0299,2.93,0.47,20.6,2,280.0,25.1,0,5.8
V0300,1.03,0.67,37.2,0,352.5,119.1,0,5.29
V0301,-0.14,0.76,24.7,5,356.5,118.0,0,2.3
V0302,2.63,-0.19,69.1,0,466.6,84.6,1,4.98
V0303,6.01,0.33,33.4,0,309.3,93.1,0,4.88
V0304,5.18,-0.02,55.4,5,399.0,87.2,0,4.2
V0305,2.86,-0.32,19.4,5,248.9,71.3,1,4.38
V0306,0.77,-0.36,30.0,5,314.5,133.7,0,3.23
V0307,5.16,0.62,48.2,2,355.0,120.9,0,5.31
V0308,6.98,0.84,32.2,3,315.0,148.9,0,3.09
V0309,1.65,0.3,65.7,2,458.2,105.3,0,4.88
V0310,0.54,0.52,24.1,3,279.3,63.6,1,3.7
V0311,0.13,0.41,16.6,4,250.3,63.9,0,2.82
V0312,3.85,-0.3,59.7,5,416.8,122.5,1,4.9
V0313,0.98,0.49,27.7,0,278.6,97.8,1,4.98
V0314,-0.03,0.01,55.4,4,409.0,131.7,0,1.6
V0315,2.61,0.75,21.0,4,273.2,115.2,1,5.28
V0316,0.59,-0.22,16.1,1,197.5,78.3,1,3.82
V0317,1.14,0.48,42.2,5,374.6,98.0,0,4.2
V0318,2.3,-0.24,44.6,4,369.8,86.8,0,4.97
V0319,6.52,0.14,47.8,0,359.1,32.0,1,3.37
V0320,1.87,0.86,68.5,3,461.6,67.0,0,5.55
V0321,5.75,-0.25,45.1,4,417.2,127.0,1,4.05
V0322,6.29,0.86,56.7,3,469.6,65.1,0,4.76
V0323,6.68,-0.01,41.0,1,345.6,69.6,0,3.16
V0324,5.65,0.8,40.6,5,322.6,86.7,1,4.5
V0325,2.81,0.14,50.9,5,403.0,22.5,0,4.94
V0326,4.45,0.74,43.7,1,369.2,34.4,1,6.1
V0327,2.5,0.49,55.5,1,408.4,68.1,0,6.54
V0328,5.53,0.09,37.9,1,346.9,90.9,0,5.41
V0329,3.68,0.53,56.1,2,417.7,114.6,0,6.38
V0330,2.39,0.38,15.9,3,270.0,102.1,0,4.93
V0331,1.15,0.18,74.4,3,492.4,28.5,0,3.9
V0332,-0.14,-0.23,51.9,2,368.5,145.9,0,2.59
V0333,0.76,0.61,60.6,0,440.0,105.5,1,5.4
V0334,4.15,0.81,53.2,2,381.9,24.3,1,6.33
V0335,2.64,0.86,51.4,5,374.5,69.5,0,5.17
V0336,4.34,-0.07,57.5,4,415.6,64.1,0,5.26
V0337,0.73,-0.13,27.1,4,249.6,83.5,0,3.14
V0338,4.28,0.63,22.0,1,252.8,74.3,1,5.72
V0339,1.77,-0.2,64.8,0,484.0,80.9,0,5.35
V0340,3.79,0.76,29.6,4,270.2,86.9,1,5.27
V0341,-0.3,0.81,69.9,5,524.7,138.8,0,2.5
V0342,2.03,0.28,36.0,1,334.4,26.3,0,5.67
V0343,0.81,0.47,21.0,2,255.4,80.4,1,4.53
V0344,3.21,-0.3,59.5,4,422.9,144.8,0,4.97
V0345,3.53,0.12,48.2,2,356.2,42.1,1,5.58
V0346,1.43,0.13,66.4,0,444.8,114.9,1,5.69
V0347,5.83,0.44,31.8,1,263.6,21.1,1,4.71
V0348,6.99,0.56,66.8,0,443.2,100.1,0,2.61
V0349,2.73,0.5,45.9,2,391.5,108.0,1,5.83
V0350,3.72,0.4,22.6,3,262.5,142.7,0,5.47
V0351,3.11,0.47,21.5,0,322.9,60.7,0,6.44
V0352,3.56,-0.25,65.6,5,436.1,30.8,0,4.79
V0353,3.34,-0.39,58.5,0,396.5,139.8,1,5.52
V0354,4.95,0.48,34.6,0,309.4,29.3,0,5.98
V0355,5.16,0.22,22.7,1,266.1,73.8,1,5.14
V0356,4.62,0.16,57.6,2,423.8,87.1,1,5.8
V0357,6.66,0.76,43.8,5,333.4,80.3,1,2.49
V0358,1.01,0.62,16.4,1,231.3,92.1,0,4.89
V0359,4.51,0.01,39.4,0,327.3,69.4,0,5.73
V0360,4.98,-0.01,70.5,5,488.2,93.9,0,3.87
V0361,0.32,-0.18,41.3,1,289.7,143.3,0,3.69
V0362,2.91,0.71,63.7,4,422.1,60.6,1,5.48
V0363,2.99,0.35,16.0,3,191.0,123.3,0,5.27
V0364,0.14,0.46,36.5,0,335.6,112.7,1,4.12
V0365,-0.49,0.28,35.1,5,332.0,130.9,0,1.37
V0366,1.59,-0.09,74.0,0,545.9,41.0,1,4.98
V0367,4.89,0.67,72.8,2,509.6,111.6,0,5.49
V0368,-0.12,0.66,68.4,2,447.0,97.6,0,3.51
V0369,3.6,0.88,32.6,0,318.9,112.6,1,6.5
V0370,6.18,-0.33,46.6,0,371.8,45.1,1,4.34
V0371,3.86,0.75,32.4,1,304.8,104.1,1,6.12
V0372,5.45,0.19,21.7,4,272.9,62.3,0,4.43
V0373,2.2,0.85,66.5,4,439.6,118.9,0,5.33
V0374,2.09,-0.3,61.6,0,416.6,66.2,0,5.69
V0375,1.98,0.78,29.1,1,316.7,81.0,1,6.24
V0376,-0.33,0.62,65.4,4,461.3,125.4,0,2.46
V0377,2.33,0.15,69.9,3,489.7,70.5,1,5.08
V0378,6.01,0.42,56.4,0,419.2,140.3,1,4.74
V0379,5.7,0.8,18.7,4,257.6,109.3,0,3.82
V0380,1.26,-0.21,34.4,2,329.9,105.5,0,4.65
V0381,5.81,0.44,43.2,5,366.3,112.0,0,3.93
V0382,5.41,-0.03,51.4,4,430.8,63.8,1,4.75
V0383,5.57,0.68,26.8,3,238.6,113.8,1,5.12
V0384,-0.28,0.7,61.8,5,437.6,70.4,0,2.2
V0385,0.61,0.32,47.9,1,383.9,129.0,0,4.86
V0386,6.57,0.19,30.2,5,308.3,124.4,0,1.59
V0387,0.44,-0.3,67.9,1,481.1,125.5,0,3.16
V0388,6.86,-0.0,74.1,3,503.9,112.3,1,1.42
V0389,4.51,0.63,40.9,2,361.4,31.4,1,5.57
V0390,6.31,0.25,70.5,4,545.0,36.1,1,2.96
V0391,3.72,-0.2,32.8,0,283.0,70.1,0,5.76
V0392,0.46,0.38,73.9,1,487.1,121.7,1,3.78
V0393,3.08,0.68,54.2,5,427.2,61.3,0,5.49
V0394,1.4,0.39,39.7,4,343.5,91.3,1,4.47
V0395,4.61,0.58,32.7,2,336.9,131.3,0,5.81
V0396,6.69,0.88,32.8,2,287.8,125.5,0,3.27
V0397,3.69,0.58,47.3,1,392.3,103.5,0,6.36
V0398,2.75,0.19,39.5,5,302.7,147.0,1,5.12
V0399,0.82,0.57,54.9,0,420.5,59.3,1,5.81
V0400,1.02,0.77,39.1,1,332.2,128.2,0,5.5
V0401,1.21,0.43,32.2,3,294.5,126.0,0,4.5
V0402,1.06,-0.22,33.1,2,334.8,57.0,0,4.22
V0403,3.59,-0.08,37.4,2,364.1,23.2,1,5.48
V0404,3.55,0.47,23.9,4,318.0,67.1,0,4.86
V0405,5.18,0.2,20.0,3,290.9,80.2,0,4.69
V0406,2.7,0.8,20.9,4,249.8,142.1,0,5.32
V0407,2.68,0.33,38.1,2,317.7,31.7,1,5.56
V0408,1.15,0.71,65.9,5,456.7,142.5,0,4.45
V0409,6.37,-0.01,53.8,0,400.7,50.8,1,4.1
V0410,0.98,0.59,71.9,1,511.1,57.7,0,4.94
V0411,5.67,-0.13,56.9,4,443.0,132.0,0,4.12
V0412,2.65,0.28,40.5,4,307.4,75.8,0,5.14
V0413,0.69,-0.39,64.7,2,439.5,90.2,0,3.68
V0414,0.47,0.48,70.7,2,470.8,20.5,0,3.71
V0415,0.27,0.84,19.1,0,277.9,70.6,1,4.18
V0416,0.11,0.0,36.4,4,324.3,101.9,1,2.72
V0417,3.86,0.4,34.1,3,357.3,50.2,0,5.68
V0418,1.09,0.68,52.9,5,427.0,118.4,1,4.72
V0419,1.66,0.59,39.6,0,359.6,91.1,0,6.17
V0420,-0.32,-0.21,23.8,3,289.4,129.4,1,2.18
V0421,2.98,-0.22,30.7,4,279.0,133.4,0,4.76
V0422,6.11,0.42,19.9,2,259.9,108.2,1,4.18
V0423,6.96,-0.06,32.8,2,329.9,85.5,1,1.97
V0424,4.83,-0.31,30.4,2,326.7,125.8,1,4.97
V0425,0.76,0.38,36.4,3,349.5,52.7,1,4.05
V0426,1.04,-0.0,69.0,1,477.6,149.5,0,4.76
V0427,2.79,0.54,39.7,0,328.5,130.5,1,6.62
V0428,4.2,0.7,34.6,3,332.8,45.0,1,5.89
V0429,3.56,0.42,59.0,5,389.6,44.5,1,5.21
V0430,1.69,0.82,61.3,5,437.9,63.8,1,4.95
V0431,6.82,0.12,17.5,4,226.1,111.9,0,2.21
V0432,5.71,0.19,53.8,1,414.5,32.3,1,5.17
V0433,5.26,0.43,48.7,3,373.9,111.4,1,5.15
V0434,2.71,0.61,23.1,3,301.7,74.0,0,5.16
V0435,6.53,0.52,37.6,2,313.4,132.6,1,4.12
V0436,4.64,-0.38,32.4,2,317.2,80.1,1,4.82
V0437,4.63,-0.27,73.3,3,489.8,146.6,0,4.48
V0438,-0.05,-0.2,56.5,4,435.9,81.4,1,2.58
V0439,1.38,-0.08,54.8,3,381.2,52.0,1,4.55
V0440,4.9,-0.3,74.4,2,467.6,53.1,0,4.66
V0441,4.92,0.56,20.8,5,297.1,61.4,1,4.7
V0442,2.81,-0.22,66.7,2,413.8,67.3,0,5.3
V0443,5.36,0.3,29.6,4,305.1,50.2,1,4.6
V0444,5.93,-0.01,68.0,5,482.3,42.6,0,3.28
V0445,0.16,-0.27,53.2,0,404.7,73.3,0,3.39
V0446,3.92,-0.21,32.5,5,310.0,137.7,0,4.37
V0447,5.49,-0.35,38.8,1,323.6,84.0,1,4.74
V0448,4.47,0.67,25.4,4,259.6,62.5,0,5.28
V0449,1.05,0.07,17.3,1,325.9,35.4,0,3.91
V0450,3.23,0.09,53.3,2,378.3,53.3,1,5.29
V0451,5.71,0.41,31.1,4,288.1,89.5,0,4.41
V0452,3.5,-0.2,16.0,2,293.0,68.1,0,5.32
V0453,2.54,-0.13,20.3,2,256.0,28.6,1,4.71
V0454,5.24,0.45,58.4,4,451.6,26.9,1,5.1
V0455,2.96,0.9,34.7,0,308.7,84.1,0,6.65
V0456,4.72,-0.07,74.8,3,486.0,38.6,0,4.77
V0457,-0.5,0.13,16.4,0,267.1,22.0,0,2.5
V0458,4.73,-0.05,56.9,3,411.8,65.2,1,5.68
V0459,5.97,-0.11,56.5,0,394.4,118.0,0,4.52
V0460,2.76,0.46,65.4,3,484.1,60.8,0,5.68
V0461,3.64,-0.39,49.6,0,421.6,86.6,0,5.98
V0462,2.5,-0.35,34.0,3,303.2,149.5,0,4.84
V0463,-0.17,0.85,53.6,5,403.5,48.2,0,2.91
V0464,3.85,0.82,19.1,0,246.8,97.1,1,6.3
V0465,0.41,-0.02,36.5,3,329.5,131.7,0,2.52
V0466,0.99,-0.01,59.1,0,420.4,62.7,0,5.09
V0467,2.66,0.72,20.4,4,265.4,126.1,1,5.43
V0468,5.49,0.74,62.8,5,402.8,81.6,0,5.16
V0469,6.86,0.62,28.2,5,321.7,97.0,0,2.05
V0470,6.72,0.74,75.0,5,485.1,133.7,1,1.9
V0471,6.51,0.73,29.0,1,293.6,139.5,0,3.91
V0472,5.19,-0.05,17.6,3,270.1,77.0,0,4.34
V0473,4.34,-0.38,38.5,2,321.0,127.9,0,5.2
V0474,3.44,0.38,55.6,5,384.7,58.0,0,5.09
V0475,4.39,-0.39,66.3,0,488.4,119.2,0,5.61
V0476,5.22,0.27,64.7,2,414.1,137.1,1,5.41
V0477,4.57,0.24,19.8,0,273.4,66.4,0,5.49
V0478,1.36,0.72,61.2,5,470.8,41.8,0,5.24
V0479,0.41,-0.1,72.0,3,500.2,23.3,1,3.2
V0480,0.52,0.06,59.8,3,431.4,105.2,1,3.37
V0481,4.02,0.31,66.8,5,446.5,22.4,0,5.37
V0482,-0.5,-0.25,27.8,2,346.3,37.0,0,1.88
V0483,6.84,0.74,30.3,0,291.2,113.1,0,3.61
V0484,0.58,0.12,72.9,3,484.5,142.2,1,3.6
V0485,3.67,0.34,51.3,2,397.0,61.6,1,5.92
V0486,1.42,-0.1,44.7,2,365.1,34.7,0,4.33
V0487,5.88,-0.08,30.4,5,315.4,52.3,0,3.48
V0488,3.05,0.0,66.5,0,433.3,91.5,1,5.51
V0489,2.95,0.04,64.4,0,483.4,127.7,0,6.06
V0490,5.85,0.39,71.8,5,505.2,130.6,0,3.66
V0491,4.04,-0.39,28.5,3,310.8,39.5,0,4.92
V0492,0.29,0.64,50.2,5,375.7,40.6,0,3.24
V0493,2.33,0.51,72.2,0,477.6,83.4,0,6.0
V0494,5.0,0.83,39.2,5,306.5,73.3,0,5.61
V0495,1.05,0.19,66.6,4,500.3,148.6,1,3.84
V0496,3.28,0.07,64.9,3,428.2,134.9,1,5.3
V0497,5.02,0.62,22.5,4,248.1,78.2,1,5.14
V0498,6.75,0.7,62.5,5,403.3,56.2,1,2.51
V0499,4.78,0.23,35.1,0,349.7,97.2,0,6.03
V0500,-0.45,0.14,21.8,4,333.1,126.7,0,1.58
V0501,-0.28,0.86,55.8,4,419.0,144.1,0,2.57
V0502,3.24,0.26,71.4,3,438.1,50.1,1,5.37
V0503,6.46,-0.04,59.5,3,418.3,36.2,1,3.39
V0504,2.3,0.64,20.3,5,266.7,122.3,1,5.37
V0505,4.73,0.3,50.9,2,380.0,140.3,1,5.91
V0506,5.68,0.45,35.8,3,319.9,49.4,0,5.12
V0507,-0.48,0.06,63.0,2,440.2,58.1,0,1.93
V0508,6.55,0.42,56.5,0,426.5,77.7,1,4.03
V0509,0.59,0.49,21.3,1,270.1,88.3,0,4.37
V0510,6.44,0.01,44.8,3,352.3,108.4,0,3.1
V0511,4.07,0.77,67.6,5,470.0,41.9,0,5.81
V0512,3.6,0.42,64.3,2,487.5,56.0,0,6.3
V0513,0.54,0.16,46.3,4,358.1,86.3,1,3.57
V0514,3.75,0.88,35.2,1,340.9,77.1,0,6.58
V0515,3.19,-0.1,34.4,2,296.9,107.9,0,5.4
V0516,4.76,-0.35,60.8,3,488.0,143.6,1,4.96
V0517,3.37,0.77,37.1,2,345.3,32.5,1,6.05
V0518,5.49,0.03,18.6,1,275.2,26.8,1,4.97
V0519,0.0,-0.39,72.2,4,440.4,37.7,1,1.57
V0520,0.21,-0.38,41.7,4,359.6,77.9,0,2.21
V0521,6.85,0.32,54.6,2,355.0,77.9,1,3.47
V0522,0.76,-0.32,43.4,2,364.8,122.1,0,3.76
V0523,0.8,0.34,66.2,1,436.8,149.7,0,4.63
V0524,0.36,0.45,24.9,2,286.3,94.4,1,3.96
V0525,2.3,0.6,68.5,1,455.3,142.4,1,5.87
V0526,3.23,-0.23,70.0,0,506.9,96.5,0,5.73
V0527,3.96,0.58,40.2,5,398.9,117.8,0,5.58
V0528,4.9,0.37,74.6,2,445.3,62.6,0,5.16
V0529,3.81,-0.11,69.6,1,499.7,57.6,1,5.43
V0530,5.28,0.69,44.6,5,395.6,136.3,1,4.78
V0531,2.2,0.47,49.6,2,334.5,58.5,0,5.71
V0532,3.77,-0.19,47.4,3,363.1,121.2,0,5.02
V0533,0.1,0.47,59.2,1,425.1,22.4,0,4.12
V0534,5.11,-0.02,57.5,1,385.3,52.9,1,5.09
V0535,3.15,-0.07,46.8,1,368.2,57.4,1,6.17
V0536,0.35,0.4,59.2,4,421.4,79.5,1,3.35
V0537,1.7,0.65,15.7,5,246.5,70.7,0,4.35
V0538,6.66,0.79,34.3,3,369.1,25.5,1,2.95
V0539,1.92,0.89,21.4,3,268.7,149.1,0,5.57
V0540,3.44,-0.03,40.5,3,328.5,55.1,0,5.39
V0541,0.3,0.71,16.0,5,291.7,106.9,0,3.2
V0542,-0.42,-0.18,26.7,2,326.8,138.8,1,1.44
V0543,5.96,0.76,56.5,3,411.7,66.9,0,4.68
V0544,1.23,0.29,25.5,3,330.2,134.0,1,4.71
V0545,5.04,0.65,26.0,0,311.9,135.5,1,6.12
V0546,4.15,-0.28,18.8,5,236.0,82.8,0,4.92
V0547,2.57,-0.0,48.3,3,380.6,133.2,0,5.06
V0548,3.64,-0.39,54.9,3,384.7,50.3,1,5.48
V0549,2.92,0.86,60.0,4,414.2,95.5,0,5.75
V0550,5.09,0.84,67.0,2,481.2,70.6,1,5.55
V0551,3.94,-0.09,29.2,1,288.3,63.8,1,5.4
V0552,1.48,0.48,15.5,4,249.9,21.3,1,4.42
V0553,3.11,0.41,35.9,2,306.4,67.5,0,5.84
V0554,0.12,0.48,23.5,5,301.0,87.5,1,2.1
V0555,6.21,0.36,45.4,5,355.3,51.8,0,3.31
V0556,6.43,0.63,45.4,5,371.8,109.0,1,3.61
V0557,4.63,-0.11,66.6,5,414.5,75.5,1,4.6
V0558,5.46,0.24,28.2,3,277.7,30.6,0,4.89
V0559,5.52,0.03,58.5,1,421.7,132.0,0,4.99
V0560,2.9,0.74,59.4,4,413.1,134.1,0,5.92
V0561,0.48,0.08,55.7,0,419.2,120.2,1,4.65
V0562,1.61,-0.27,38.0,4,356.1,38.0,0,3.77
V0563,1.25,0.26,60.6,0,418.9,25.0,0,5.69
V0564,2.12,-0.08,50.2,2,384.8,94.5,0,5.05
V0565,0.57,0.3,64.1,0,493.8,126.3,1,4.61
V0566,5.05,0.13,59.2,3,410.1,102.1,1,5.82
V0567,6.72,0.48,41.3,5,372.9,46.8,0,2.81
V0568,2.88,0.69,65.2,0,472.2,128.4,0,6.58
V0569,3.23,0.71,67.1,0,455.2,146.6,1,6.92
V0570,5.69,0.24,51.9,1,367.9,96.9,0,5.35
V0571,0.46,0.53,71.7,5,476.0,133.4,0,2.56
V0572,2.61,-0.35,66.3,1,517.0,74.2,0,5.1
V0573,-0.11,0.75,55.5,0,380.4,135.6,0,4.11
V0574,6.05,-0.24,20.1,5,245.9,94.4,1,3.13
V0575,2.4,0.58,60.6,5,476.2,60.0,0,4.79
V0576,4.42,0.58,56.5,5,410.6,58.5,1,5.47
V0577,3.39,-0.24,55.5,1,408.9,87.1,0,5.49
V0578,3.28,-0.24,48.3,3,371.8,115.0,1,5.37
V0579,1.05,-0.33,50.5,2,398.6,75.4,0,4.33
V0580,4.07,0.16,40.0,5,348.0,111.5,0,4.73
V0581,1.87,0.09,73.4,5,503.0,65.7,1,4.06
V0582,2.22,0.52,73.0,0,441.5,26.3,0,6.01
V0583,0.0,-0.01,70.3,1,506.5,103.8,0,3.16
V0584,6.23,0.27,63.9,2,445.8,54.0,0,4.3
V0585,0.57,0.59,55.9,0,403.8,72.7,0,5.18
V0586,3.49,-0.2,65.0,0,502.8,118.6,1,6.25
V0587,5.45,-0.01,32.4,5,329.2,132.9,1,3.92
V0588,4.4,-0.16,41.6,5,340.4,61.1,1,4.56
V0589,-0.23,0.46,18.4,3,231.8,145.8,1,2.34
V0590,5.85,-0.05,38.0,5,354.2,134.2,1,3.45
V0591,4.4,0.83,66.5,5,467.5,56.0,0,5.14
V0592,5.39,-0.33,73.7,1,471.4,78.2,1,4.57
V0593,1.8,-0.38,46.3,3,358.0,148.6,0,4.33
V0594,3.53,0.57,63.0,5,483.3,138.3,0,5.58
V0595,3.13,-0.04,74.0,0,524.9,24.9,0,5.89
V0596,1.4,-0.15,46.9,4,407.3,106.1,0,4.44
V0597,3.12,0.29,35.9,5,299.5,49.0,0,5.12
V0598,2.54,-0.1,65.7,5,423.5,133.7,0,4.86
V0599,0.64,0.37,50.9,0,371.9,144.2,0,4.82
V0600,2.71,0.31,73.2,4,506.3,50.4,1,5.09
V0601,4.62,0.02,53.4,5,364.8,36.4,0,4.94
V0602,2.45,0.13,38.5,4,286.7,64.8,0,4.96
V0603,5.66,0.59,23.9,2,303.3,116.2,1,5.19
V0604,1.76,0.17,21.1,0,293.0,87.3,0,5.21
V0605,0.12,0.86,72.9,2,505.7,34.1,0,4.02
V0606,5.06,0.16,45.0,5,353.6,87.0,0,4.81
V0607,0.01,0.28,38.9,5,356.6,116.9,1,2.33
V0608,6.14,0.26,41.2,5,377.8,106.1,0,2.96
V0609,4.34,0.45,67.3,3,421.6,78.0,0,5.59
V0610,0.07,0.7,17.8,0,259.8,73.5,1,3.81
V0611,6.67,-0.12,61.8,4,424.2,94.3,0,1.98
V0612,0.57,0.3,20.3,3,253.3,67.5,0,4.38
V0613,5.55,0.23,28.2,3,317.6,79.7,0,4.57
V0614,2.9,-0.2,22.1,2,290.4,118.7,0,4.92
V0615,4.67,-0.4,32.1,0,340.4,59.8,0,5.32
V0616,5.73,0.58,31.9,3,343.0,73.8,0,4.5
V0617,4.85,0.02,37.9,4,352.5,119.1,0,4.84
V0618,5.91,-0.05,22.4,1,251.4,78.5,0,3.36
V0619,4.22,0.18,72.3,5,492.1,36.0,0,4.98
V0620,2.63,-0.21,29.9,0,327.6,148.8,1,5.78
V0621,3.94,0.86,23.3,0,251.2,95.6,0,6.79
V0622,3.57,0.28,15.4,5,229.9,24.5,0,4.84
V0623,2.95,0.3,64.9,0,468.6,107.1,0,6.54
V0624,6.92,0.76,39.8,1,330.8,107.9,0,2.59
V0625,0.18,-0.34,67.8,2,429.1,60.5,1,2.86
V0626,5.35,0.4,60.9,0,455.5,72.3,1,5.7
V0627,0.72,0.32,39.2,5,358.6,137.7,1,4.28
V0628,1.42,-0.32,59.5,1,410.5,44.7,0,5.27
V0629,-0.09,0.73,21.2,0,251.6,81.1,0,3.76
V0630,4.55,0.58,42.5,5,410.3,60.2,1,5.25
V0631,3.71,0.05,48.5,5,379.2,114.9,1,4.85
V0632,1.5,0.67,22.3,1,228.0,131.0,0,5.55
V0633,4.19,0.53,39.3,5,343.0,135.8,0,5.26
V0634,0.04,0.03,59.0,3,429.6,130.8,1,2.81
V0635,3.35,-0.38,72.9,0,482.0,115.0,0,5.18
V0636,5.06,0.23,74.6,1,503.6,49.6,1,5.34
V0637,1.98,-0.2,64.3,5,473.0,113.5,0,4.6
V0638,3.14,0.41,23.9,0,289.2,72.0,0,6.45
V0639,0.3,0.61,58.7,5,435.5,143.1,0,3.17
V0640,-0.13,0.12,37.1,4,336.2,81.2,1,2.15
V0641,0.79,0.47,37.8,3,290.8,49.2,0,4.4
V0642,4.62,0.89,33.0,2,312.4,30.2,0,5.92
V0643,-0.37,-0.24,50.4,2,358.0,42.6,1,1.95
V0644,6.22,0.04,40.0,4,322.6,69.8,0,3.19
V0645,6.81,-0.29,31.4,1,346.9,99.1,0,2.29
V0646,5.31,0.75,60.8,4,473.3,115.5,0,5.57
V0647,5.12,0.15,74.2,2,498.4,133.4,1,4.51
V0648,0.74,-0.27,72.1,2,507.8,119.7,0,4.14
V0649,4.14,0.04,58.1,3,441.3,47.4,1,5.41
V0650,6.2,-0.19,42.3,0,395.8,112.8,1,3.63
V0651,6.95,-0.28,66.6,0,450.0,90.7,0,2.94
V0652,0.6,0.41,25.9,4,266.1,23.1,1,3.32
V0653,1.01,0.55,25.3,1,292.3,28.2,0,5.15
V0654,1.26,0.1,50.7,0,391.2,148.7,0,5.1
V0655,5.49,0.5,24.9,3,259.8,140.4,1,5.14
V0656,6.67,0.64,53.5,1,425.0,63.5,0,3.97
V0657,3.17,0.1,22.6,2,265.5,76.3,1,5.38
V0658,1.24,-0.2,46.1,5,393.4,112.2,0,3.84
V0659,5.88,0.73,15.6,5,248.3,35.3,1,3.87
V0660,4.45,0.82,69.7,5,500.0,92.8,1,5.61
V0661,6.51,-0.01,16.8,2,277.0,29.0,1,2.36
V0662,0.31,0.67,56.4,3,404.9,116.7,1,4.25
V0663,2.64,0.05,32.5,3,318.2,132.9,0,5.18
V0664,6.33,0.59,23.0,5,252.9,62.0,0,3.03
V0665,4.66,-0.22,65.2,0,446.9,49.4,0,5.53
V0666,4.75,0.9,39.5,1,364.7,56.9,0,6.44
V0667,0.38,0.8,65.0,2,471.9,75.4,1,4.44
V0668,-0.19,-0.16,43.7,5,333.4,117.1,1,2.21
V0669,0.02,0.68,46.5,2,360.4,35.6,0,3.96
V0670,3.2,0.5,46.9,5,365.8,22.1,1,5.79
V0671,3.34,0.3,46.4,2,382.1,76.8,0,5.94
V0672,0.06,0.34,53.2,4,383.3,137.7,0,2.55
V0673,-0.43,-0.32,55.5,3,371.6,121.5,1,1.68
V0674,0.8,-0.25,46.3,1,395.0,77.6,0,4.27
V0675,5.55,0.67,71.1,5,462.8,119.0,1,4.37
V0676,0.45,0.8,22.3,3,325.3,125.8,0,3.48
V0677,3.2,0.2,49.5,2,380.0,48.7,1,5.44
V0678,0.1,-0.18,23.4,3,270.9,93.2,0,2.59
V0679,3.45,-0.26,17.4,1,255.0,148.5,0,4.97
V0680,6.27,0.75,25.2,2,295.0,122.0,1,3.93
V0681,2.09,-0.28,36.5,1,339.1,21.7,1,5.42
V0682,-0.09,-0.28,45.8,1,334.8,34.8,0,3.28
V0683,5.56,0.56,72.5,3,483.2,137.1,0,5.09
V0684,-0.11,0.75,54.2,2,365.7,88.7,1,3.14
V0685,2.03,0.68,68.0,5,471.8,134.8,0,4.93
V0686,6.16,-0.06,70.6,1,479.9,82.3,1,3.81
V0687,-0.01,-0.16,49.7,2,401.4,123.1,0,2.61
V0688,1.8,0.84,58.8,0,443.2,145.5,1,6.49
V0689,6.34,-0.18,74.2,1,491.7,122.6,0,2.76
V0690,2.94,-0.31,69.6,0,459.2,45.6,0,5.3
V0691,6.65,0.52,71.5,4,498.6,26.0,1,2.67
V0692,4.77,0.13,62.9,2,461.4,146.0,0,5.33
V0693,1.58,-0.31,35.7,5,323.6,65.8,0,3.93
V0694,1.61,0.43,62.4,3,473.3,78.8,0,5.27
V0695,0.54,0.33,72.9,0,497.4,24.5,1,4.43
V0696,4.68,0.4,73.2,5,445.0,110.5,1,4.88
V0697,6.03,-0.29,52.2,5,347.2,139.0,1,2.97
V0698,5.18,0.71,56.9,3,409.6,52.9,1,5.72
V0699,0.03,-0.07,46.4,5,334.6,126.6,1,2.51
V0700,1.27,0.65,72.8,5,467.6,142.9,1,4.25
V0701,1.67,0.15,18.4,3,225.9,78.3,0,4.88
V0702,1.99,0.03,67.1,2,457.4,61.1,0,4.91
V0703,4.48,0.82,47.7,4,393.8,104.8,0,5.89
V0704,1.15,0.22,51.2,3,381.8,59.0,1,4.39
V0705,2.36,0.15,48.3,4,388.8,28.5,0,4.83
V0706,5.35,0.13,22.8,4,294.4,39.9,1,4.25
V0707,0.08,0.73,68.1,5,493.9,112.9,0,3.2
V0708,5.0,-0.26,30.1,0,293.7,59.0,0,5.31
V0709,4.54,0.01,18.5,4,299.2,107.2,0,4.51
V0710,6.09,-0.01,63.5,4,453.0,48.5,0,3.68
V0711,-0.41,0.45,17.6,5,238.6,125.7,1,1.4
V0712,3.85,0.23,31.3,5,263.7,93.1,0,5.16
V0713,4.7,0.35,41.3,2,413.1,114.2,0,5.71
V0714,4.44,-0.09,39.6,2,369.0,106.6,0,5.49
V0715,6.34,-0.07,73.1,5,486.6,108.1,1,2.49
V0716,3.36,0.37,28.8,1,304.0,26.3,0,6.03
V0717,5.3,-0.13,54.0,4,418.5,96.5,1,4.11
V0718,5.9,0.28,18.6,5,274.8,27.2,0,3.43
V0719,1.79,0.41,50.0,3,435.7,147.9,0,5.34
V0720,2.38,0.2,59.6,1,439.5,88.1,0,6.21
V0721,-0.31,0.39,22.1,4,297.9,75.2,0,2.07
V0722,3.21,0.15,56.1,1,436.7,133.1,1,6.48
V0723,-0.2,-0.35,70.3,4,444.8,105.6,0,1.78
V0724,3.98,0.29,29.2,3,325.9,82.1,0,5.53
V0725,0.17,-0.22,47.5,2,378.2,125.5,0,3.0
V0726,0.39,0.43,35.5,0,370.9,110.9,1,3.91
V0727,-0.35,0.53,26.9,5,271.8,130.9,0,1.49
V0728,0.45,-0.38,34.5,2,324.0,82.8,0,3.03
V0729,6.3,0.76,19.7,3,295.7,66.0,1,3.66
V0730,-0.44,0.8,73.9,1,518.9,37.2,1,2.27
V0731,-0.2,0.07,29.2,5,312.2,101.5,0,1.32
V0732,-0.44,0.86,45.6,4,370.6,104.0,0,2.75
V0733,2.82,0.42,55.7,2,436.8,29.8,1,6.14
V0734,6.15,-0.01,23.4,0,277.0,140.1,1,3.82
V0735,3.96,-0.02,70.5,4,432.0,103.8,1,5.02
V0736,-0.11,0.4,45.6,1,363.3,72.2,1,3.56
V0737,6.85,0.48,51.8,5,450.4,30.2,0,2.92
V0738,5.37,-0.11,70.2,1,404.8,121.3,1,5.08
V0739,0.15,0.06,21.0,4,271.0,57.2,1,2.52
V0740,-0.24,0.6,20.2,0,218.7,132.6,0,3.1
V0741,5.22,0.73,22.6,5,262.1,110.3,0,4.45
V0742,1.65,-0.36,71.0,0,472.5,138.1,0,5.19
V0743,4.52,-0.17,56.7,5,433.3,114.0,0,4.66
V0744,3.43,-0.18,25.2,2,329.3,89.4,0,5.42
V0745,2.0,0.12,18.6,5,272.1,84.6,1,4.27
V0746,1.53,-0.37,30.4,4,279.9,137.6,1,3.88
V0747,1.23,0.08,43.3,0,388.7,102.6,1,4.98
V0748,0.28,0.33,26.9,4,283.3,108.0,1,2.68
V0749,5.31,-0.19,44.5,0,399.8,83.0,0,5.41
V0750,0.07,0.03,63.5,4,446.1,76.9,1,2.76
V0751,3.32,0.33,73.4,2,479.1,36.0,0,5.23
V0752,4.64,-0.26,38.0,2,294.7,76.8,0,4.75
V0753,2.99,0.11,36.2,0,331.5,141.9,1,5.86
V0754,0.87,0.04,54.7,5,427.8,30.4,0,3.82
V0755,0.93,0.4,35.7,0,324.2,84.0,0,4.93
V0756,4.54,0.48,24.6,1,280.6,79.4,1,6.08
V0757,0.61,-0.14,23.5,1,283.6,133.3,1,3.82
V0758,2.14,0.26,21.8,4,296.4,39.4,1,4.69
V0759,0.99,-0.0,60.2,2,500.1,120.5,0,4.53
V0760,2.78,0.16,41.1,3,331.8,32.9,1,5.51
V0761,5.31,0.84,61.5,1,436.3,20.2,1,5.72
V0762,2.53,0.66,19.1,3,274.7,88.1,0,5.24
V0763,6.6,0.8,37.1,5,329.8,101.0,1,3.26
V0764,3.23,0.4,32.9,2,288.3,126.8,1,6.28
V0765,3.68,-0.22,26.0,5,262.7,39.2,1,4.24
V0766,6.83,0.36,41.1,0,339.2,119.8,1,3.51
V0767,-0.02,-0.06,37.9,2,337.9,56.1,0,2.79
V0768,6.6,-0.22,27.4,0,295.3,76.4,0,2.91
V0769,1.7,-0.36,72.3,0,467.4,55.6,1,4.98
V0770,5.24,0.03,21.5,3,260.4,90.8,0,4.55
V0771,3.13,0.66,66.1,1,467.9,140.8,0,6.28
V0772,6.0,0.38,44.1,2,362.2,47.2,0,4.17
V0773,3.83,-0.0,61.7,3,459.6,77.3,0,5.26
V0774,4.32,0.88,74.3,2,490.0,117.3,0,5.77
V0775,0.46,-0.1,22.6,1,285.3,72.4,0,3.19
V0776,-0.16,0.04,59.7,2,437.3,80.6,0,2.59
V0777,6.33,0.33,61.5,5,420.9,37.0,1,3.4
V0778,6.08,0.42,49.8,1,430.0,76.5,1,4.95
V0779,3.74,0.19,63.1,5,412.1,58.1,1,4.87
V0780,6.31,-0.17,39.0,4,375.1,46.3,0,2.72
V0781,5.04,-0.38,67.0,0,444.9,133.4,1,5.51
V0782,6.78,-0.23,28.0,3,269.5,102.8,0,1.99
V0783,0.78,0.25,45.7,1,376.4,114.3,0,4.64
V0784,2.64,0.38,36.5,1,296.8,26.5,1,5.53
V0785,4.5,0.27,52.0,5,405.2,128.4,1,5.11
V0786,5.49,-0.03,44.4,3,382.9,58.4,0,4.49
V0787,3.5,0.79,18.7,1,201.0,121.1,0,6.32
V0788,0.78,-0.16,53.8,1,387.8,34.7,0,4.53
V0789,2.0,0.5,21.7,1,247.9,27.1,0,5.69
V0790,5.82,-0.25,71.1,4,496.3,50.1,0,3.04
V0791,2.13,0.15,50.5,3,391.4,46.2,0,5.28
V0792,0.7,0.81,55.2,2,356.6,80.0,0,4.58
V0793,2.84,0.06,66.2,2,436.0,144.8,1,5.0
V0794,5.2,0.84,66.3,0,441.1,32.3,0,6.1
V0795,3.28,0.62,41.3,3,353.1,123.4,0,6.12
V0796,4.98,0.89,20.4,0,268.4,107.6,1,6.25
V0797,3.77,0.87,20.6,5,249.9,79.5,1,5.17
V0798,4.69,0.04,16.7,3,253.1,143.4,1,4.73
V0799,6.22,0.1,31.0,2,295.9,106.4,0,3.77
V0800,6.14,-0.17,51.2,2,402.3,42.9,0,3.8
V0801,1.89,-0.26,70.5,3,492.5,71.1,0,4.52
V0802,4.33,0.2,59.2,0,463.4,140.8,0,6.99
V0803,3.17,0.53,58.6,0,423.7,136.7,0,6.55
V0804,6.15,-0.28,38.6,5,341.6,25.2,1,2.22
V0805,6.11,-0.29,28.8,1,314.2,78.5,1,3.48
V0806,0.18,-0.4,44.2,0,354.6,114.3,0,3.16
V0807,0.97,0.62,45.5,1,377.8,78.5,1,5.33
V0808,3.89,-0.29,41.6,1,415.9,116.0,0,5.41
V0809,1.55,-0.29,46.7,5,396.8,119.3,1,4.02
V0810,5.1,0.25,32.6,3,315.4,113.6,0,5.14
V0811,-0.24,-0.34,40.8,0,358.7,80.1,1,2.57
V0812,2.59,0.13,34.7,2,293.3,21.8,1,5.54
V0813,2.91,-0.25,36.0,0,357.7,35.7,1,5.5
V0814,3.08,-0.24,32.1,3,321.1,122.0,1,5.21
V0815,3.57,0.8,57.1,5,405.7,136.8,0,5.46
V0816,1.62,0.43,30.8,4,284.8,22.7,0,5.11
V0817,6.57,-0.14,17.5,2,233.3,86.7,0,2.73
V0818,4.76,0.51,74.7,4,497.9,132.3,0,4.92
V0819,4.24,0.75,59.9,5,415.8,128.3,0,5.63
V0820,6.15,0.11,21.5,0,279.9,143.2,0,4.29
V0821,6.58,0.89,18.3,0,267.8,34.6,1,3.89
V0822,6.89,0.62,49.0,0,377.7,124.7,0,3.83
V0823,6.6,0.53,25.8,5,268.9,77.7,0,2.97
V0824,5.43,-0.04,19.6,1,332.5,31.9,0,5.12
V0825,-0.48,0.16,32.7,4,313.9,87.5,0,1.84
V0826,6.67,-0.05,22.5,4,288.1,20.5,0,1.92
V0827,2.4,0.08,27.7,4,303.9,90.9,1,5.04
V0828,0.69,0.56,53.5,4,393.4,129.7,0,4.02
V0829,1.5,-0.01,63.8,1,450.0,79.0,1,5.4
V0830,0.21,-0.36,70.1,4,469.3,145.3,1,2.16
V0831,2.83,0.76,43.2,0,380.1,144.4,0,6.58
V0832,3.08,-0.26,66.3,4,473.1,54.8,1,4.93
V0833,1.34,0.45,71.0,5,554.1,98.1,1,3.83
V0834,6.12,0.76,34.8,2,310.9,53.6,1,4.06
V0835,0.34,0.58,54.1,2,434.4,60.8,1,4.52
V0836,1.66,0.78,28.2,5,294.5,39.4,0,4.43
V0837,0.18,0.16,39.3,4,327.3,115.1,0,2.92
V0838,3.4,-0.35,68.8,1,458.8,35.4,0,5.79
V0839,0.82,0.71,51.9,1,344.5,99.6,1,5.14
V0840,3.08,0.01,71.5,5,502.4,21.0,0,4.65
V0841,1.82,0.3,66.3,1,450.0,100.9,0,5.14
V0842,1.05,0.67,37.5,0,388.1,128.4,0,5.55
V0843,1.08,-0.13,45.3,2,341.0,116.9,0,4.27
V0844,0.08,-0.2,19.8,4,270.7,67.3,0,2.17
V0845,3.53,-0.16,45.6,5,342.0,99.6,1,5.06
V0846,-0.35,0.48,74.0,2,544.5,112.2,0,2.67
V0847,6.92,-0.34,24.2,5,264.7,86.4,1,1.15
V0848,6.17,-0.04,27.5,1,289.5,140.7,0,4.37
V0849,0.53,-0.14,62.2,1,468.7,132.3,1,4.09
V0850,4.57,0.19,52.9,2,385.6,45.3,1,6.29
V0851,6.54,0.23,28.2,2,286.7,127.0,0,3.1
V0852,6.08,-0.19,49.6,1,390.6,28.5,1,4.95
V0853,0.93,0.21,71.9,4,448.5,99.0,0,3.96
V0854,6.57,0.81,73.5,1,486.7,37.0,0,3.75
V0855,1.43,0.82,51.5,0,385.7,20.6,1,5.86
V0856,5.91,-0.01,36.4,5,361.3,73.1,0,3.8
V0857,5.89,0.74,45.0,4,373.3,86.9,0,4.54
V0858,4.8,-0.21,39.6,3,340.6,143.0,1,4.66
V0859,6.65,0.03,68.8,4,445.5,102.9,1,1.91
V0860,6.79,-0.36,47.6,2,375.7,114.0,0,2.27
V0861,4.8,0.78,45.0,0,373.3,93.8,1,6.36
V0862,1.49,0.19,47.4,4,360.4,66.3,1,4.59
V0863,0.45,0.13,65.0,3,487.8,119.8,1,3.21
V0864,2.19,-0.38,43.2,3,344.7,27.7,0,4.84
V0865,-0.01,0.61,55.6,2,445.2,41.8,0,3.99
V0866,2.82,-0.36,47.1,3,339.0,82.6,1,4.86
V0867,0.61,0.78,20.9,3,292.2,86.6,0,4.07
V0868,-0.02,-0.09,43.8,2,342.1,55.2,1,3.05
V0869,1.01,-0.23,37.8,0,373.2,87.7,1,4.74
V0870,0.43,0.7,61.0,3,404.4,91.0,1,4.25
V0871,5.68,0.61,59.8,1,387.8,92.2,0,5.08
V0872,5.4,-0.32,18.6,5,263.4,79.3,1,3.41
V0873,6.42,0.7,24.0,3,283.1,53.8,1,3.86
V0874,1.45,0.78,35.3,5,331.6,85.2,1,4.32
V0875,0.42,-0.23,41.8,0,366.8,120.4,0,3.79
V0876,0.46,-0.32,62.6,4,419.7,141.0,1,2.91
V0877,6.56,0.88,63.8,5,477.0,39.9,0,3.31
V0878,3.44,-0.07,32.7,1,342.0,99.8,0,5.53
V0879,5.72,0.68,40.6,5,314.1,71.8,1,4.42
V0880,1.6,0.12,22.6,0,277.0,114.0,1,5.03
V0881,6.68,0.79,68.0,1,469.3,28.1,0,3.61
V0882,6.13,0.59,65.1,5,434.9,50.9,0,3.64
V0883,0.76,-0.25,60.3,0,431.4,75.7,1,4.58
V0884,6.39,0.42,60.5,2,437.3,39.3,0,3.67
V0885,0.91,0.3,67.2,5,495.4,134.4,0,3.92
V0886,5.69,0.51,42.2,5,350.6,139.0,1,4.73
V0887,0.23,0.71,46.1,3,357.6,117.7,0,3.66
V0888,3.47,0.66,44.3,5,377.2,114.4,1,5.32
V0889,2.79,0.08,53.4,2,386.6,83.1,0,5.79
V0890,4.79,0.82,23.1,4,247.5,60.5,0,5.44
V0891,1.72,0.79,68.4,5,440.2,124.1,0,4.91
V0892,0.79,-0.07,22.0,0,248.4,126.4,0,4.26
V0893,6.22,-0.29,58.8,0,454.5,51.1,0,4.39
V0894,6.51,0.09,26.1,5,267.0,132.2,0,2.41
V0895,5.76,-0.17,36.4,4,278.2,43.9,0,4.12
V0896,4.53,-0.2,46.6,3,407.0,149.0,1,4.98
V0897,0.82,0.68,19.5,1,281.5,140.2,0,4.44
V0898,1.37,0.35,28.2,0,265.1,26.8,1,5.41
V0899,2.79,0.63,69.8,3,473.5,53.8,0,5.44
V0900,2.58,-0.24,74.5,2,502.7,24.2,0,4.8
V0901,3.62,0.2,61.4,2,472.6,118.0,0,5.97
V0902,2.51,0.2,18.1,0,284.8,128.7,1,5.72
V0903,0.5,0.73,56.3,1,381.3,47.7,0,4.69
V0904,1.62,0.87,42.4,1,347.0,130.5,0,6.06
V0905,2.37,-0.22,51.2,5,414.9,53.2,1,4.11
V0906,6.25,0.75,24.7,1,287.6,20.6,1,4.53
V0907,2.17,0.41,18.7,4,281.2,69.8,0,4.72
V0908,5.21,0.7,66.2,0,473.4,45.9,1,6.07
V0909,5.38,0.1,37.1,1,357.9,61.6,0,5.51
V0910,3.43,0.84,64.0,0,455.9,124.5,1,6.64
V0911,-0.13,0.01,75.0,3,507.4,138.7,1,2.04
V0912,0.37,-0.32,64.7,0,424.5,58.7,0,4.16
V0913,-0.23,0.06,60.8,1,422.6,96.7,0,3.15
V0914,4.79,0.5,24.8,2,290.5,67.6,0,4.99
V0915,3.59,-0.26,30.7,5,311.4,146.1,1,4.34
V0916,1.67,-0.03,60.6,1,439.4,81.5,0,5.22
V0917,0.63,0.48,62.8,1,427.8,25.9,0,5.17
V0918,2.28,-0.31,31.3,3,296.2,117.9,0,5.23
V0919,6.71,0.42,69.1,5,469.4,119.2,0,2.78
V0920,6.15,0.15,17.4,3,241.0,51.2,0,3.79
V0921,4.41,0.28,35.7,2,298.0,62.6,1,5.43
V0922,-0.31,-0.39,71.4,1,444.0,122.4,0,1.37
V0923,4.24,-0.36,27.3,0,309.5,115.0,1,5.22
V0924,2.21,0.62,66.6,5,465.1,81.4,0,4.7
V0925,4.51,-0.32,26.9,2,301.8,113.5,0,4.87
V0926,2.72,0.23,29.2,0,258.9,43.4,1,5.89
V0927,2.95,0.81,25.0,0,290.8,114.5,0,6.65
V0928,1.87,-0.05,20.0,4,278.3,95.6,0,4.1
V0929,4.66,0.12,52.0,4,414.4,78.9,1,5.0
V0930,-0.03,0.36,59.1,0,480.8,71.4,0,4.39
V0931,-0.27,0.88,26.7,4,272.7,36.4,1,2.19
V0932,5.37,0.15,58.9,2,427.0,123.2,0,4.99
V0933,2.45,0.18,34.1,4,310.8,133.2,0,4.6
V0934,6.76,0.44,22.2,1,272.1,63.4,0,3.15
V0935,3.88,0.14,34.4,0,335.5,50.1,0,5.91
V0936,1.84,0.89,74.3,3,493.2,24.4,0,5.4
V0937,2.3,0.89,70.6,3,505.9,138.9,0,5.5
V0938,5.17,0.57,20.4,5,216.8,126.8,0,4.91
V0939,0.16,0.1,69.2,4,461.8,85.1,0,3.0
V0940,1.56,-0.01,35.9,3,340.9,68.5,0,4.26
V0941,1.73,0.35,67.7,0,464.9,92.1,0,5.81
V0942,-0.42,-0.1,58.2,1,423.1,94.0,0,2.2
V0943,0.85,0.28,28.0,4,336.9,90.0,0,3.61
V0944,-0.13,0.58,44.9,2,369.4,90.4,0,3.61
V0945,6.2,0.61,61.7,0,450.1,83.5,0,5.14
V0946,3.85,0.67,36.1,1,335.9,60.6,0,6.22
V0947,6.93,0.76,59.4,0,466.6,93.0,1,3.92
V0948,2.5,-0.32,41.0,0,412.8,35.0,0,5.5
V0949,0.15,0.21,66.5,0,474.8,130.4,0,3.25
V0950,3.1,0.09,26.9,0,319.9,42.4,0,6.1
V0951,4.85,0.7,23.5,1,314.6,74.5,1,5.77
V0952,5.03,-0.22,48.9,2,402.1,72.6,0,5.04
V0953,3.8,-0.29,62.8,5,433.3,45.7,0,4.9
V0954,0.96,-0.31,41.6,0,342.7,95.5,0,5.07
V0955,1.52,-0.14,20.8,2,278.6,145.7,0,4.38
V0956,0.12,-0.0,58.3,4,440.4,90.6,0,2.9
V0957,2.7,-0.25,38.2,1,392.9,26.2,0,5.66
V0958,0.98,0.38,16.0,5,223.0,111.8,1,3.76
V0959,-0.39,-0.08,50.8,2,397.0,71.0,1,1.96
V0960,4.06,0.19,21.4,2,276.2,49.4,0,5.0
V0961,3.11,0.89,30.1,3,316.6,44.2,1,5.85
V0962,0.66,0.88,61.8,3,429.1,130.0,1,4.35
V0963,0.04,-0.03,40.7,2,361.2,29.0,0,3.2
V0964,4.19,0.21,25.8,4,315.5,55.8,1,5.02
V0965,0.81,0.47,52.8,5,416.9,85.4,1,4.11
V0966,1.82,0.78,17.5,3,224.9,82.6,1,4.81
V0967,5.74,0.69,65.7,5,467.6,146.2,0,4.33
V0968,3.43,-0.08,66.0,3,458.3,110.9,1,5.64
V0969,0.06,0.68,19.6,0,293.8,144.9,1,3.65
V0970,6.87,0.6,34.3,4,341.9,25.8,0,2.85
V0971,6.26,-0.16,22.7,0,273.6,35.1,0,3.93
V0972,4.34,0.4,25.3,5,279.0,96.5,1,4.52
V0973,1.43,-0.19,70.2,5,488.3,115.1,0,3.86
V0974,3.4,0.41,30.5,5,329.7,76.6,0,5.58
V0975,-0.2,-0.29,33.8,1,267.1,29.7,0,2.2
V0976,6.85,0.45,62.0,2,416.7,99.1,0,2.84
V0977,6.63,-0.29,68.5,5,433.1,94.5,0,1.2
V0978,6.6,-0.03,52.8,5,403.1,72.7,0,2.77
V0979,0.79,0.17,19.0,3,247.3,103.4,0,3.68
V0980,1.4,0.64,39.7,2,306.0,141.4,1,5.24
V0981,6.94,0.08,28.8,3,333.8,102.7,0,1.63
V0982,2.86,0.1,55.0,1,426.7,51.4,1,5.95
V0983,1.7,-0.29,30.6,4,299.7,117.7,0,4.65
V0984,0.69,-0.2,39.8,2,349.0,81.6,0,3.44
V0985,5.76,0.03,27.6,2,316.0,127.7,0,4.22
V0986,2.03,0.1,31.5,3,299.1,49.7,1,4.74
V0987,1.34,-0.06,35.7,4,352.1,93.5,0,4.14
V0988,4.92,0.85,29.0,1,311.4,22.5,0,6.03
V0989,1.17,0.65,22.3,2,255.1,39.0,1,5.13
V0990,-0.23,-0.29,31.5,4,298.4,116.7,0,1.51
V0991,2.53,-0.09,17.0,3,261.5,90.6,0,4.53
V0992,1.36,0.2,71.8,5,477.4,146.4,1,3.98
V0993,5.83,-0.22,58.7,1,402.9,22.7,0,5.11
V0994,6.18,0.09,39.7,0,338.7,148.4,0,4.01
V0995,5.38,0.26,55.4,0,385.6,28.8,0,6.26
V0996,6.81,-0.38,72.8,4,507.1,117.0,1,0.96
V0997,4.5,0.52,55.9,4,361.6,22.1,1,5.62
V0998,5.89,0.17,52.7,0,368.2,135.2,1,4.96
V0999,2.64,-0.15,30.5,4,254.3,141.6,0,4.86
V1000,4.84,0.04,70.4,2,473.7,77.9,0,5.15
